anio,provincia,nivel,edad,tasa_escolarizacion,gasto_educativo_pib,tasa_abandono
2017,Costa,Secundaria,17,96.38,4.68,11.73
2017,Oeste,Secundaria,15,97.75,4.74,11.29
2010,Centro,Secundaria,14,87.81,2.94,19.55
2022,Costa,Secundaria,17,100.0,6.08,7.33
2015,Oeste,Primaria,10,95.59,4.45,11.28
2018,Centro,Secundaria,12,100.0,5.22,10.28
2013,Costa,Secundaria,13,90.29,3.58,16.71
2014,Sur,Primaria,7,94.02,3.96,14.05
2018,Norte,Secundaria,12,99.44,5.01,11.48
2019,Sur,Primaria,6,99.47,5.15,10.58
2016,Sur,Secundaria,13,94.62,4.43,11.8
2014,Costa,Primaria,8,92.74,4.09,13.65
2010,Costa,Primaria,6,88.76,3.06,18.1
2017,Norte,Primaria,6,98.0,4.76,10.78
2010,Este,Primaria,11,90.3,3.07,16.78
2011,Centro,Primaria,6,90.31,3.36,16.34
2013,Norte,Secundaria,15,93.67,3.99,13.75
2017,Centro,Secundaria,12,97.35,4.73,11.83
2010,Norte,Secundaria,17,86.79,3.06,18.99
2016,Este,Secundaria,17,95.83,4.45,14.12
2017,Centro,Primaria,7,99.3,4.85,10.15
2019,Sur,Secundaria,14,100.0,5.03,10.86
2022,Este,Primaria,7,100.0,5.95,6.28
2017,Sur,Primaria,8,95.83,4.69,11.09
2013,Centro,Secundaria,12,92.6,3.8,16.37
2018,Sur,Primaria,9,98.14,4.88,9.97
2022,Costa,Primaria,6,100.0,5.99,6.3
2020,Este,Secundaria,14,100.0,5.48,9.82
2014,Este,Primaria,7,93.11,3.95,14.56
2011,Oeste,Secundaria,16,86.67,3.2,16.92
2016,Oeste,Primaria,7,96.81,4.47,11.89
2020,Oeste,Secundaria,12,100.0,5.5,9.24
2018,Oeste,Primaria,11,98.73,4.83,10.62
2018,Costa,Secundaria,15,98.5,4.96,10.51
2013,Centro,Secundaria,15,94.72,3.94,14.64
2019,Centro,Primaria,11,100.0,5.23,8.47
2018,Centro,Primaria,7,100.0,5.11,10.19
2015,Oeste,Primaria,8,96.19,4.18,12.83
2019,Este,Secundaria,14,100.0,5.36,9.76
2011,Costa,Primaria,8,89.62,3.35,16.96
2012,Este,Secundaria,15,89.8,3.54,17.41
2022,Sur,Primaria,9,100.0,5.91,7.62
2016,Costa,Secundaria,12,94.97,4.37,12.98
2021,Norte,Primaria,6,100.0,5.78,6.0
2018,Costa,Secundaria,14,99.76,4.93,11.05
2023,Oeste,Secundaria,14,100.0,6.23,6.97
2019,Norte,Primaria,7,100.0,5.45,8.59
2016,Norte,Secundaria,15,98.48,4.73,11.75
2023,Este,Secundaria,12,100.0,6.3,6.79
2022,Norte,Secundaria,17,100.0,6.08,6.55
2022,Norte,Secundaria,12,100.0,6.06,6.51
2022,Oeste,Secundaria,12,100.0,6.0,8.29
2014,Costa,Secundaria,17,93.41,3.98,14.36
2017,Este,Secundaria,17,98.58,4.91,11.06
2023,Centro,Primaria,6,100.0,6.29,5.56
2022,Costa,Secundaria,16,100.0,6.01,6.67
2016,Centro,Primaria,6,97.89,4.55,11.81
2021,Oeste,Secundaria,15,100.0,5.8,7.71
2019,Este,Primaria,11,100.0,5.42,7.94
2011,Oeste,Secundaria,14,88.46,3.28,17.3
2018,Sur,Secundaria,13,98.39,4.96,11.97
2011,Este,Secundaria,16,88.68,3.28,17.83
2022,Este,Primaria,7,100.0,6.07,4.45
2015,Sur,Primaria,6,94.53,4.16,13.45
2012,Costa,Primaria,9,92.92,3.63,14.83
2017,Norte,Primaria,8,100.0,4.96,9.54
2011,Norte,Primaria,7,91.08,3.4,17.48
2019,Sur,Secundaria,15,100.0,5.26,10.29
2021,Costa,Secundaria,16,100.0,5.72,8.14
2017,Centro,Secundaria,13,100.0,5.0,10.8
2014,Costa,Secundaria,12,91.74,3.89,14.4
2022,Sur,Primaria,6,100.0,5.89,6.17
2010,Centro,Secundaria,12,90.17,3.27,18.02
2021,Este,Secundaria,13,100.0,5.74,8.2
2020,Este,Primaria,6,100.0,5.46,6.77
2011,Norte,Secundaria,14,89.93,3.19,17.64
2023,Oeste,Primaria,7,100.0,6.31,4.43
2014,Centro,Primaria,7,95.73,4.2,13.52
2023,Oeste,Secundaria,17,100.0,6.24,5.16
2022,Norte,Secundaria,17,100.0,5.95,6.88
2012,Oeste,Primaria,6,90.45,3.47,14.86
2020,Sur,Primaria,10,100.0,5.39,7.61
2018,Costa,Secundaria,12,98.8,5.07,10.55
2010,Costa,Secundaria,15,87.28,3.12,18.52
2015,Sur,Primaria,10,95.97,4.24,13.09
2018,Oeste,Secundaria,12,99.11,5.01,10.53
2011,Costa,Primaria,10,91.39,3.37,15.43
2011,Costa,Primaria,9,88.59,3.39,15.96
2016,Centro,Secundaria,14,95.93,4.51,12.54
2017,Oeste,Primaria,8,97.35,4.76,10.66
2022,Norte,Primaria,8,100.0,5.98,5.69
2023,Centro,Secundaria,12,100.0,6.29,6.05
2021,Este,Primaria,6,100.0,5.87,6.1
2011,Norte,Primaria,8,89.94,3.24,16.87
2018,Sur,Secundaria,14,99.31,4.94,11.17
2021,Oeste,Secundaria,15,100.0,5.83,7.96
2017,Centro,Primaria,11,100.0,4.89,11.09
2016,Oeste,Secundaria,16,93.94,4.35,12.42
2010,Oeste,Primaria,9,86.93,2.97,18.78
2023,Costa,Secundaria,16,100.0,6.23,6.06
2016,Centro,Primaria,11,98.39,4.53,12.21
2022,Este,Primaria,11,100.0,6.19,5.67
2017,Oeste,Secundaria,13,97.24,4.73,11.29
2010,Oeste,Secundaria,16,86.71,2.98,18.84
2012,Norte,Secundaria,12,91.06,3.66,17.48
2019,Norte,Secundaria,16,100.0,5.34,10.92
2013,Oeste,Primaria,7,91.2,3.62,13.7
2022,Este,Secundaria,17,100.0,6.03,4.85
2015,Oeste,Secundaria,14,93.77,4.26,14.92
2013,Sur,Secundaria,17,90.22,3.72,15.4
2014,Sur,Primaria,6,92.89,4.04,13.53
2019,Norte,Primaria,7,100.0,5.4,8.86
2013,Este,Primaria,10,94.21,3.82,15.03
2013,Centro,Primaria,6,94.26,3.84,13.79
2023,Este,Primaria,9,100.0,6.28,5.29
2012,Este,Secundaria,17,91.32,3.68,16.26
2015,Oeste,Secundaria,15,93.79,4.1,12.97
2014,Costa,Primaria,10,95.32,4.09,13.13
2014,Este,Primaria,10,94.55,4.07,14.04
2014,Oeste,Secundaria,13,91.68,3.93,15.73
2011,Este,Secundaria,17,90.54,3.28,17.09
2023,Oeste,Secundaria,17,100.0,6.28,5.87
2023,Este,Secundaria,14,100.0,6.17,6.03
2013,Oeste,Secundaria,16,91.59,3.74,15.0
2022,Oeste,Primaria,10,100.0,6.03,6.23
2015,Centro,Secundaria,16,95.22,4.28,13.44
2021,Costa,Secundaria,17,100.0,5.77,7.66
2016,Norte,Primaria,10,98.92,4.69,10.2
2014,Oeste,Primaria,6,93.61,4.0,13.08
2019,Este,Secundaria,17,100.0,5.21,10.09
2015,Este,Primaria,7,95.37,4.16,13.05
2023,Sur,Primaria,9,100.0,6.07,6.67
2022,Norte,Secundaria,16,100.0,6.16,6.72
2018,Este,Primaria,8,99.29,5.02,10.33
2018,Centro,Secundaria,17,99.5,5.1,10.49
2022,Norte,Primaria,9,100.0,6.06,6.05
2022,Este,Secundaria,13,100.0,5.97,6.81
2011,Costa,Primaria,10,90.11,3.39,16.54
2011,Costa,Secundaria,14,88.77,3.31,18.62
2019,Sur,Primaria,11,99.97,5.32,10.04
2022,Norte,Secundaria,15,100.0,5.99,8.13
2012,Centro,Secundaria,17,92.85,3.65,15.72
2021,Norte,Secundaria,14,100.0,5.88,6.48
2022,Sur,Primaria,7,100.0,5.87,6.35
2018,Este,Secundaria,17,99.36,4.96,11.49
2018,Costa,Primaria,6,99.38,4.94,10.49
2019,Norte,Secundaria,16,100.0,5.41,9.33
2011,Oeste,Secundaria,14,86.7,3.25,18.9
2013,Oeste,Primaria,9,90.86,3.67,14.61
2021,Norte,Primaria,6,100.0,5.89,7.02
2018,Costa,Secundaria,15,98.83,4.95,10.88
2017,Costa,Primaria,10,99.41,4.77,10.7
2019,Este,Primaria,10,100.0,5.28,9.38
2016,Costa,Secundaria,13,95.21,4.44,12.44
2023,Oeste,Primaria,8,100.0,6.31,4.84
2011,Costa,Secundaria,12,88.01,3.26,17.18
2019,Costa,Primaria,11,100.0,5.08,8.95
2022,Oeste,Secundaria,13,100.0,5.97,7.73
2017,Sur,Secundaria,16,97.89,4.82,11.23
2017,Norte,Secundaria,12,97.83,4.65,13.24
2022,Oeste,Secundaria,12,100.0,6.05,5.9
2022,Sur,Primaria,8,100.0,5.97,5.79
2015,Centro,Primaria,8,96.33,4.26,12.7
2011,Costa,Primaria,6,88.39,3.25,17.25
2023,Sur,Secundaria,14,100.0,6.12,5.1
2019,Oeste,Secundaria,15,99.27,5.11,9.94
2023,Norte,Primaria,7,100.0,6.36,3.38
2015,Sur,Secundaria,16,93.08,4.23,12.98
2018,Este,Secundaria,17,97.89,4.89,11.25
2017,Costa,Secundaria,14,97.0,4.71,11.95
2015,Costa,Primaria,7,95.27,4.26,13.96
2018,Oeste,Secundaria,16,99.04,4.86,12.56
2016,Oeste,Primaria,11,96.97,4.57,11.95
2021,Oeste,Secundaria,16,100.0,5.67,8.03
2013,Norte,Primaria,7,92.14,3.86,15.4
2022,Este,Secundaria,16,100.0,6.08,6.51
2018,Costa,Primaria,8,100.0,4.93,10.86
2012,Este,Secundaria,13,91.9,3.56,16.24
2010,Sur,Primaria,7,85.58,2.96,16.59
2022,Sur,Primaria,8,100.0,5.99,6.28
2019,Centro,Primaria,9,100.0,5.32,7.99
2011,Norte,Primaria,9,89.97,3.41,16.61
2022,Costa,Primaria,11,100.0,6.06,5.95
2010,Costa,Secundaria,16,88.36,3.13,18.63
2014,Oeste,Primaria,8,94.75,4.06,13.95
2014,Este,Primaria,11,94.09,3.92,14.59
2017,Centro,Secundaria,13,99.89,4.81,11.29
2013,Oeste,Primaria,8,92.3,3.76,15.61
2022,Este,Secundaria,14,100.0,6.11,6.43
2020,Sur,Primaria,8,100.0,5.4,7.6
2014,Este,Secundaria,13,93.48,4.03,14.57
2017,Centro,Secundaria,12,97.85,4.88,12.21
2011,Norte,Secundaria,13,90.7,3.32,17.84
2015,Norte,Primaria,10,97.17,4.41,12.92
2012,Centro,Secundaria,17,90.04,3.53,17.02
2021,Este,Primaria,10,100.0,5.82,6.22
2012,Centro,Primaria,7,92.94,3.54,17.3
2023,Norte,Primaria,10,100.0,6.36,4.99
2020,Costa,Primaria,9,100.0,5.43,9.53
2018,Norte,Primaria,11,99.51,5.06,8.76
2015,Este,Secundaria,13,95.43,4.35,12.25
2019,Costa,Primaria,6,99.32,5.18,9.08
2015,Norte,Primaria,11,95.61,4.34,13.59
2022,Oeste,Secundaria,16,100.0,6.03,7.67
2021,Centro,Secundaria,16,100.0,5.85,8.1
2014,Este,Primaria,7,92.78,4.01,14.63
2023,Norte,Secundaria,14,100.0,6.33,5.7
2023,Oeste,Primaria,11,100.0,6.16,5.0
2012,Este,Primaria,10,91.53,3.59,15.91
2012,Costa,Secundaria,15,90.42,3.56,16.53
2010,Centro,Primaria,11,90.06,3.24,17.48
2010,Este,Secundaria,13,86.51,3.05,19.14
2011,Norte,Secundaria,17,91.11,3.42,16.69
2021,Oeste,Secundaria,17,100.0,5.69,7.66
2020,Sur,Secundaria,13,100.0,5.49,10.06
2012,Centro,Primaria,6,90.85,3.53,15.08
2020,Costa,Primaria,9,100.0,5.52,8.14
2014,Este,Primaria,7,94.17,4.01,13.32
2015,Costa,Primaria,8,95.78,4.33,12.82
2017,Oeste,Primaria,8,97.34,4.57,12.15
2018,Oeste,Primaria,11,100.0,4.97,9.48
2011,Centro,Secundaria,16,88.17,3.33,17.63
2022,Centro,Primaria,6,100.0,6.16,5.58
2015,Costa,Primaria,10,96.15,4.2,12.55
2016,Costa,Secundaria,14,97.08,4.47,14.12
2014,Norte,Primaria,8,96.37,4.18,13.26
2021,Este,Primaria,7,100.0,5.73,8.34
2011,Costa,Secundaria,14,87.74,3.23,16.89
2010,Sur,Secundaria,14,87.52,3.04,17.55
2018,Norte,Secundaria,13,100.0,4.92,10.84
2022,Oeste,Secundaria,14,100.0,6.01,7.41
2016,Centro,Primaria,11,98.32,4.63,11.71
2012,Centro,Primaria,7,93.1,3.63,15.69
2012,Centro,Primaria,7,92.44,3.47,15.57
2016,Oeste,Secundaria,16,94.62,4.37,13.28
2021,Norte,Secundaria,13,100.0,5.77,8.19
2023,Costa,Secundaria,15,100.0,6.19,6.7
2015,Este,Primaria,7,95.6,4.33,12.57
2015,Costa,Primaria,11,94.01,4.22,12.8
2010,Centro,Secundaria,15,88.43,3.22,18.0
2021,Costa,Secundaria,12,100.0,5.75,9.02
2022,Norte,Primaria,11,100.0,6.13,6.22
2012,Costa,Secundaria,17,89.27,3.45,17.07
2015,Oeste,Secundaria,17,94.66,4.18,13.37
2012,Este,Secundaria,14,89.39,3.56,16.63
2011,Centro,Primaria,6,91.69,3.42,16.08
2021,Costa,Primaria,7,100.0,5.7,6.79
2014,Oeste,Secundaria,12,93.58,4.08,11.73
2022,Norte,Primaria,10,100.0,6.06,6.88
2013,Centro,Secundaria,12,92.71,3.98,14.13
2012,Sur,Secundaria,13,89.21,3.36,17.42
2010,Sur,Primaria,10,87.02,2.93,18.18
2015,Sur,Secundaria,14,93.88,4.26,13.95
2014,Sur,Secundaria,14,90.94,3.95,14.15
2014,Costa,Secundaria,17,92.64,3.96,14.56
2012,Este,Primaria,11,91.54,3.58,15.12
2011,Norte,Secundaria,16,90.03,3.4,18.11
2012,Sur,Primaria,8,89.93,3.42,15.74
2018,Este,Primaria,10,99.8,5.09,8.61
2019,Este,Secundaria,13,100.0,5.25,8.83
2011,Sur,Primaria,11,88.25,3.14,17.96
2012,Costa,Secundaria,14,91.51,3.61,16.69
2018,Costa,Secundaria,14,98.47,4.96,9.38
2010,Oeste,Primaria,11,86.74,2.94,17.6
2015,Costa,Secundaria,16,95.83,4.32,13.35
2012,Este,Secundaria,15,90.79,3.45,16.1
2023,Norte,Primaria,9,100.0,6.26,5.26
2014,Sur,Secundaria,13,92.28,3.94,15.22
2015,Norte,Primaria,10,96.94,4.34,13.84
2012,Costa,Secundaria,17,89.31,3.58,15.94
2016,Sur,Secundaria,16,94.78,4.44,13.33
2018,Este,Secundaria,17,97.39,4.98,12.66
2019,Sur,Secundaria,15,99.93,5.11,10.82
2022,Costa,Secundaria,16,100.0,5.98,7.03
2012,Norte,Primaria,6,91.65,3.54,16.77
2021,Oeste,Secundaria,13,100.0,5.82,8.7
2019,Costa,Primaria,10,100.0,5.13,9.41
2016,Oeste,Secundaria,12,94.59,4.34,14.1
2022,Costa,Primaria,8,100.0,5.86,7.94
2020,Costa,Secundaria,15,100.0,5.49,8.74
2017,Centro,Primaria,6,99.8,4.89,10.19
2021,Centro,Primaria,11,100.0,5.98,6.72
2018,Oeste,Secundaria,13,98.08,4.85,11.78
2018,Oeste,Secundaria,17,97.8,4.99,11.36
2012,Centro,Secundaria,16,90.82,3.56,16.69
2021,Este,Primaria,9,100.0,5.91,6.2
2010,Costa,Secundaria,13,87.76,3.03,18.58
2015,Costa,Primaria,11,97.15,4.37,12.62
2013,Este,Secundaria,15,91.63,3.78,14.45
2020,Este,Primaria,6,100.0,5.61,7.99
2018,Centro,Primaria,11,100.0,5.13,10.94
2017,Costa,Primaria,9,98.41,4.71,10.83
2015,Norte,Secundaria,16,95.15,4.4,12.39
2020,Norte,Secundaria,14,100.0,5.56,9.66
2014,Sur,Primaria,9,92.84,3.78,15.44
2020,Este,Secundaria,17,100.0,5.52,9.12
2023,Norte,Primaria,10,100.0,6.23,4.44
2010,Oeste,Secundaria,16,86.65,3.02,17.9
2019,Oeste,Secundaria,13,100.0,5.35,10.04
2021,Costa,Primaria,8,100.0,5.78,7.67
2016,Centro,Primaria,6,99.98,4.65,11.13
2010,Sur,Secundaria,16,84.61,2.86,19.99
2012,Centro,Secundaria,15,91.2,3.54,17.26
2015,Centro,Primaria,10,97.53,4.31,12.94
2016,Centro,Primaria,11,99.0,4.76,10.49
2018,Centro,Primaria,9,100.0,5.07,9.45
2014,Sur,Primaria,6,92.98,3.98,13.36
2021,Centro,Primaria,10,100.0,5.71,5.7
2010,Norte,Secundaria,15,88.67,3.04,17.15
2010,Oeste,Secundaria,14,86.66,2.99,19.06
2012,Costa,Secundaria,13,90.28,3.49,17.3
2019,Costa,Secundaria,17,100.0,5.23,9.48
2012,Sur,Primaria,9,90.73,3.49,15.97
2014,Sur,Primaria,10,93.99,3.99,15.31
2020,Oeste,Primaria,6,100.0,5.38,8.67
2010,Este,Primaria,8,88.23,2.92,19.09
2021,Centro,Primaria,8,100.0,5.9,7.49
2014,Sur,Secundaria,12,92.19,4.02,13.99
2011,Sur,Primaria,11,87.59,3.1,18.3
2018,Norte,Primaria,8,100.0,5.13,8.48
2016,Este,Secundaria,17,95.54,4.42,13.56
2011,Sur,Primaria,9,88.38,3.19,16.58
2018,Sur,Primaria,7,100.0,5.05,10.49
2021,Costa,Secundaria,12,100.0,5.63,7.57
2013,Centro,Secundaria,16,92.6,3.85,14.93
2010,Costa,Primaria,6,88.76,2.99,18.75
2017,Oeste,Primaria,8,96.9,4.64,11.17
2013,Norte,Secundaria,12,92.04,3.89,15.07
2020,Centro,Primaria,7,100.0,5.53,8.69
2014,Oeste,Primaria,10,94.38,3.93,14.85
2014,Costa,Primaria,8,93.46,3.92,14.07
2010,Este,Secundaria,16,88.47,3.06,19.03
2011,Sur,Secundaria,16,87.16,3.25,18.41
2022,Oeste,Secundaria,17,100.0,6.09,6.42
2019,Este,Secundaria,13,100.0,5.26,10.15
2023,Oeste,Secundaria,17,100.0,6.16,6.51
2010,Este,Primaria,9,87.53,3.15,17.73
2022,Sur,Secundaria,17,100.0,5.9,7.84
2018,Norte,Primaria,9,100.0,5.13,10.6
2012,Costa,Secundaria,14,90.94,3.63,16.31
2018,Centro,Primaria,7,100.0,5.17,10.61
2021,Este,Primaria,9,100.0,5.63,8.01
2016,Sur,Primaria,6,95.17,4.37,12.25
2014,Oeste,Primaria,10,91.7,3.92,14.32
2023,Este,Secundaria,13,100.0,6.34,6.19
2014,Oeste,Secundaria,16,91.39,3.92,15.89
2021,Norte,Secundaria,16,100.0,5.89,8.69
2019,Sur,Primaria,10,100.0,5.22,9.05
2010,Centro,Secundaria,16,88.55,3.12,18.17
2011,Norte,Secundaria,12,89.89,3.33,16.64
2010,Centro,Primaria,6,89.35,3.04,17.15
2010,Este,Secundaria,13,87.98,3.14,17.79
2016,Norte,Primaria,7,97.37,4.59,12.16
2023,Centro,Secundaria,17,100.0,6.47,4.48
2019,Centro,Secundaria,16,100.0,5.28,10.18
2014,Centro,Secundaria,14,96.25,3.97,14.57
2019,Costa,Primaria,9,100.0,5.36,8.3
2021,Centro,Primaria,10,100.0,5.76,7.9
2010,Costa,Primaria,10,88.57,3.01,18.52
2015,Norte,Secundaria,14,95.94,4.3,13.5
2021,Costa,Primaria,6,100.0,5.74,8.02
2011,Costa,Primaria,6,89.14,3.22,16.43
2017,Centro,Primaria,6,98.18,4.76,11.15
2016,Centro,Secundaria,12,97.49,4.51,11.98
2016,Centro,Secundaria,16,96.26,4.62,13.07
2012,Costa,Secundaria,16,88.09,3.44,17.48
2018,Costa,Secundaria,12,99.04,5.14,10.08
2011,Oeste,Secundaria,17,89.61,3.23,17.67
2020,Centro,Primaria,10,100.0,5.71,8.1
2010,Costa,Secundaria,16,87.54,2.96,19.08
2016,Sur,Secundaria,15,95.16,4.51,12.25
2015,Norte,Secundaria,17,95.5,4.28,12.65
2021,Sur,Secundaria,15,100.0,5.63,9.25
2013,Norte,Primaria,9,93.23,3.81,15.89
2010,Este,Primaria,9,89.1,3.01,18.78
2014,Norte,Secundaria,15,96.09,4.28,14.24
2022,Sur,Primaria,7,100.0,5.84,6.8
2023,Sur,Primaria,11,100.0,6.15,5.32
2011,Centro,Primaria,8,90.8,3.41,15.84
2021,Sur,Secundaria,12,100.0,5.69,8.58
2021,Costa,Primaria,10,100.0,5.76,6.93
2019,Sur,Primaria,6,100.0,5.26,9.43
2022,Costa,Primaria,10,100.0,5.99,6.14
2013,Oeste,Secundaria,12,91.7,3.67,16.25
2011,Sur,Secundaria,14,88.44,3.09,19.13
2020,Norte,Secundaria,13,100.0,5.57,8.7
2020,Sur,Primaria,8,100.0,5.49,9.99
2019,Oeste,Secundaria,13,98.71,5.24,10.84
2011,Norte,Secundaria,12,90.51,3.42,17.01
2017,Norte,Primaria,10,100.0,4.79,10.99
2018,Norte,Primaria,11,100.0,5.1,10.61
2013,Centro,Primaria,6,94.68,3.78,16.54
2016,Norte,Primaria,9,97.77,4.42,11.41
2012,Norte,Secundaria,14,91.99,3.62,16.33
2019,Este,Secundaria,14,100.0,5.24,8.71
2015,Sur,Primaria,8,94.16,4.25,13.3
2023,Oeste,Secundaria,17,100.0,6.17,6.02
2013,Costa,Secundaria,13,91.85,3.63,16.52
2017,Costa,Primaria,9,97.5,4.68,12.06
2022,Oeste,Primaria,8,100.0,5.95,5.44
2010,Oeste,Secundaria,15,85.72,2.92,18.76
2016,Centro,Primaria,9,98.03,4.58,11.94
2014,Este,Primaria,9,93.97,4.07,13.43
2019,Oeste,Primaria,10,100.0,5.22,8.81
2010,Sur,Primaria,9,87.77,2.99,17.21
2022,Oeste,Secundaria,14,100.0,5.96,5.66
2011,Sur,Secundaria,17,86.51,3.14,18.2
2018,Sur,Primaria,6,97.9,4.87,11.73
2018,Centro,Primaria,7,100.0,4.92,11.55
2012,Oeste,Secundaria,12,90.19,3.52,18.57
2015,Este,Secundaria,16,93.87,4.36,14.12
2014,Norte,Secundaria,12,93.96,3.99,14.75
2020,Sur,Primaria,11,100.0,5.37,7.45
2022,Centro,Primaria,7,100.0,6.03,6.2
2018,Este,Secundaria,12,99.95,5.05,10.26
2010,Costa,Secundaria,14,90.0,3.01,18.54
2013,Costa,Primaria,11,92.33,3.73,14.2
2013,Costa,Secundaria,16,91.13,3.74,15.05
2014,Norte,Secundaria,16,93.65,3.94,15.66
2018,Norte,Secundaria,17,99.89,5.06,10.22
2020,Oeste,Secundaria,14,100.0,5.46,8.87
2021,Este,Primaria,9,100.0,5.81,7.12
2023,Costa,Primaria,6,100.0,6.19,6.13
2021,Sur,Primaria,8,100.0,5.66,6.65
2018,Norte,Secundaria,17,99.18,5.09,11.82
2020,Norte,Primaria,11,100.0,5.78,6.87
2020,Sur,Secundaria,15,100.0,5.4,8.99
2019,Oeste,Secundaria,12,99.97,5.38,9.6
2014,Norte,Secundaria,17,93.34,4.0,13.6
2015,Centro,Primaria,11,98.2,4.35,12.3
2020,Sur,Primaria,6,100.0,5.37,8.61
2010,Sur,Secundaria,13,88.21,3.06,18.35
2016,Oeste,Primaria,7,97.37,4.48,11.61
2018,Costa,Secundaria,13,99.34,5.01,11.12
2020,Este,Secundaria,13,100.0,5.6,8.47
2011,Centro,Primaria,11,92.18,3.45,15.89
2018,Sur,Primaria,9,99.07,4.9,10.04
2021,Norte,Secundaria,17,100.0,5.84,7.34
2015,Centro,Primaria,11,96.57,4.31,12.34
2011,Centro,Primaria,6,91.99,3.44,17.14
2018,Centro,Primaria,8,100.0,4.93,10.77
2010,Costa,Primaria,6,90.03,3.17,16.6
2016,Este,Secundaria,15,98.03,4.51,12.53
2023,Sur,Secundaria,14,100.0,6.03,5.89
2016,Oeste,Primaria,8,97.42,4.5,12.43
2012,Oeste,Secundaria,12,89.83,3.41,17.58
2021,Este,Secundaria,14,100.0,5.78,7.64
2018,Oeste,Secundaria,17,98.6,4.98,10.94
2017,Sur,Primaria,10,97.8,4.78,11.21
2010,Oeste,Primaria,10,86.4,2.83,18.84
2018,Centro,Secundaria,17,99.84,5.13,11.27
2023,Norte,Primaria,11,100.0,6.42,4.35
2020,Este,Primaria,10,100.0,5.42,9.06
2010,Oeste,Primaria,8,87.91,3.03,19.24
2010,Norte,Primaria,8,88.74,3.14,16.65
2019,Oeste,Primaria,8,100.0,5.18,8.76
2022,Costa,Secundaria,16,100.0,5.85,6.52
2021,Centro,Primaria,9,100.0,5.86,6.23
2011,Centro,Primaria,8,91.42,3.31,16.75
2014,Centro,Primaria,8,95.42,4.22,13.42
2018,Este,Secundaria,13,98.8,5.01,9.66
2010,Sur,Primaria,11,87.72,3.0,17.98
2016,Norte,Primaria,11,98.75,4.6,11.39
2010,Centro,Secundaria,14,88.93,3.11,19.15
2014,Sur,Primaria,7,93.77,3.85,13.93
2010,Costa,Primaria,7,86.64,2.94,18.51
2018,Este,Primaria,8,100.0,5.03,10.91
2020,Costa,Primaria,6,100.0,5.49,8.43
2012,Norte,Primaria,9,93.33,3.57,16.04
2017,Norte,Primaria,11,98.68,4.89,9.63
2018,Este,Primaria,6,99.63,5.03,9.23
2022,Norte,Primaria,8,100.0,6.13,4.35
2011,Este,Secundaria,15,88.13,3.28,18.77
2018,Oeste,Secundaria,15,97.37,5.0,10.92
2020,Oeste,Secundaria,17,100.0,5.43,9.41
2018,Sur,Primaria,11,99.2,4.83,11.03
2017,Norte,Primaria,11,99.46,4.89,11.58
2012,Oeste,Primaria,8,90.26,3.54,15.66
2021,Oeste,Primaria,11,100.0,5.78,7.31
2013,Costa,Primaria,7,91.48,3.69,14.61
2021,Costa,Primaria,10,100.0,5.84,7.69
2023,Este,Primaria,10,100.0,6.28,4.66
2018,Norte,Secundaria,13,99.46,5.09,9.63
2023,Sur,Secundaria,13,100.0,6.15,5.89
2014,Costa,Primaria,8,93.17,3.96,12.64
2016,Este,Secundaria,15,96.63,4.47,12.21
2019,Costa,Primaria,9,100.0,5.28,8.77
2021,Oeste,Secundaria,14,100.0,5.67,7.81
2019,Oeste,Secundaria,14,99.11,5.22,9.85
2020,Norte,Secundaria,15,100.0,5.53,8.44
2012,Oeste,Secundaria,13,88.8,3.37,16.64
2013,Este,Primaria,10,92.91,3.78,15.59
2010,Costa,Primaria,9,87.67,3.01,17.01
2012,Norte,Secundaria,12,92.7,3.58,15.89
2018,Sur,Secundaria,17,96.4,4.71,11.5
2020,Oeste,Primaria,11,100.0,5.56,8.17
2012,Centro,Secundaria,16,90.29,3.6,16.53
2023,Centro,Primaria,6,100.0,6.27,4.5
2022,Oeste,Secundaria,16,100.0,6.13,5.95
2023,Este,Secundaria,17,100.0,6.28,6.46
2017,Sur,Primaria,11,97.4,4.76,11.98
2015,Este,Secundaria,17,95.67,4.28,13.64
2018,Oeste,Primaria,10,98.24,4.79,10.3
2010,Oeste,Secundaria,14,87.63,3.07,18.76
2017,Sur,Secundaria,17,95.28,4.61,13.57
2014,Sur,Primaria,9,93.3,4.03,13.48
2010,Centro,Secundaria,15,89.48,3.09,18.74
2010,Sur,Secundaria,13,85.91,2.88,18.58
2011,Sur,Primaria,7,87.78,3.01,17.95
2023,Sur,Secundaria,14,100.0,6.16,6.74
2013,Costa,Secundaria,17,91.74,3.67,16.38
2014,Este,Secundaria,13,92.85,4.03,14.14
2015,Oeste,Primaria,11,93.74,4.14,13.25
2021,Norte,Secundaria,16,100.0,5.88,7.03
2010,Este,Primaria,7,88.81,2.98,18.47
2013,Centro,Secundaria,14,92.35,3.81,14.79
2018,Centro,Primaria,6,100.0,5.26,8.9
2023,Oeste,Primaria,11,100.0,6.29,5.65
2018,Costa,Secundaria,15,98.12,4.95,11.87
2016,Sur,Primaria,9,95.6,4.48,12.36
2022,Norte,Secundaria,14,100.0,5.95,7.93
2021,Norte,Secundaria,16,100.0,5.76,8.12
2023,Sur,Primaria,6,100.0,6.18,5.76
2018,Centro,Secundaria,15,100.0,5.04,11.96
2013,Costa,Primaria,7,92.41,3.67,14.79
2020,Norte,Secundaria,17,100.0,5.62,8.9
2018,Oeste,Primaria,8,100.0,4.93,9.05
2011,Norte,Primaria,9,90.64,3.26,16.48
2022,Costa,Secundaria,12,100.0,5.95,7.06
2011,Norte,Secundaria,17,89.85,3.27,17.8
2019,Oeste,Secundaria,14,100.0,5.29,10.67
2015,Norte,Primaria,9,97.04,4.35,12.78
2012,Centro,Primaria,6,91.49,3.48,17.3
2022,Costa,Secundaria,13,100.0,6.1,5.93
2018,Centro,Secundaria,16,100.0,5.18,10.12
2022,Sur,Secundaria,13,100.0,5.93,6.75
2014,Costa,Primaria,6,92.69,3.92,12.85
2019,Sur,Secundaria,17,100.0,5.2,9.74
2021,Centro,Primaria,6,100.0,5.8,6.91
2018,Centro,Primaria,11,100.0,5.14,9.04
2013,Este,Primaria,10,92.51,3.77,14.44
2010,Oeste,Primaria,11,88.87,3.07,17.25
2016,Costa,Primaria,7,95.78,4.37,11.86
2022,Sur,Primaria,9,100.0,5.9,6.06
2014,Norte,Primaria,9,95.64,4.1,12.57
2019,Este,Primaria,6,100.0,5.23,9.2
2019,Sur,Primaria,6,100.0,5.17,7.57
2018,Costa,Secundaria,12,97.67,4.91,9.86
2015,Costa,Primaria,10,96.25,4.4,12.2
2021,Este,Secundaria,14,100.0,5.76,8.05
2015,Sur,Secundaria,16,93.99,4.25,13.56
2013,Centro,Primaria,7,93.65,3.79,13.83
2022,Este,Secundaria,12,100.0,5.99,6.67
2018,Norte,Secundaria,17,100.0,5.07,9.51
2011,Oeste,Secundaria,15,89.69,3.35,17.65
2019,Centro,Primaria,11,100.0,5.46,9.3
2013,Norte,Secundaria,17,93.46,3.99,15.08
2020,Centro,Secundaria,13,100.0,5.72,7.23
2022,Oeste,Primaria,10,100.0,6.09,6.03
2011,Centro,Primaria,9,90.56,3.33,17.57
2010,Costa,Primaria,7,88.47,2.94,17.49
2020,Centro,Primaria,6,100.0,5.7,7.73
2015,Este,Primaria,9,94.98,4.22,12.85
2022,Este,Secundaria,14,100.0,6.07,6.82
2019,Centro,Primaria,10,100.0,5.3,9.28
2018,Norte,Secundaria,16,99.32,4.99,10.19
2021,Sur,Primaria,11,100.0,5.7,6.25
2012,Oeste,Secundaria,14,89.93,3.4,18.86
2015,Costa,Secundaria,13,92.84,4.22,15.05
2022,Centro,Secundaria,12,100.0,6.17,7.16
2018,Centro,Secundaria,17,100.0,5.08,10.8
2011,Sur,Primaria,7,88.3,3.28,17.12
2011,Sur,Primaria,10,89.75,3.16,17.79
2013,Sur,Primaria,6,92.61,3.73,14.9
2014,Centro,Secundaria,16,95.22,4.02,14.7
2021,Oeste,Secundaria,16,100.0,5.83,7.87
2014,Sur,Primaria,7,92.05,3.79,15.25
2018,Centro,Primaria,7,100.0,5.12,9.41
2022,Oeste,Secundaria,15,100.0,6.02,6.44
2014,Costa,Primaria,11,92.18,3.79,15.93
2014,Oeste,Secundaria,17,90.75,3.84,15.25
2021,Norte,Primaria,7,100.0,5.7,6.7
2015,Costa,Primaria,8,94.18,4.24,13.13
2019,Sur,Primaria,6,100.0,5.18,8.98
2019,Norte,Secundaria,13,100.0,5.3,8.41
2011,Centro,Secundaria,14,88.29,3.4,16.32
2014,Este,Secundaria,12,93.71,4.2,12.15
2013,Oeste,Secundaria,15,90.84,3.64,15.04
2015,Norte,Secundaria,14,97.74,4.35,14.15
2021,Centro,Secundaria,16,100.0,5.85,7.21
2010,Este,Secundaria,14,88.95,3.11,16.15
2021,Costa,Secundaria,16,100.0,5.58,7.97
2020,Oeste,Primaria,11,100.0,5.35,9.5
2011,Costa,Secundaria,17,87.0,3.16,17.06
2012,Centro,Primaria,11,90.85,3.51,16.59
2017,Costa,Secundaria,12,96.14,4.77,10.9
2022,Norte,Primaria,6,100.0,6.04,5.46
2019,Centro,Primaria,10,100.0,5.19,8.89
2012,Oeste,Secundaria,16,88.66,3.41,17.63
2014,Este,Primaria,7,94.75,3.9,13.85
2017,Sur,Secundaria,16,95.91,4.64,11.98
2010,Oeste,Secundaria,16,86.63,2.96,18.26
2018,Sur,Secundaria,12,98.66,4.89,11.84
2015,Sur,Secundaria,16,95.04,4.29,13.72
2015,Costa,Secundaria,12,95.99,4.42,12.09
2023,Centro,Secundaria,12,100.0,6.39,4.57
2013,Oeste,Secundaria,12,90.65,3.6,16.01
2020,Centro,Secundaria,13,100.0,5.71,7.7
2012,Sur,Primaria,11,92.09,3.61,15.35
2012,Centro,Secundaria,17,90.53,3.58,16.61
2019,Sur,Secundaria,17,100.0,5.23,9.8
2021,Este,Primaria,6,100.0,5.86,7.27
2020,Norte,Secundaria,17,100.0,5.59,7.78
2019,Este,Secundaria,15,100.0,5.37,9.49
2022,Este,Secundaria,14,100.0,6.07,7.42
2014,Este,Primaria,8,94.29,3.97,14.55
2010,Este,Primaria,9,89.02,2.98,18.49
2013,Norte,Primaria,9,92.63,3.8,14.58
2016,Este,Secundaria,13,95.56,4.47,12.17
2012,Costa,Primaria,9,91.36,3.6,14.4
2016,Este,Secundaria,12,95.65,4.55,12.08
2015,Oeste,Secundaria,13,94.24,4.21,13.39
2012,Norte,Secundaria,15,90.64,3.64,17.16
2015,Este,Primaria,7,96.08,4.28,12.06
2010,Costa,Secundaria,13,87.5,3.08,18.8
2013,Oeste,Primaria,11,92.92,3.85,14.7
2014,Norte,Secundaria,16,94.51,4.09,15.75
2022,Centro,Primaria,6,100.0,6.05,5.07
2012,Centro,Primaria,6,92.4,3.5,16.92
2020,Este,Secundaria,12,100.0,5.66,7.16
2019,Norte,Primaria,8,100.0,5.35,9.0
2016,Centro,Secundaria,13,97.04,4.55,13.59
2012,Sur,Primaria,7,90.87,3.44,15.82
2023,Costa,Primaria,10,100.0,6.16,5.58
2017,Este,Secundaria,13,97.75,4.88,11.98
2019,Este,Secundaria,12,100.0,5.3,9.04
2022,Centro,Primaria,7,100.0,6.07,4.99
2023,Norte,Primaria,6,100.0,6.21,4.1
2015,Norte,Primaria,11,98.07,4.49,12.0
2021,Centro,Secundaria,17,100.0,5.86,6.62
2018,Costa,Primaria,8,99.61,4.82,11.9
2018,Costa,Secundaria,17,98.26,4.95,10.98
2016,Norte,Secundaria,15,97.58,4.57,13.29
2019,Norte,Primaria,9,100.0,5.33,8.68
2014,Este,Secundaria,14,91.97,3.94,16.55
2020,Centro,Secundaria,12,100.0,5.69,8.99
2016,Costa,Primaria,7,97.21,4.54,11.64
2020,Centro,Secundaria,12,100.0,5.6,8.42
2016,Este,Secundaria,15,95.95,4.47,11.45
2022,Costa,Primaria,10,100.0,5.86,6.77
2023,Sur,Primaria,9,100.0,6.16,4.64
2014,Norte,Primaria,10,94.57,4.06,14.34
2016,Este,Secundaria,17,95.41,4.43,13.62
2015,Norte,Secundaria,12,95.53,4.34,12.85
2020,Centro,Secundaria,14,100.0,5.66,8.84
2013,Costa,Secundaria,15,90.62,3.71,15.13
2010,Norte,Primaria,9,88.46,3.04,17.19
2022,Norte,Primaria,11,100.0,6.07,4.34
2019,Sur,Primaria,10,100.0,5.33,8.22
2022,Sur,Primaria,7,100.0,6.06,5.24
2023,Oeste,Secundaria,14,100.0,6.09,6.8
2016,Oeste,Primaria,11,96.21,4.43,12.84
2015,Costa,Primaria,6,96.66,4.45,11.96
2015,Este,Primaria,8,95.61,4.25,13.71
2017,Costa,Primaria,9,97.95,4.88,11.33
2011,Centro,Secundaria,12,89.21,3.39,15.68
2012,Costa,Secundaria,13,90.96,3.6,16.13
2023,Sur,Secundaria,16,100.0,6.17,5.93
2022,Este,Secundaria,12,100.0,6.03,7.89
2019,Costa,Secundaria,17,100.0,5.29,10.14
2021,Centro,Secundaria,12,100.0,5.85,7.61
2023,Sur,Secundaria,14,100.0,6.19,5.56
2010,Costa,Primaria,8,87.87,3.11,17.9
2018,Centro,Secundaria,17,98.9,5.08,11.36
2021,Norte,Secundaria,12,100.0,5.93,6.99
2017,Norte,Secundaria,14,98.22,4.78,10.95
2018,Sur,Secundaria,14,98.98,4.92,11.78
2020,Este,Primaria,7,100.0,5.58,6.58
2021,Norte,Primaria,10,100.0,5.86,6.3
2022,Norte,Primaria,6,100.0,6.15,6.05
2011,Norte,Primaria,8,89.74,3.33,16.03
2021,Sur,Secundaria,14,100.0,5.7,7.88
2013,Este,Secundaria,17,91.79,3.74,14.89
2014,Sur,Secundaria,15,90.88,3.82,16.65
2018,Este,Primaria,11,99.29,4.99,9.98
2017,Centro,Primaria,6,100.0,4.93,10.66
2018,Sur,Primaria,8,99.77,4.94,9.82
2023,Este,Primaria,9,100.0,6.29,6.18
2021,Centro,Secundaria,15,100.0,5.95,7.99
2017,Norte,Primaria,7,98.92,4.75,11.06
2020,Costa,Primaria,11,100.0,5.52,8.25
2021,Costa,Primaria,10,100.0,5.7,5.99
2021,Sur,Secundaria,12,100.0,5.79,7.83
2017,Costa,Secundaria,13,95.39,4.63,13.15
2015,Sur,Primaria,11,95.16,4.17,12.96
2021,Costa,Primaria,6,100.0,5.71,6.96
2013,Oeste,Secundaria,14,91.67,3.7,15.74
2010,Sur,Primaria,9,87.47,2.9,18.69
2010,Norte,Primaria,8,88.32,3.22,17.26
2010,Este,Secundaria,17,87.21,3.01,17.58
2017,Centro,Secundaria,14,100.0,4.84,11.95
2011,Sur,Primaria,11,88.69,3.09,17.35
2022,Oeste,Primaria,11,100.0,5.87,6.48
2016,Norte,Primaria,8,96.22,4.51,11.63
2010,Este,Primaria,6,88.72,2.93,17.85
2015,Norte,Secundaria,17,95.85,4.36,13.46
2021,Costa,Secundaria,15,100.0,5.7,7.11
2023,Oeste,Secundaria,17,100.0,6.19,5.06
2019,Costa,Secundaria,16,100.0,5.24,9.69
2023,Norte,Secundaria,15,100.0,6.25,6.58
2014,Sur,Secundaria,12,91.51,3.85,15.12
2011,Sur,Primaria,8,87.49,3.14,17.21
2021,Oeste,Primaria,11,100.0,5.74,6.89
2021,Costa,Primaria,10,100.0,5.74,7.07
2017,Oeste,Primaria,8,96.95,4.66,11.04
2017,Este,Secundaria,12,98.13,4.9,12.24
2018,Costa,Primaria,6,100.0,5.03,10.09
2021,Sur,Primaria,10,100.0,5.75,7.03
2017,Norte,Secundaria,12,99.52,4.94,11.28
2015,Centro,Secundaria,17,96.16,4.28,14.2
2013,Costa,Primaria,10,92.92,3.82,15.51
2020,Sur,Primaria,10,100.0,5.47,8.03
2023,Sur,Primaria,10,100.0,6.22,5.21
2010,Oeste,Secundaria,17,86.81,2.85,19.58
2013,Centro,Primaria,10,93.53,3.78,14.44
2016,Sur,Primaria,10,95.22,4.45,11.77
2012,Centro,Primaria,9,93.0,3.59,15.51
2014,Oeste,Primaria,9,94.63,4.09,13.9
2019,Centro,Primaria,8,100.0,5.32,8.68
2013,Oeste,Secundaria,14,92.4,3.74,14.13
2019,Este,Secundaria,12,100.0,5.25,8.96
2014,Oeste,Secundaria,12,91.82,3.87,15.4
2017,Costa,Primaria,6,96.68,4.72,10.79
2015,Este,Secundaria,14,93.25,4.28,13.65
2023,Costa,Secundaria,12,100.0,6.38,4.9
2016,Centro,Primaria,10,98.42,4.69,11.94
2022,Sur,Primaria,8,100.0,5.91,6.67
2017,Costa,Secundaria,12,96.24,4.68,12.6
2015,Este,Secundaria,17,94.0,4.27,12.86
2020,Sur,Secundaria,15,100.0,5.4,9.94
2016,Sur,Primaria,11,97.61,4.64,10.96
2021,Norte,Primaria,9,100.0,5.89,7.76
2022,Este,Primaria,7,100.0,6.02,5.62
2023,Norte,Primaria,8,100.0,6.28,4.75
2020,Oeste,Primaria,6,100.0,5.39,7.13
2019,Costa,Primaria,11,100.0,5.24,9.18
2016,Costa,Secundaria,16,94.42,4.3,12.96
2013,Costa,Secundaria,12,91.35,3.72,15.45
2019,Sur,Primaria,6,100.0,5.16,9.89
2018,Sur,Primaria,10,99.38,5.07,11.27
2019,Centro,Primaria,10,100.0,5.21,8.74
2016,Costa,Secundaria,17,97.13,4.57,11.63
2013,Centro,Primaria,10,93.03,3.82,13.17
2013,Sur,Primaria,11,91.09,3.76,14.5
2020,Centro,Secundaria,14,100.0,5.54,8.86
2014,Oeste,Secundaria,14,91.71,4.01,13.81
2021,Este,Primaria,11,100.0,5.84,5.93
2013,Este,Primaria,7,92.97,3.97,15.07
2016,Oeste,Secundaria,13,94.48,4.41,13.92
2017,Costa,Secundaria,14,98.2,4.74,12.65
2020,Centro,Primaria,8,100.0,5.59,6.89
2010,Norte,Primaria,9,88.48,3.03,17.32
2017,Centro,Secundaria,12,100.0,4.84,10.65
2017,Sur,Secundaria,13,96.38,4.7,11.74
2013,Este,Primaria,7,93.51,3.75,14.79
2015,Oeste,Secundaria,15,93.62,4.09,14.73
2021,Costa,Primaria,6,100.0,5.77,7.39
2010,Norte,Secundaria,14,87.33,2.96,19.33
2023,Oeste,Primaria,11,100.0,6.22,5.69
2013,Sur,Primaria,9,92.16,3.78,15.56
2016,Costa,Primaria,7,94.35,4.4,12.17
2023,Este,Primaria,7,100.0,6.26,4.73
2014,Costa,Secundaria,16,93.5,4.01,14.25
2018,Costa,Secundaria,17,98.99,5.0,12.28
2013,Norte,Primaria,11,93.21,3.79,14.75
2010,Centro,Primaria,11,88.84,3.1,16.99
2011,Centro,Primaria,10,90.68,3.4,15.81
2018,Centro,Primaria,9,100.0,5.02,9.65
2010,Costa,Secundaria,12,87.6,2.99,18.84
2019,Centro,Secundaria,17,100.0,5.4,9.09
2015,Costa,Secundaria,12,94.34,4.2,14.02
2011,Centro,Secundaria,17,89.93,3.26,18.93
2023,Sur,Primaria,9,100.0,6.26,4.48
2015,Costa,Secundaria,14,95.59,4.3,13.66
2021,Centro,Secundaria,16,100.0,5.92,8.05
2012,Centro,Primaria,6,92.83,3.6,14.67
2023,Costa,Primaria,10,100.0,6.2,4.48
2017,Centro,Secundaria,13,100.0,4.97,11.71
2022,Este,Secundaria,16,100.0,6.12,5.55
2021,Sur,Primaria,10,100.0,5.76,7.25
2022,Sur,Secundaria,14,100.0,5.91,6.53
2013,Sur,Primaria,11,91.46,3.71,15.69
2014,Norte,Primaria,10,94.0,4.01,15.25
2011,Centro,Secundaria,14,88.54,3.27,17.25
2023,Centro,Secundaria,15,100.0,6.36,4.71
2011,Norte,Secundaria,16,88.47,3.35,17.43
2014,Este,Secundaria,13,94.35,4.07,13.79
2018,Costa,Secundaria,15,98.9,5.01,9.9
2017,Costa,Primaria,6,97.74,4.91,9.8
2010,Oeste,Secundaria,12,86.18,2.9,19.01
2017,Costa,Secundaria,14,98.47,4.85,12.52
2017,Sur,Secundaria,13,96.73,4.67,12.7
2015,Costa,Secundaria,13,94.43,4.32,14.29
2021,Costa,Primaria,9,100.0,5.68,7.95
2011,Oeste,Primaria,7,88.1,3.39,16.23
2020,Norte,Secundaria,15,100.0,5.69,7.27
2017,Sur,Primaria,8,95.24,4.58,12.18
2019,Oeste,Secundaria,17,99.59,5.33,8.88
2019,Sur,Secundaria,13,100.0,5.21,10.88
2010,Norte,Primaria,9,90.37,3.15,17.2
2017,Sur,Primaria,7,98.92,4.7,10.68
2016,Costa,Secundaria,12,95.38,4.49,13.18
2019,Este,Primaria,10,100.0,5.17,9.56
2013,Oeste,Primaria,9,91.61,3.69,15.62
2015,Este,Secundaria,16,95.08,4.27,13.36
2017,Centro,Primaria,10,99.21,4.72,11.35
2012,Norte,Secundaria,15,89.88,3.5,15.82
2012,Sur,Secundaria,17,90.15,3.45,17.32
2021,Oeste,Primaria,8,100.0,5.76,5.91
2011,Centro,Primaria,10,90.15,3.32,16.94
2011,Este,Secundaria,12,89.22,3.38,17.52
2023,Centro,Primaria,6,100.0,6.31,5.51
2021,Centro,Secundaria,17,100.0,5.9,7.54
2022,Oeste,Primaria,6,100.0,6.08,5.02
2010,Centro,Primaria,8,89.3,3.04,17.64
2011,Costa,Primaria,9,90.57,3.34,17.22
2011,Sur,Primaria,6,88.44,3.19,17.82
2021,Este,Primaria,10,100.0,5.71,6.78
2015,Sur,Primaria,9,95.02,4.33,13.04
2010,Este,Primaria,7,88.62,3.15,18.41
2021,Norte,Secundaria,14,100.0,5.8,7.1
2014,Centro,Primaria,11,97.17,4.19,13.63
2011,Sur,Primaria,6,90.13,3.28,17.26
2023,Costa,Primaria,8,100.0,6.25,4.93
2023,Centro,Secundaria,12,100.0,6.52,4.96
2023,Este,Primaria,9,100.0,6.27,5.98
2020,Este,Secundaria,12,100.0,5.48,9.23
2016,Centro,Primaria,11,99.33,4.61,11.74
2019,Este,Secundaria,16,100.0,5.27,9.67
2019,Sur,Primaria,10,100.0,5.17,9.1
2015,Norte,Secundaria,14,95.43,4.31,12.76
2015,Oeste,Primaria,9,94.31,4.13,12.79
2013,Oeste,Secundaria,15,92.66,3.78,14.68
2021,Centro,Primaria,7,100.0,5.75,6.84
2019,Norte,Secundaria,17,100.0,5.41,8.48
2014,Norte,Secundaria,13,95.06,4.13,13.12
2010,Centro,Primaria,6,87.25,3.07,18.51
2012,Centro,Secundaria,15,92.68,3.57,16.36
2019,Centro,Secundaria,13,100.0,5.3,10.27
2012,Norte,Secundaria,15,90.81,3.58,17.44
2018,Oeste,Secundaria,13,99.4,5.11,11.42
2018,Costa,Secundaria,14,100.0,5.03,10.66
2022,Centro,Primaria,10,100.0,6.07,4.07
2017,Este,Secundaria,12,98.62,4.91,11.48
2015,Este,Primaria,7,96.11,4.25,12.98
2022,Este,Primaria,7,100.0,6.0,4.95
2018,Norte,Primaria,9,100.0,5.25,7.28
2012,Centro,Secundaria,15,91.22,3.66,16.94
2018,Oeste,Secundaria,13,98.88,5.07,11.28
2021,Oeste,Secundaria,17,100.0,5.78,8.62
2017,Costa,Secundaria,14,98.67,4.8,12.65
2023,Centro,Secundaria,12,100.0,6.41,6.04
2021,Costa,Primaria,7,100.0,5.81,7.13
2020,Norte,Primaria,6,100.0,5.75,7.29
2021,Costa,Primaria,9,100.0,5.66,8.08
2011,Oeste,Secundaria,15,86.72,3.05,19.03
2017,Este,Secundaria,15,97.92,4.76,11.91
2012,Oeste,Secundaria,13,88.73,3.36,17.82
2023,Norte,Secundaria,15,100.0,6.34,5.12
2011,Costa,Secundaria,14,88.12,3.16,17.62
2017,Oeste,Secundaria,13,95.83,4.73,13.3
2014,Norte,Secundaria,17,93.16,4.17,15.75
2011,Costa,Secundaria,14,88.05,3.21,18.86
2020,Este,Secundaria,14,100.0,5.47,8.41
2021,Norte,Primaria,8,100.0,5.89,6.21
2012,Oeste,Secundaria,16,89.3,3.42,17.86
2010,Norte,Primaria,10,89.88,3.07,18.1
2016,Oeste,Primaria,11,97.13,4.47,12.07
2010,Centro,Secundaria,16,88.28,3.0,20.07
2010,Norte,Secundaria,17,87.94,3.15,18.29
2016,Centro,Primaria,6,98.09,4.52,11.98
2019,Oeste,Primaria,7,100.0,5.3,8.87
2013,Sur,Primaria,6,92.76,3.73,14.67
2011,Sur,Primaria,11,88.49,3.12,18.24
2022,Norte,Primaria,8,100.0,6.05,4.66
2021,Sur,Secundaria,14,100.0,5.77,7.8
2016,Sur,Primaria,10,95.88,4.43,12.83
2018,Costa,Secundaria,16,99.61,5.18,11.28
2014,Oeste,Primaria,7,94.04,3.9,14.9
2012,Sur,Primaria,9,91.77,3.55,15.05
2012,Centro,Secundaria,16,90.46,3.48,17.53
2019,Este,Secundaria,16,100.0,5.26,10.37
2023,Costa,Primaria,10,100.0,6.33,4.8
2014,Centro,Secundaria,13,94.49,3.96,14.63
2013,Costa,Secundaria,15,92.11,3.78,14.88
2017,Centro,Primaria,7,98.39,4.77,10.74
2011,Norte,Primaria,9,88.63,3.23,17.3
2017,Oeste,Primaria,7,99.06,4.67,13.32
2019,Este,Primaria,9,100.0,5.24,9.48
2013,Centro,Primaria,6,93.27,3.82,14.91
2014,Norte,Primaria,8,94.72,4.03,12.73
2015,Este,Secundaria,14,94.34,4.21,13.17
2020,Centro,Primaria,8,100.0,5.4,8.02
2021,Oeste,Secundaria,16,100.0,5.83,7.42
2019,Norte,Secundaria,14,100.0,5.49,8.79
2022,Centro,Secundaria,12,100.0,6.14,7.04
2016,Este,Primaria,10,96.3,4.51,13.1
2021,Centro,Primaria,10,100.0,5.78,7.83
2013,Oeste,Secundaria,17,91.32,3.75,15.38
2017,Oeste,Secundaria,14,98.21,4.75,11.53
2015,Este,Secundaria,17,94.65,4.21,13.43
2022,Este,Primaria,6,100.0,6.01,4.95
2016,Norte,Primaria,9,99.69,4.64,10.58
2011,Oeste,Primaria,10,89.49,3.25,17.33
2020,Sur,Secundaria,15,100.0,5.45,8.48
2023,Este,Secundaria,12,100.0,6.29,6.14
2020,Sur,Secundaria,12,100.0,5.4,9.07
2010,Centro,Primaria,9,87.44,3.1,17.3
2015,Costa,Primaria,9,95.41,4.26,13.05
2022,Este,Primaria,9,100.0,5.97,6.23
2010,Este,Secundaria,13,85.91,3.02,20.79
2021,Este,Primaria,9,100.0,5.85,6.17
2014,Norte,Secundaria,15,94.53,4.16,14.43
2015,Centro,Secundaria,12,95.21,4.18,13.15
2019,Costa,Primaria,7,99.68,5.14,9.21
2021,Oeste,Primaria,6,100.0,5.81,7.85
2018,Norte,Primaria,10,100.0,5.11,10.02
2023,Este,Primaria,9,100.0,6.31,6.12
2012,Norte,Primaria,6,90.36,3.47,14.98
2012,Centro,Primaria,7,92.96,3.61,15.01
2015,Centro,Primaria,6,97.28,4.4,12.55
2019,Este,Secundaria,13,100.0,5.31,8.85
2016,Este,Primaria,6,96.33,4.47,11.68
2010,Costa,Secundaria,13,86.85,2.96,18.05
2016,Norte,Primaria,6,96.49,4.6,12.12
2019,Centro,Secundaria,15,100.0,5.37,9.09
2018,Costa,Secundaria,13,100.0,5.1,10.36
2010,Este,Secundaria,15,86.69,2.85,18.52
2022,Centro,Secundaria,15,100.0,6.06,6.32
2019,Centro,Secundaria,16,100.0,5.45,10.24
2015,Costa,Primaria,9,93.81,4.16,13.91
2010,Norte,Secundaria,17,88.23,3.09,18.5
2019,Centro,Primaria,8,100.0,5.46,7.57
2015,Este,Primaria,10,95.92,4.2,13.04
2021,Costa,Secundaria,14,100.0,5.78,7.77
2022,Costa,Primaria,8,100.0,6.15,6.79
2019,Sur,Primaria,6,100.0,5.1,9.77
2014,Oeste,Primaria,11,93.19,3.82,14.58
2011,Este,Primaria,7,91.75,3.36,16.47
2023,Oeste,Primaria,6,100.0,6.19,4.52
2011,Centro,Primaria,6,90.9,3.35,16.81
2016,Oeste,Primaria,6,96.47,4.48,11.37
2014,Centro,Secundaria,15,95.19,4.2,13.52
2012,Centro,Primaria,10,92.3,3.58,15.41
2016,Sur,Secundaria,17,95.24,4.53,14.24
2023,Oeste,Primaria,6,100.0,6.29,6.11
2014,Este,Primaria,6,93.3,4.03,13.78
2012,Este,Primaria,7,90.99,3.61,16.19
2015,Norte,Secundaria,13,94.85,4.35,13.57
2018,Sur,Primaria,7,99.4,4.95,10.71
2013,Este,Primaria,6,94.86,4.01,13.94
2023,Sur,Primaria,8,100.0,6.05,6.4
2013,Oeste,Primaria,11,90.53,3.64,16.7
2023,Sur,Secundaria,12,100.0,6.12,6.33
2015,Sur,Secundaria,13,94.48,4.17,15.08
2017,Este,Primaria,8,98.92,4.79,10.9
2014,Oeste,Primaria,8,94.62,3.96,14.83
2012,Costa,Primaria,10,93.22,3.68,14.59
2014,Oeste,Primaria,6,92.99,3.94,14.74
2017,Este,Secundaria,17,96.96,4.69,11.51
2019,Sur,Primaria,7,100.0,5.2,8.73
2014,Este,Secundaria,12,92.55,3.99,14.96
2011,Costa,Primaria,6,89.23,3.21,18.81
2014,Este,Secundaria,15,93.55,4.1,14.71
2022,Sur,Secundaria,16,100.0,5.98,7.8
2014,Oeste,Primaria,7,94.17,4.07,14.23
2021,Centro,Secundaria,14,100.0,5.77,7.59
2012,Costa,Primaria,7,91.27,3.55,15.01
2012,Sur,Secundaria,16,89.48,3.45,16.34
2010,Costa,Secundaria,13,85.0,2.95,17.78
2017,Costa,Secundaria,15,95.85,4.63,12.64
2020,Este,Secundaria,12,100.0,5.52,8.73
2016,Este,Primaria,10,96.62,4.44,12.41
2010,Sur,Secundaria,17,86.99,3.01,19.17
2022,Sur,Primaria,11,100.0,5.99,7.51
2018,Costa,Secundaria,16,97.92,5.04,10.47
2021,Sur,Primaria,6,100.0,5.92,6.58
2015,Este,Secundaria,17,95.05,4.38,13.73
2012,Costa,Primaria,6,89.96,3.34,17.22
2019,Centro,Primaria,8,100.0,5.4,8.31
2023,Norte,Primaria,7,100.0,6.34,5.63
2018,Norte,Primaria,6,100.0,5.09,9.26
2016,Sur,Primaria,8,95.24,4.41,12.46
2016,Costa,Secundaria,15,95.45,4.57,11.31
2012,Sur,Secundaria,12,87.19,3.23,18.07
2020,Sur,Primaria,6,100.0,5.35,8.56
2018,Oeste,Primaria,9,100.0,5.02,9.69
2018,Este,Primaria,8,100.0,5.04,9.39
2010,Norte,Primaria,9,88.98,3.15,17.83
2022,Sur,Secundaria,13,100.0,5.92,7.74
2016,Costa,Primaria,10,96.42,4.46,14.03
2018,Este,Primaria,11,99.54,5.09,9.3
2019,Sur,Primaria,8,100.0,5.21,9.65
2022,Centro,Secundaria,17,100.0,5.96,7.42
2023,Este,Primaria,10,100.0,6.35,5.62
2022,Centro,Secundaria,13,100.0,6.02,6.43
2017,Norte,Primaria,8,99.92,4.9,10.03
2019,Este,Secundaria,15,100.0,5.29,9.7
2019,Centro,Primaria,11,100.0,5.4,8.06
2014,Centro,Primaria,11,94.42,4.18,13.37
2023,Centro,Secundaria,13,100.0,6.27,5.27
2016,Este,Primaria,7,97.38,4.58,11.82
2022,Centro,Primaria,10,100.0,6.1,6.46
2011,Este,Primaria,7,89.51,3.26,17.1
2013,Oeste,Secundaria,13,91.64,3.73,16.27
2020,Oeste,Primaria,9,100.0,5.44,8.88
2020,Sur,Primaria,7,100.0,5.45,8.83
2019,Sur,Secundaria,14,100.0,5.22,10.25
2013,Oeste,Primaria,8,91.05,3.68,14.23
2021,Sur,Primaria,10,100.0,5.79,6.12
2011,Oeste,Secundaria,16,88.74,3.23,18.95
2011,Centro,Primaria,6,90.19,3.26,16.46
2021,Centro,Primaria,9,100.0,5.89,6.4
2011,Centro,Secundaria,17,89.3,3.39,18.03
2022,Oeste,Secundaria,17,100.0,5.86,6.78
2019,Norte,Secundaria,12,100.0,5.35,7.98
2012,Sur,Primaria,7,89.9,3.42,15.74
2020,Centro,Secundaria,16,100.0,5.62,8.94
2017,Oeste,Secundaria,12,96.52,4.71,12.69
2011,Centro,Primaria,9,91.13,3.38,16.96
2015,Este,Secundaria,16,94.52,4.29,15.3
2010,Este,Primaria,11,88.1,2.85,19.53
2011,Sur,Primaria,6,89.51,3.21,15.86
2014,Norte,Secundaria,14,94.66,4.12,13.07
2012,Norte,Secundaria,17,90.6,3.63,16.18
2014,Centro,Secundaria,17,93.82,4.2,12.73
2015,Oeste,Secundaria,16,93.86,4.25,14.49
2010,Sur,Secundaria,14,87.97,3.05,17.18
2021,Este,Primaria,9,100.0,5.84,6.67
2011,Oeste,Primaria,8,88.79,3.19,16.53
2017,Este,Secundaria,15,98.23,4.72,12.35
2012,Este,Secundaria,14,91.4,3.63,17.75
2017,Sur,Primaria,11,97.41,4.76,11.05
2010,Oeste,Primaria,10,88.0,2.84,16.88
2019,Costa,Secundaria,13,100.0,5.17,9.65
2012,Sur,Secundaria,15,88.9,3.54,16.07
2022,Sur,Secundaria,13,100.0,5.96,6.99
2010,Este,Secundaria,13,87.18,2.89,20.32
2020,Sur,Secundaria,16,100.0,5.49,8.55
2015,Oeste,Secundaria,16,95.65,4.3,13.09
2012,Costa,Secundaria,13,89.53,3.55,15.59
2020,Oeste,Primaria,10,100.0,5.47,6.97
2022,Norte,Secundaria,17,100.0,6.06,5.64
2019,Sur,Secundaria,14,98.98,5.16,10.05
2022,Norte,Primaria,7,100.0,6.04,6.3
2018,Costa,Secundaria,13,98.86,5.02,10.85
2022,Este,Secundaria,16,100.0,6.22,5.51
2016,Sur,Secundaria,16,95.44,4.66,12.43
2018,Costa,Secundaria,17,97.87,4.99,10.35
2012,Sur,Primaria,6,88.81,3.33,17.4
2018,Sur,Secundaria,14,99.82,4.94,10.1
2010,Sur,Secundaria,17,87.72,2.93,17.91
2013,Este,Primaria,8,94.16,3.76,15.06
2012,Norte,Primaria,7,90.78,3.44,15.77
2011,Oeste,Secundaria,13,87.36,3.22,18.89
2023,Este,Secundaria,13,100.0,6.22,5.47
2012,Costa,Secundaria,17,89.76,3.5,17.03
2021,Centro,Secundaria,17,100.0,5.73,8.13
2020,Este,Primaria,6,100.0,5.53,8.77
2017,Centro,Secundaria,14,97.48,4.75,12.72
2023,Centro,Primaria,9,100.0,6.28,3.94
2018,Sur,Primaria,6,99.18,4.9,9.0
2023,Norte,Primaria,11,100.0,6.28,4.34
2020,Norte,Secundaria,13,100.0,5.53,9.11
2010,Norte,Secundaria,16,87.73,3.03,19.29
2021,Sur,Primaria,8,100.0,5.65,6.98
2018,Centro,Primaria,6,100.0,5.05,11.19
2013,Centro,Secundaria,17,92.68,3.81,15.51
2010,Este,Primaria,9,88.14,3.0,19.01
2021,Este,Secundaria,14,100.0,5.92,7.08
2019,Centro,Primaria,8,100.0,5.42,7.34
2019,Costa,Primaria,6,100.0,5.2,8.84
2016,Sur,Primaria,11,95.98,4.34,13.3
2013,Oeste,Secundaria,14,91.45,3.82,16.32
2017,Oeste,Primaria,9,96.95,4.72,11.24
2014,Oeste,Secundaria,13,91.9,4.0,16.34
2019,Centro,Primaria,9,100.0,5.44,8.49
2012,Centro,Primaria,6,91.93,3.45,16.74
2020,Este,Primaria,8,100.0,5.48,8.57
2017,Centro,Secundaria,14,98.08,4.87,11.22
2012,Norte,Primaria,7,92.58,3.69,14.52
2023,Este,Secundaria,14,100.0,6.27,5.89
2017,Sur,Secundaria,12,97.9,4.71,11.98
2021,Sur,Primaria,8,100.0,5.7,7.0
2022,Costa,Primaria,8,100.0,6.0,6.33
2012,Este,Secundaria,17,90.36,3.54,16.55
2017,Norte,Primaria,9,99.63,4.78,11.74
2011,Este,Secundaria,17,86.98,3.22,18.66
2018,Norte,Primaria,10,100.0,5.05,9.6
2013,Norte,Secundaria,16,91.97,3.87,16.46
2021,Este,Secundaria,16,100.0,5.87,7.42
2012,Este,Secundaria,13,90.06,3.54,15.68
2017,Sur,Primaria,8,98.73,4.68,10.5
2011,Oeste,Primaria,7,90.27,3.32,16.51
2022,Este,Primaria,6,100.0,6.07,6.25
2020,Norte,Secundaria,17,100.0,5.63,7.97
2017,Centro,Primaria,7,100.0,4.84,11.57
2014,Norte,Secundaria,16,94.25,4.04,16.3
2013,Este,Secundaria,12,90.79,3.81,15.02
2017,Sur,Primaria,8,96.33,4.69,11.48
2011,Costa,Secundaria,13,90.04,3.34,16.95
2014,Sur,Secundaria,16,92.68,3.88,16.32
2010,Costa,Secundaria,14,87.17,3.03,17.56
2023,Costa,Primaria,6,100.0,6.25,5.73
2019,Sur,Primaria,10,100.0,5.12,9.36
2018,Norte,Primaria,7,100.0,5.05,10.02
2019,Norte,Secundaria,13,98.83,5.24,10.14
2011,Sur,Primaria,10,88.88,3.17,16.99
2020,Este,Primaria,7,100.0,5.5,7.5
2020,Norte,Primaria,9,100.0,5.78,8.29
2020,Costa,Secundaria,12,100.0,5.42,9.66
2014,Este,Primaria,8,93.57,4.08,14.1
2014,Costa,Primaria,10,94.81,3.96,15.33
2016,Norte,Primaria,9,99.82,4.6,11.22
2023,Norte,Primaria,8,100.0,6.3,5.57
2014,Este,Secundaria,16,92.06,3.96,14.95
2021,Norte,Secundaria,14,100.0,5.94,6.03
2016,Norte,Secundaria,12,98.22,4.66,11.77
2021,Norte,Primaria,10,100.0,5.69,7.48
2014,Sur,Secundaria,13,91.05,3.94,14.54
2015,Centro,Primaria,8,97.57,4.32,12.14
2014,Centro,Secundaria,17,94.69,3.98,15.5
2014,Oeste,Secundaria,15,91.2,3.99,15.05
2012,Sur,Primaria,10,90.54,3.49,15.8
2013,Este,Secundaria,12,92.22,3.78,14.67
2023,Oeste,Primaria,9,100.0,6.26,5.49
2011,Norte,Primaria,8,92.43,3.47,17.06
2012,Este,Primaria,11,91.35,3.49,16.24
2013,Centro,Secundaria,13,93.88,3.95,15.57
2013,Este,Secundaria,13,93.06,3.95,15.0
2021,Este,Secundaria,15,100.0,5.55,9.56
2015,Centro,Secundaria,16,97.55,4.33,14.33
2021,Centro,Primaria,10,100.0,5.96,6.5
2011,Norte,Secundaria,15,89.68,3.35,18.2
2019,Oeste,Secundaria,15,100.0,5.18,10.16
2013,Costa,Secundaria,17,92.72,3.86,16.54
2022,Sur,Secundaria,17,100.0,6.02,7.63
2015,Costa,Secundaria,13,91.98,4.12,14.34
2019,Oeste,Secundaria,12,100.0,5.29,10.64
2018,Centro,Primaria,11,100.0,5.09,9.99
2014,Sur,Primaria,8,93.24,3.97,14.14
2017,Norte,Secundaria,16,96.81,4.73,12.16
2020,Norte,Primaria,11,100.0,5.62,7.31
2015,Oeste,Secundaria,15,95.98,4.24,14.4
2019,Costa,Primaria,7,100.0,5.18,9.37
2019,Oeste,Primaria,6,100.0,5.2,9.38
2021,Este,Secundaria,17,100.0,5.89,8.8
2020,Centro,Secundaria,17,100.0,5.72,6.32
2016,Costa,Secundaria,13,93.4,4.38,13.12
2013,Sur,Primaria,10,92.84,3.74,16.1
2016,Norte,Primaria,10,98.36,4.55,11.36
2013,Costa,Secundaria,12,89.21,3.71,15.18
2012,Norte,Secundaria,12,91.67,3.6,17.48
2018,Costa,Secundaria,16,100.0,5.12,11.64
2021,Norte,Primaria,10,100.0,5.87,6.37
2015,Norte,Secundaria,16,94.88,4.25,14.12
2022,Sur,Secundaria,14,100.0,5.96,6.84
2021,Sur,Primaria,10,100.0,5.74,6.53
2010,Sur,Secundaria,16,87.17,3.04,19.17
2010,Norte,Secundaria,13,88.82,3.07,19.11
2022,Costa,Primaria,11,100.0,6.01,6.11
2017,Centro,Primaria,8,99.72,4.87,9.91
2016,Centro,Secundaria,15,97.87,4.65,12.43
2014,Costa,Secundaria,14,92.5,3.85,15.09
2012,Costa,Primaria,10,92.3,3.61,15.28
2012,Costa,Primaria,9,92.46,3.53,16.16
2018,Este,Secundaria,17,98.17,5.03,10.83
2022,Oeste,Secundaria,15,100.0,5.89,6.37
2014,Centro,Primaria,8,95.42,4.12,14.16
2013,Oeste,Secundaria,13,93.37,3.88,15.07
2014,Centro,Secundaria,14,93.18,4.06,14.45
2021,Centro,Secundaria,13,100.0,5.72,7.21
2020,Este,Primaria,9,100.0,5.56,7.33
2021,Oeste,Secundaria,15,100.0,5.73,6.93
2017,Sur,Primaria,8,96.67,4.7,11.2
2023,Costa,Secundaria,14,100.0,6.13,5.79
2018,Costa,Secundaria,13,98.82,5.04,10.43
2011,Oeste,Secundaria,16,88.54,3.28,18.57
2018,Centro,Primaria,9,99.21,4.76,10.53
2012,Este,Primaria,7,91.98,3.54,16.54
2022,Este,Secundaria,15,100.0,6.09,5.91
2011,Oeste,Secundaria,17,85.76,3.16,18.22
2019,Sur,Primaria,11,100.0,5.03,8.77
2014,Norte,Primaria,9,95.1,4.08,13.79
2012,Este,Secundaria,16,91.32,3.7,16.49
2022,Centro,Primaria,8,100.0,6.13,3.33
2017,Sur,Secundaria,17,98.59,4.88,10.69
2019,Centro,Secundaria,14,100.0,5.38,9.6
2021,Oeste,Secundaria,17,100.0,5.71,8.13
2012,Este,Primaria,9,90.05,3.47,15.73
2023,Centro,Secundaria,17,100.0,6.46,4.84
2011,Costa,Primaria,10,89.9,3.15,17.83
2011,Costa,Primaria,9,88.22,3.2,17.45
2020,Centro,Secundaria,13,100.0,5.57,7.41
2011,Norte,Secundaria,12,89.25,3.35,17.95
2018,Este,Secundaria,15,98.4,5.03,10.18
2020,Oeste,Secundaria,14,100.0,5.36,9.47
2010,Norte,Primaria,7,88.59,2.98,18.19
2012,Este,Secundaria,15,90.63,3.66,15.97
2018,Norte,Secundaria,16,100.0,5.08,11.34
2016,Oeste,Secundaria,13,96.61,4.48,13.41
2012,Sur,Primaria,6,88.98,3.43,16.66
2019,Sur,Secundaria,15,98.34,5.23,11.15
2014,Sur,Primaria,8,92.87,3.89,14.16
2017,Costa,Secundaria,16,98.17,4.84,11.4
2011,Este,Primaria,8,90.32,3.35,17.32
2017,Oeste,Secundaria,13,97.73,4.73,11.89
2023,Costa,Primaria,7,100.0,6.33,4.11
2011,Norte,Secundaria,14,87.9,3.31,17.93
2016,Sur,Primaria,8,96.07,4.42,12.84
2012,Este,Primaria,11,91.11,3.61,14.71
2018,Costa,Primaria,7,99.79,5.0,10.49
2015,Centro,Primaria,11,95.36,4.29,12.46
2012,Centro,Primaria,10,93.54,3.73,15.12
2013,Este,Primaria,6,92.63,3.76,15.11
2015,Costa,Secundaria,17,94.19,4.29,14.68
2011,Sur,Primaria,6,88.34,3.32,16.97
2019,Este,Primaria,6,100.0,5.18,10.11
2013,Este,Secundaria,12,92.4,3.75,15.66
2020,Norte,Primaria,8,100.0,5.65,7.66
2023,Norte,Secundaria,17,100.0,6.3,5.21
2022,Centro,Secundaria,17,100.0,6.07,7.51
2016,Costa,Primaria,10,98.11,4.49,12.12
2013,Sur,Secundaria,14,90.23,3.68,15.75
2015,Norte,Secundaria,15,96.06,4.3,14.35
2013,Norte,Secundaria,17,94.32,3.86,15.97
2021,Norte,Secundaria,12,100.0,5.84,7.86
2015,Centro,Primaria,8,96.63,4.49,12.35
2022,Norte,Secundaria,17,100.0,6.1,6.68
2014,Centro,Secundaria,16,93.87,4.24,14.15
2012,Centro,Secundaria,14,91.17,3.61,16.4
2021,Sur,Primaria,9,100.0,5.84,6.44
2011,Sur,Secundaria,17,88.44,3.19,18.36
2015,Sur,Secundaria,17,93.3,4.3,13.39
2020,Centro,Primaria,7,100.0,5.62,8.62
2015,Costa,Primaria,8,96.77,4.38,12.58
2021,Centro,Primaria,7,100.0,5.79,6.86
2017,Sur,Secundaria,17,95.75,4.67,10.97
2013,Centro,Primaria,8,94.86,3.88,14.26
2017,Centro,Primaria,7,100.0,4.78,10.87
2013,Este,Primaria,10,92.28,3.89,13.24
2014,Norte,Secundaria,14,92.76,4.06,14.15
2011,Sur,Secundaria,16,89.41,3.25,17.33
2010,Centro,Secundaria,13,89.01,3.19,18.03
2010,Oeste,Primaria,10,87.45,3.03,18.49
2020,Norte,Secundaria,16,100.0,5.52,7.53
2012,Costa,Primaria,7,90.29,3.4,16.76
2011,Oeste,Primaria,6,88.73,3.1,18.42
2012,Este,Primaria,7,92.18,3.46,16.96
2021,Norte,Secundaria,16,100.0,5.77,7.71
2023,Oeste,Primaria,11,100.0,6.17,4.3
2013,Oeste,Primaria,8,91.96,3.76,15.41
2017,Norte,Primaria,10,98.62,4.72,11.25
2013,Costa,Primaria,7,93.06,3.63,16.0
2013,Oeste,Primaria,10,93.14,3.74,15.58
2017,Norte,Secundaria,12,97.87,4.97,10.84
2021,Sur,Primaria,6,100.0,5.63,6.55
2022,Sur,Primaria,10,100.0,5.94,5.78
2010,Centro,Secundaria,16,89.32,3.1,17.43
2015,Centro,Secundaria,15,97.39,4.44,13.31
2020,Centro,Secundaria,13,100.0,5.67,7.89
2016,Oeste,Secundaria,12,94.64,4.44,11.63
2013,Costa,Primaria,10,93.06,3.83,13.29
2015,Sur,Primaria,10,95.25,4.21,13.53
2014,Oeste,Secundaria,13,93.23,4.04,13.65
2011,Oeste,Primaria,6,89.1,3.37,15.29
2018,Este,Secundaria,14,98.11,4.86,12.1
2014,Este,Primaria,11,94.13,3.92,14.17
2013,Centro,Secundaria,17,92.54,3.75,15.31
2022,Costa,Secundaria,16,100.0,5.9,7.15
2018,Costa,Primaria,8,99.36,5.01,10.91
2023,Sur,Secundaria,13,100.0,6.21,5.89
2016,Centro,Secundaria,17,98.31,4.74,12.75
2013,Centro,Secundaria,17,91.19,3.96,15.39
2020,Costa,Primaria,8,100.0,5.53,7.83
2022,Oeste,Primaria,7,100.0,5.97,6.7
2013,Sur,Primaria,6,92.46,3.76,14.23
2010,Centro,Primaria,8,89.24,3.14,16.52
2023,Sur,Primaria,8,100.0,6.17,4.87
2020,Este,Secundaria,13,100.0,5.58,9.22
2015,Este,Secundaria,13,94.51,4.24,13.35
2010,Centro,Secundaria,12,87.15,3.1,18.2
2017,Sur,Secundaria,12,97.09,4.69,11.4
2015,Centro,Secundaria,12,94.25,4.31,13.61
2016,Norte,Secundaria,13,96.06,4.53,12.29
2015,Este,Primaria,9,97.56,4.28,13.31
2019,Norte,Primaria,6,100.0,5.32,8.18
2016,Norte,Primaria,6,98.14,4.48,12.04
2023,Sur,Primaria,6,100.0,6.33,5.26
2023,Costa,Secundaria,16,100.0,6.39,4.6
2011,Oeste,Primaria,7,90.02,3.36,15.78
2014,Centro,Secundaria,13,95.6,4.19,13.27
2023,Sur,Secundaria,17,100.0,6.19,4.76
2010,Sur,Primaria,8,86.17,2.88,19.16
2014,Costa,Primaria,8,93.81,3.92,14.36
2011,Centro,Secundaria,15,89.19,3.21,18.53
2015,Este,Primaria,9,96.43,4.25,12.65
2020,Sur,Secundaria,16,100.0,5.32,9.56
2012,Costa,Secundaria,16,91.2,3.51,17.43
2011,Este,Secundaria,17,88.27,3.3,17.84
2010,Norte,Secundaria,13,88.06,3.03,19.6
2010,Costa,Primaria,9,89.15,2.96,18.04
2021,Este,Primaria,11,100.0,5.77,5.51
2012,Este,Primaria,9,91.08,3.57,14.85
2011,Este,Secundaria,17,88.33,3.25,17.12
2023,Sur,Primaria,6,100.0,6.33,4.51
2015,Oeste,Primaria,7,94.1,4.16,12.77
2016,Sur,Primaria,8,97.3,4.4,11.57
2014,Oeste,Primaria,7,93.01,3.94,13.83
2012,Norte,Secundaria,16,91.05,3.56,15.54
2019,Costa,Primaria,9,100.0,5.27,8.91
2019,Sur,Primaria,11,100.0,5.24,8.92
2015,Oeste,Secundaria,15,93.19,4.2,14.37
2015,Sur,Secundaria,13,93.5,4.33,14.45
2011,Sur,Secundaria,14,87.69,3.05,18.46
2017,Sur,Primaria,7,97.41,4.72,12.28
2016,Centro,Secundaria,15,97.52,4.6,12.0
2023,Norte,Secundaria,12,100.0,6.22,5.5
2014,Centro,Secundaria,15,92.74,3.99,14.46
2019,Este,Primaria,9,100.0,5.28,8.19
2014,Este,Primaria,6,94.48,4.11,14.35
2017,Sur,Secundaria,16,94.78,4.73,10.45
2014,Este,Secundaria,16,93.41,4.02,14.96
2023,Centro,Primaria,6,100.0,6.32,4.93
2015,Costa,Secundaria,15,93.15,4.21,14.06
2017,Costa,Primaria,9,100.0,4.72,11.02
2011,Oeste,Primaria,10,89.07,3.27,17.33
2016,Sur,Primaria,6,95.3,4.53,12.74
2022,Norte,Primaria,11,100.0,6.12,5.29
2021,Oeste,Primaria,9,100.0,5.67,7.4
2018,Oeste,Secundaria,17,99.58,5.02,11.5
2023,Oeste,Primaria,11,100.0,6.3,3.36
2011,Oeste,Primaria,9,87.94,3.08,18.29
2020,Norte,Secundaria,14,100.0,5.6,7.78
2015,Este,Primaria,6,94.6,4.23,12.8
2015,Norte,Secundaria,15,95.93,4.33,14.13
2023,Costa,Primaria,10,100.0,6.15,5.87
2015,Costa,Secundaria,17,95.1,4.17,14.17
2018,Centro,Secundaria,15,99.53,5.09,10.16
2010,Este,Primaria,9,89.43,2.98,17.63
2013,Centro,Primaria,9,94.59,3.81,14.81
2013,Centro,Secundaria,15,93.21,3.78,16.16
2019,Este,Primaria,10,100.0,5.31,9.49
2020,Norte,Secundaria,14,100.0,5.66,8.36
2015,Costa,Secundaria,12,93.78,4.17,14.22
2016,Oeste,Secundaria,12,96.57,4.49,13.56
2019,Este,Primaria,6,100.0,5.24,8.73
2021,Costa,Secundaria,14,100.0,5.77,7.66
2020,Costa,Secundaria,12,100.0,5.58,8.62
2019,Costa,Primaria,7,100.0,5.27,8.74
2011,Norte,Primaria,7,91.07,3.31,17.3
2017,Norte,Primaria,9,98.86,4.74,10.87
2012,Este,Secundaria,12,90.19,3.61,16.15
2021,Oeste,Primaria,10,100.0,5.85,8.3
2017,Sur,Secundaria,14,95.92,4.55,12.09
2016,Este,Primaria,6,98.64,4.57,12.3
2010,Oeste,Secundaria,15,86.07,2.96,19.18
2019,Centro,Primaria,10,100.0,5.25,8.48
2017,Centro,Secundaria,16,99.26,4.98,11.14
2016,Norte,Secundaria,15,97.83,4.61,11.54
2013,Este,Primaria,7,94.1,3.93,13.45
2014,Sur,Primaria,10,94.78,3.89,14.68
2021,Sur,Secundaria,12,100.0,5.66,6.65
2020,Centro,Secundaria,14,100.0,5.48,7.54
2021,Este,Secundaria,16,100.0,5.78,7.18
2010,Este,Primaria,8,86.06,2.89,17.92
2013,Costa,Secundaria,13,92.05,3.72,16.04
2023,Este,Secundaria,14,100.0,6.36,3.98
2011,Centro,Primaria,10,91.46,3.39,16.65
2023,Costa,Secundaria,12,100.0,6.32,5.06
2019,Costa,Primaria,8,100.0,5.26,8.81
2021,Sur,Primaria,10,100.0,5.76,6.18
2015,Este,Primaria,7,95.39,4.26,12.2
2016,Norte,Primaria,8,97.22,4.47,13.94
2014,Centro,Primaria,7,94.98,4.13,13.63
2016,Este,Secundaria,12,97.56,4.52,12.62
2022,Norte,Secundaria,13,100.0,6.01,7.99
2015,Norte,Primaria,7,96.99,4.24,13.89
2010,Sur,Secundaria,14,87.14,3.04,16.44
2016,Norte,Primaria,10,96.43,4.44,12.14
2011,Norte,Secundaria,17,89.01,3.26,18.26
2013,Oeste,Primaria,8,92.16,3.75,14.49
2012,Sur,Primaria,7,90.2,3.49,15.62
2021,Costa,Primaria,11,100.0,5.77,7.37
2014,Oeste,Primaria,6,93.46,3.85,14.28
2022,Oeste,Secundaria,16,100.0,6.06,6.31
2019,Oeste,Primaria,6,100.0,5.21,8.28
2017,Oeste,Secundaria,17,95.76,4.61,12.14
2013,Centro,Secundaria,16,93.0,3.93,14.8
2021,Sur,Secundaria,16,100.0,5.69,8.02
2019,Oeste,Primaria,11,100.0,5.08,10.28
2014,Oeste,Primaria,8,93.14,3.77,14.65
2014,Centro,Primaria,6,96.6,4.08,11.99
2022,Centro,Secundaria,14,100.0,6.05,5.6
2019,Centro,Secundaria,12,100.0,5.37,9.83
2023,Oeste,Secundaria,13,100.0,6.23,5.24
2017,Norte,Secundaria,16,99.0,4.76,11.42
2019,Centro,Primaria,10,100.0,5.38,9.02
2021,Costa,Secundaria,12,100.0,5.76,9.32
2023,Oeste,Primaria,11,100.0,6.14,4.07
2012,Este,Primaria,6,92.65,3.58,16.66
2020,Sur,Secundaria,17,100.0,5.46,9.19
2016,Este,Primaria,8,97.44,4.51,11.84
2019,Oeste,Secundaria,14,99.74,5.25,8.47
2010,Centro,Secundaria,12,87.91,3.03,17.7
2016,Este,Primaria,7,97.09,4.46,12.83
2023,Sur,Secundaria,15,100.0,6.19,4.61
2010,Norte,Secundaria,15,87.64,3.0,20.26
2012,Oeste,Primaria,10,92.22,3.59,15.84
2011,Oeste,Primaria,11,89.38,3.24,16.91
2021,Costa,Secundaria,12,100.0,5.8,5.98
2021,Centro,Secundaria,12,100.0,5.99,6.79
2017,Oeste,Secundaria,14,98.12,4.83,12.11
2012,Norte,Primaria,8,93.46,3.74,15.32
2023,Centro,Secundaria,17,100.0,6.28,5.95
2019,Oeste,Secundaria,14,100.0,5.35,9.53
2016,Costa,Primaria,9,96.41,4.47,12.42
2012,Centro,Secundaria,14,92.31,3.58,17.05
2017,Sur,Primaria,10,97.04,4.71,12.5
2020,Este,Primaria,8,100.0,5.53,7.31
2013,Este,Secundaria,17,92.42,3.77,15.55
2023,Sur,Secundaria,15,100.0,6.22,6.5
2020,Centro,Secundaria,15,100.0,5.72,7.53
2018,Este,Secundaria,14,97.96,4.85,10.13
2017,Centro,Secundaria,13,98.98,4.74,11.89
2010,Oeste,Secundaria,17,86.82,2.87,18.81
2011,Este,Secundaria,13,88.53,3.3,18.41
2020,Centro,Secundaria,12,100.0,5.61,9.3
2011,Sur,Primaria,10,89.43,3.23,17.88
2016,Oeste,Secundaria,16,97.6,4.62,13.32
2012,Norte,Primaria,7,93.79,3.58,16.52
2022,Norte,Secundaria,12,100.0,5.96,6.8
2021,Centro,Secundaria,12,100.0,5.88,6.46
2012,Centro,Secundaria,16,91.57,3.74,16.23
2015,Centro,Secundaria,13,96.67,4.5,14.29
2013,Costa,Primaria,7,90.5,3.74,15.38
2010,Oeste,Primaria,8,86.19,2.99,19.08
2022,Norte,Primaria,10,100.0,6.1,6.24
2020,Este,Secundaria,14,100.0,5.57,8.82
2021,Sur,Secundaria,14,100.0,5.69,7.2
2014,Centro,Primaria,11,96.06,4.06,13.85
2022,Sur,Secundaria,15,100.0,6.07,7.36
2010,Oeste,Primaria,8,87.95,3.09,17.52
2017,Costa,Secundaria,17,96.87,4.75,11.74
2011,Sur,Primaria,10,88.39,3.15,16.65
2019,Costa,Primaria,6,100.0,5.2,8.18
2018,Centro,Secundaria,12,99.49,5.01,10.22
2023,Norte,Secundaria,14,100.0,6.23,4.86
2020,Oeste,Secundaria,13,100.0,5.45,9.69
2019,Sur,Primaria,8,100.0,5.14,10.46
2015,Centro,Primaria,10,97.05,4.37,11.5
2011,Sur,Primaria,7,87.55,3.16,17.87
2022,Este,Secundaria,13,100.0,5.95,7.2
2012,Este,Primaria,8,90.32,3.49,15.63
2011,Este,Secundaria,15,88.58,3.08,18.49
2010,Costa,Secundaria,14,87.9,3.03,19.9
2021,Costa,Secundaria,15,100.0,5.73,7.75
2011,Norte,Secundaria,14,89.53,3.43,17.45
2013,Centro,Secundaria,16,92.12,3.81,15.1
2010,Sur,Secundaria,15,86.73,2.94,18.94
2021,Norte,Secundaria,13,100.0,5.75,6.1
2015,Este,Primaria,9,94.51,4.44,12.12
2019,Costa,Primaria,7,100.0,5.27,9.26
2018,Oeste,Primaria,6,100.0,5.07,8.43
2018,Oeste,Primaria,10,99.83,4.95,10.02
2022,Centro,Primaria,11,100.0,6.15,3.89
2022,Este,Secundaria,16,100.0,5.95,7.41
2015,Este,Primaria,10,95.29,4.23,12.85
2013,Centro,Secundaria,15,94.67,3.83,15.73
2012,Norte,Primaria,9,90.67,3.51,14.68
2011,Costa,Primaria,9,89.07,3.31,16.85
2022,Este,Secundaria,15,100.0,6.09,6.53
2014,Oeste,Secundaria,12,93.52,4.07,13.58
2022,Costa,Primaria,11,100.0,5.93,6.88
2018,Centro,Secundaria,15,100.0,5.05,11.73
2023,Centro,Secundaria,15,100.0,6.35,5.13
2018,Centro,Primaria,7,100.0,5.15,8.81
2010,Norte,Secundaria,17,86.95,2.98,19.21
2020,Este,Primaria,8,100.0,5.5,9.45
2018,Centro,Secundaria,15,100.0,5.18,9.83
2013,Sur,Secundaria,15,91.15,3.71,15.2
2018,Sur,Primaria,10,100.0,4.94,10.19
2012,Costa,Primaria,8,90.28,3.41,15.57
2017,Centro,Primaria,6,100.0,4.82,10.59
2021,Sur,Primaria,9,100.0,5.75,6.07
2012,Norte,Primaria,11,92.09,3.65,14.51
2018,Este,Primaria,7,97.82,4.89,11.64
2022,Costa,Secundaria,15,100.0,6.03,6.96
2021,Oeste,Primaria,8,100.0,5.69,6.73
2017,Norte,Primaria,8,100.0,4.75,10.56
2011,Este,Secundaria,16,88.02,3.42,18.23
2010,Este,Secundaria,14,88.14,3.07,18.1
2012,Oeste,Primaria,7,89.98,3.39,17.07
2014,Oeste,Primaria,8,93.47,3.89,14.7
2018,Sur,Primaria,11,100.0,4.96,10.81
2020,Oeste,Secundaria,12,100.0,5.36,9.72
2020,Este,Secundaria,15,100.0,5.51,8.16
2012,Norte,Primaria,8,92.53,3.61,14.79
2014,Este,Secundaria,12,91.8,3.92,15.11
2020,Norte,Secundaria,12,100.0,5.59,8.24
2020,Sur,Secundaria,14,100.0,5.48,9.51
2012,Sur,Primaria,7,90.27,3.4,16.09
2013,Costa,Primaria,10,91.24,3.78,13.71
2016,Norte,Secundaria,14,97.93,4.62,12.07
2014,Costa,Primaria,8,94.38,4.03,15.2
2014,Sur,Primaria,6,92.86,3.89,13.33
2016,Costa,Primaria,10,97.09,4.56,11.58
2011,Norte,Primaria,8,91.17,3.3,17.35
2010,Oeste,Primaria,6,88.01,2.99,19.18
2022,Este,Primaria,8,100.0,6.03,6.07
2017,Sur,Primaria,8,98.16,4.7,12.31
2014,Este,Primaria,6,93.02,3.86,14.24
2016,Este,Secundaria,15,97.08,4.6,12.63
2020,Oeste,Secundaria,15,100.0,5.51,8.52
2016,Centro,Secundaria,15,97.09,4.61,11.15
2022,Sur,Primaria,6,100.0,5.99,6.19
2021,Este,Secundaria,15,100.0,5.74,6.3
2013,Norte,Secundaria,12,93.51,3.81,16.81
2018,Sur,Primaria,11,99.53,4.98,11.6
2010,Sur,Secundaria,16,85.21,2.78,20.51
2016,Centro,Primaria,10,97.48,4.54,11.22
2017,Centro,Secundaria,14,98.16,4.8,11.36
2023,Centro,Primaria,6,100.0,6.32,5.03
2013,Sur,Primaria,9,92.47,3.65,16.2
2020,Sur,Secundaria,14,99.61,5.39,9.04
2022,Este,Primaria,11,100.0,6.04,5.51
2016,Este,Primaria,6,97.94,4.58,11.82
2012,Centro,Secundaria,17,92.01,3.63,17.24
2018,Costa,Secundaria,12,98.85,5.07,10.14
2020,Este,Primaria,9,100.0,5.56,8.84
2016,Sur,Primaria,10,96.81,4.56,11.84
2010,Costa,Primaria,7,89.16,3.12,17.13
2019,Oeste,Primaria,11,100.0,5.18,9.1
2013,Costa,Primaria,6,91.74,3.68,14.82
2018,Este,Secundaria,12,99.38,4.97,11.07
2012,Sur,Primaria,11,89.87,3.42,16.1
2018,Norte,Primaria,11,100.0,5.13,8.89
2021,Centro,Secundaria,16,100.0,5.89,7.42
2010,Este,Primaria,11,88.43,3.04,17.39
2018,Sur,Primaria,11,99.52,4.89,10.35
2019,Este,Primaria,7,100.0,5.24,9.71
2019,Norte,Primaria,11,100.0,5.31,9.41
2017,Costa,Secundaria,12,97.12,4.76,11.76
2011,Este,Primaria,7,88.6,3.04,17.9
2014,Sur,Primaria,9,93.37,3.97,14.09
2014,Oeste,Secundaria,13,94.07,4.01,12.52
2015,Centro,Primaria,10,96.87,4.29,12.44
2022,Costa,Primaria,11,100.0,6.11,5.32
2010,Centro,Secundaria,15,87.91,3.16,18.72
2018,Norte,Primaria,6,100.0,5.12,10.37
2017,Este,Secundaria,13,97.59,4.65,11.88
2020,Centro,Primaria,11,100.0,5.66,6.76
2015,Centro,Primaria,8,95.93,4.36,11.6
2017,Este,Primaria,9,99.39,4.79,11.14
2017,Costa,Secundaria,16,96.79,4.57,12.94
2012,Norte,Primaria,6,90.89,3.45,15.73
2010,Este,Primaria,6,88.16,3.0,18.75
2022,Costa,Secundaria,12,100.0,5.89,7.93
2021,Sur,Secundaria,17,100.0,5.8,7.48
2013,Centro,Secundaria,17,93.13,3.76,15.51
2016,Sur,Secundaria,13,96.26,4.5,12.46
2012,Norte,Primaria,11,94.0,3.6,15.65
2010,Norte,Primaria,10,91.54,3.29,15.27
2019,Costa,Secundaria,17,100.0,5.25,8.53
2018,Costa,Primaria,6,100.0,5.11,9.36
2011,Norte,Primaria,9,91.17,3.29,17.03
2023,Centro,Primaria,9,100.0,6.26,5.68
2020,Norte,Primaria,6,100.0,5.6,5.93
2012,Centro,Secundaria,12,92.63,3.7,16.99
2019,Sur,Secundaria,16,99.6,5.15,8.83
2020,Norte,Primaria,10,100.0,5.65,7.68
2015,Costa,Primaria,7,96.23,4.29,12.95
2020,Costa,Secundaria,17,100.0,5.5,7.81
2017,Norte,Secundaria,13,98.16,4.84,11.62
2015,Este,Primaria,9,96.42,4.28,12.67
2016,Costa,Primaria,7,95.99,4.45,12.01
2016,Este,Secundaria,16,95.42,4.53,12.76
2011,Oeste,Primaria,9,90.9,3.25,16.06
2015,Costa,Primaria,7,95.8,4.19,12.41
2011,Norte,Secundaria,14,88.15,3.12,17.04
2014,Este,Primaria,7,94.9,4.07,14.07
2014,Oeste,Secundaria,14,92.38,3.92,15.43
2022,Costa,Primaria,6,100.0,6.04,5.1
2010,Este,Primaria,9,87.43,2.96,17.36
2016,Costa,Secundaria,13,95.26,4.53,12.65
2012,Oeste,Primaria,10,90.93,3.45,15.5
2022,Este,Primaria,8,100.0,6.0,6.23
2015,Centro,Secundaria,17,97.05,4.34,13.87
2015,Costa,Primaria,8,95.85,4.27,11.98
2018,Centro,Primaria,8,100.0,4.96,10.19
2020,Oeste,Primaria,10,100.0,5.57,7.3
2017,Costa,Secundaria,12,98.9,4.83,12.06
2021,Oeste,Primaria,7,100.0,5.75,5.65
2012,Norte,Primaria,9,91.02,3.44,16.97
2018,Costa,Primaria,9,100.0,5.06,9.56
2020,Centro,Secundaria,12,100.0,5.6,8.43
2016,Este,Secundaria,13,96.7,4.65,11.8
2021,Este,Secundaria,13,100.0,5.74,6.38
2022,Oeste,Secundaria,12,100.0,5.96,7.1
2019,Centro,Secundaria,13,100.0,5.42,9.77
2022,Centro,Secundaria,15,100.0,5.93,7.64
2019,Costa,Secundaria,13,100.0,5.22,9.85
2014,Norte,Secundaria,14,95.54,4.06,13.58
2013,Costa,Primaria,11,91.06,3.57,14.63
2014,Este,Primaria,11,93.9,3.95,14.72
2021,Sur,Primaria,7,100.0,5.72,7.02
2022,Sur,Primaria,9,100.0,5.97,6.25
2018,Este,Primaria,10,100.0,5.15,9.05
2023,Sur,Primaria,11,100.0,6.27,4.33
2012,Costa,Secundaria,12,88.26,3.39,17.49
2016,Este,Primaria,11,98.27,4.58,10.72
2019,Costa,Primaria,9,100.0,5.28,9.5
2012,Centro,Primaria,10,91.35,3.61,15.78
2018,Este,Primaria,7,100.0,4.93,10.76
2013,Este,Secundaria,15,93.35,3.92,15.49
2017,Costa,Secundaria,12,98.31,4.88,12.13
2014,Oeste,Primaria,10,94.62,4.0,13.92
2016,Este,Primaria,6,98.02,4.46,12.64
2015,Centro,Primaria,10,96.76,4.26,13.28
2020,Este,Secundaria,13,100.0,5.43,9.33
2023,Sur,Secundaria,13,100.0,6.27,5.71
2020,Centro,Primaria,10,100.0,5.46,7.19
2014,Norte,Secundaria,13,94.61,4.16,14.85
2018,Este,Secundaria,15,100.0,5.01,11.93
2011,Este,Primaria,10,89.35,3.3,17.06
2010,Este,Secundaria,12,88.27,3.08,19.21
2017,Sur,Primaria,8,97.56,4.88,10.23
2013,Este,Secundaria,12,92.8,3.83,14.47
2023,Norte,Secundaria,16,100.0,6.31,6.91
2023,Este,Secundaria,13,100.0,6.3,5.59
2012,Centro,Primaria,10,91.01,3.61,14.91
2015,Norte,Secundaria,17,94.63,4.33,13.82
2017,Norte,Secundaria,17,98.1,4.83,10.8
2018,Norte,Secundaria,17,100.0,5.0,11.37
2020,Centro,Secundaria,17,100.0,5.62,8.8
2011,Centro,Secundaria,17,90.25,3.24,17.68
2017,Norte,Secundaria,13,98.06,4.91,11.52
2017,Oeste,Primaria,8,97.64,4.69,10.3
2010,Este,Secundaria,17,87.97,2.93,19.63
2018,Centro,Primaria,10,100.0,5.15,9.34
2013,Este,Secundaria,14,91.18,3.83,14.86
2020,Centro,Primaria,9,100.0,5.61,7.72
2017,Oeste,Primaria,8,97.99,4.6,11.4
2023,Sur,Secundaria,12,100.0,6.1,6.58
2012,Oeste,Secundaria,13,90.01,3.52,17.3
2016,Sur,Secundaria,12,96.75,4.63,12.58
2018,Oeste,Primaria,6,100.0,4.99,9.95
2014,Sur,Secundaria,14,92.78,3.97,14.8
2015,Este,Secundaria,15,96.05,4.32,13.48
2012,Sur,Primaria,9,90.65,3.38,17.13
2017,Oeste,Secundaria,14,98.32,4.81,10.46
2014,Centro,Primaria,7,94.92,4.05,14.2
2018,Centro,Primaria,7,100.0,5.1,9.81
2016,Este,Primaria,7,97.8,4.46,10.88
2017,Este,Secundaria,15,96.93,4.68,11.7
2023,Sur,Primaria,11,100.0,6.14,5.44
2023,Sur,Primaria,9,100.0,6.13,6.47
2017,Oeste,Primaria,6,98.57,4.69,11.37
2018,Centro,Primaria,10,100.0,5.22,8.7
2019,Sur,Primaria,10,100.0,5.22,9.37
2016,Sur,Primaria,6,97.75,4.4,12.72
2020,Norte,Secundaria,14,100.0,5.61,8.68
2010,Costa,Primaria,10,88.14,2.95,19.97
2010,Centro,Primaria,10,90.21,3.19,17.44
2010,Norte,Primaria,10,89.57,3.14,16.53
2013,Centro,Secundaria,17,92.76,3.82,16.29
2011,Sur,Secundaria,13,88.21,3.2,17.44
2017,Sur,Primaria,9,97.82,4.7,12.51
2021,Este,Primaria,8,100.0,5.69,7.64
2010,Oeste,Primaria,6,87.8,2.88,18.36
2018,Oeste,Secundaria,13,100.0,4.96,10.98
2012,Norte,Secundaria,15,90.6,3.5,16.95
2020,Centro,Primaria,8,100.0,5.6,8.47
2020,Este,Primaria,9,100.0,5.59,8.21
2022,Costa,Secundaria,13,100.0,5.98,7.03
2019,Oeste,Primaria,10,100.0,5.27,8.22
2019,Costa,Secundaria,17,100.0,5.39,9.4
2011,Sur,Primaria,7,88.51,3.17,17.94
2011,Oeste,Secundaria,12,89.73,3.34,17.61
2011,Este,Secundaria,12,87.98,3.21,17.79
2022,Costa,Primaria,6,100.0,5.91,5.59
2021,Oeste,Secundaria,12,100.0,5.74,9.24
2016,Centro,Primaria,8,97.8,4.59,11.71
2016,Oeste,Primaria,9,96.2,4.36,12.62
2010,Centro,Primaria,7,90.7,3.2,17.23
2014,Norte,Primaria,7,94.64,4.14,13.13
2011,Sur,Secundaria,12,85.86,3.12,17.83
2020,Centro,Secundaria,16,100.0,5.58,10.15
2012,Sur,Secundaria,16,88.63,3.44,16.37
2019,Norte,Secundaria,12,100.0,5.23,9.59
2022,Oeste,Primaria,6,100.0,6.0,5.04
2023,Costa,Primaria,9,100.0,6.14,5.25
2017,Sur,Secundaria,15,95.56,4.56,12.8
2011,Sur,Primaria,11,89.62,3.31,16.49
2019,Centro,Primaria,10,100.0,5.3,9.93
2020,Sur,Primaria,11,100.0,5.39,9.13
2021,Centro,Secundaria,12,100.0,5.83,7.09
2016,Sur,Secundaria,16,94.1,4.39,12.59
2018,Sur,Primaria,9,100.0,5.12,10.86
2013,Costa,Secundaria,17,92.67,3.79,15.42
2012,Oeste,Primaria,11,92.4,3.54,15.74
2016,Sur,Primaria,6,96.76,4.52,12.84
2016,Este,Primaria,9,97.84,4.69,11.98
2010,Oeste,Secundaria,12,86.06,2.8,19.65
2023,Norte,Secundaria,13,100.0,6.39,5.46
2011,Costa,Primaria,11,89.6,3.26,17.01
2012,Este,Secundaria,13,90.27,3.53,16.76
2011,Costa,Primaria,10,89.94,3.34,16.33
2018,Centro,Primaria,11,100.0,5.15,10.07
2019,Norte,Primaria,9,100.0,5.19,9.4
2021,Centro,Secundaria,13,100.0,5.87,7.59
2019,Oeste,Primaria,6,100.0,5.21,8.98
2010,Costa,Secundaria,17,87.42,3.09,17.74
2013,Oeste,Primaria,7,89.69,3.56,16.5
2020,Sur,Primaria,6,100.0,5.5,8.24
2014,Centro,Primaria,6,95.5,4.11,13.15
2020,Sur,Primaria,10,100.0,5.5,8.12
2020,Este,Primaria,8,100.0,5.56,6.56
2012,Oeste,Secundaria,16,88.04,3.31,17.52
2015,Sur,Primaria,6,93.51,4.25,13.71
2015,Costa,Primaria,7,95.5,4.25,13.34
2014,Norte,Secundaria,13,94.42,4.01,14.54
2021,Este,Secundaria,16,100.0,5.85,7.32
2023,Norte,Primaria,6,100.0,6.32,4.48
2011,Centro,Primaria,7,91.81,3.48,15.95
2017,Oeste,Secundaria,12,97.11,4.81,11.48
2012,Norte,Secundaria,13,90.36,3.49,15.88
2017,Norte,Primaria,6,100.0,4.89,9.82
2019,Centro,Secundaria,17,100.0,5.35,9.42
2018,Sur,Primaria,6,98.88,4.95,10.27
2011,Costa,Secundaria,17,88.5,3.24,18.42
2010,Sur,Primaria,10,88.35,3.03,18.16
2022,Oeste,Primaria,9,100.0,5.91,6.47
2015,Norte,Secundaria,16,95.86,4.36,12.54
2018,Oeste,Secundaria,13,98.67,4.85,11.9
2021,Norte,Primaria,11,100.0,5.85,5.52
2010,Sur,Primaria,9,87.34,2.85,18.24
2019,Costa,Secundaria,13,99.49,5.15,10.3
2022,Costa,Secundaria,13,100.0,6.0,6.23
2022,Este,Secundaria,17,100.0,5.94,7.79
2020,Costa,Primaria,6,100.0,5.59,8.46
2014,Sur,Primaria,9,93.19,3.86,13.83
2017,Oeste,Secundaria,13,97.59,4.85,10.71
2016,Centro,Primaria,9,98.18,4.66,11.55
2011,Costa,Secundaria,13,88.21,3.26,17.76
2013,Norte,Secundaria,13,93.11,3.87,16.79
2018,Oeste,Primaria,9,99.42,4.99,10.57
2012,Sur,Primaria,8,92.3,3.64,17.07
2014,Este,Secundaria,15,94.07,4.06,13.6
2011,Costa,Primaria,6,89.48,3.2,16.41
2021,Oeste,Secundaria,16,100.0,5.76,7.19
2012,Costa,Primaria,10,92.21,3.47,15.21
2019,Sur,Secundaria,15,100.0,5.19,9.18
2012,Oeste,Secundaria,13,90.16,3.43,18.28
2014,Costa,Primaria,11,94.2,3.96,14.47
2016,Norte,Secundaria,16,97.15,4.64,12.91
2018,Costa,Primaria,11,99.7,5.0,10.5
2015,Sur,Primaria,11,94.91,4.26,12.99
2017,Este,Primaria,6,99.38,4.75,10.6
2020,Norte,Primaria,10,100.0,5.57,8.4
2016,Costa,Primaria,10,95.49,4.46,13.34
2020,Sur,Secundaria,17,100.0,5.55,7.45
2023,Costa,Primaria,11,100.0,6.38,5.42
2017,Norte,Secundaria,12,98.05,4.82,11.96
2019,Norte,Primaria,6,100.0,5.4,7.87
2019,Norte,Primaria,11,100.0,5.21,8.32
2022,Centro,Primaria,7,100.0,6.0,6.01
2016,Oeste,Secundaria,15,93.88,4.53,12.46
2021,Sur,Secundaria,17,100.0,5.56,8.96
2014,Norte,Primaria,9,96.15,4.29,12.76
2022,Sur,Secundaria,16,100.0,6.03,5.84
2017,Norte,Secundaria,14,98.33,4.96,11.03
2011,Centro,Secundaria,15,89.08,3.34,17.09
2018,Costa,Secundaria,17,98.3,4.89,12.0
2014,Este,Secundaria,15,91.37,3.96,15.77
2023,Este,Primaria,7,100.0,6.21,5.47
2017,Oeste,Secundaria,17,98.1,4.79,12.38
2021,Sur,Secundaria,17,100.0,5.62,8.35
2016,Sur,Primaria,10,95.17,4.39,12.36
2010,Norte,Secundaria,14,88.86,3.2,19.49
2017,Oeste,Primaria,7,97.56,4.63,10.27
2018,Centro,Primaria,10,100.0,5.05,10.51
2018,Oeste,Secundaria,12,99.19,5.08,11.89
2011,Centro,Secundaria,15,90.21,3.55,17.56
2010,Norte,Secundaria,13,85.98,2.95,18.59
2018,Oeste,Primaria,6,99.11,4.79,11.65
2016,Centro,Secundaria,12,97.4,4.55,12.74
2021,Oeste,Primaria,10,100.0,5.74,7.43
2013,Norte,Secundaria,16,92.53,3.82,15.21
2019,Norte,Primaria,8,100.0,5.28,8.66
2013,Costa,Secundaria,15,92.11,3.65,17.07
2011,Sur,Primaria,9,90.23,3.27,16.45
2018,Sur,Secundaria,17,99.21,4.91,10.4
2015,Oeste,Secundaria,14,93.56,4.17,13.48
2016,Centro,Primaria,11,99.28,4.6,10.7
2012,Costa,Secundaria,12,90.13,3.62,16.72
2012,Centro,Secundaria,14,90.68,3.62,17.44
2019,Centro,Secundaria,17,100.0,5.56,9.86
2015,Costa,Secundaria,13,93.6,4.23,12.52
2019,Oeste,Primaria,8,100.0,5.28,8.46
2015,Oeste,Primaria,8,93.72,4.06,14.27
2020,Oeste,Primaria,9,100.0,5.43,8.71
2015,Sur,Secundaria,12,95.29,4.2,13.98
2014,Norte,Primaria,11,93.16,4.02,14.78
2013,Norte,Primaria,9,93.21,3.76,15.62
2018,Costa,Primaria,8,100.0,4.96,10.0
2015,Sur,Primaria,11,93.71,4.12,12.24
2012,Norte,Secundaria,13,89.93,3.53,16.56
2010,Norte,Secundaria,17,87.3,3.08,19.01
2023,Norte,Secundaria,12,100.0,6.36,5.82
2015,Este,Secundaria,17,92.83,4.19,14.69
2023,Centro,Secundaria,16,100.0,6.34,5.89
2015,Centro,Primaria,11,96.2,4.29,11.44
2010,Centro,Primaria,6,88.72,3.17,16.49
2023,Costa,Primaria,10,100.0,6.39,5.59
2017,Centro,Primaria,9,99.22,4.87,11.23
2023,Sur,Primaria,10,100.0,6.24,5.85
2020,Este,Secundaria,14,100.0,5.51,9.6
2012,Oeste,Primaria,11,90.17,3.52,15.85
2013,Sur,Secundaria,13,90.95,3.69,16.82
2016,Centro,Secundaria,16,95.6,4.5,12.31
2010,Norte,Secundaria,14,88.5,3.18,18.6
2014,Sur,Primaria,6,95.0,4.13,13.51
2010,Costa,Primaria,9,89.06,3.05,16.9
2018,Sur,Secundaria,17,97.2,4.95,9.79
2019,Costa,Primaria,7,100.0,5.29,8.06
2013,Costa,Secundaria,14,93.91,3.89,15.63
2010,Sur,Primaria,8,87.77,2.92,18.51
2012,Costa,Secundaria,15,88.73,3.56,16.48
2015,Costa,Secundaria,16,95.31,4.27,13.7
2014,Costa,Secundaria,14,92.17,3.83,15.58
2021,Este,Primaria,7,100.0,5.75,8.24
2019,Costa,Primaria,7,100.0,5.3,8.6
2010,Sur,Secundaria,16,86.33,2.98,18.23
2016,Este,Primaria,7,97.78,4.52,11.83
2019,Oeste,Secundaria,17,99.16,5.13,9.65
2023,Este,Secundaria,13,100.0,6.3,6.21
2016,Norte,Primaria,8,98.63,4.59,11.87
2016,Centro,Secundaria,17,98.68,4.65,12.43
2015,Este,Primaria,7,97.08,4.42,12.98
2022,Centro,Primaria,6,100.0,6.11,4.77
2016,Sur,Secundaria,12,95.79,4.54,12.1
2014,Sur,Primaria,10,93.47,3.99,13.84
2014,Centro,Secundaria,17,95.96,4.33,12.77
2017,Centro,Secundaria,13,98.45,4.89,11.32
2022,Oeste,Secundaria,12,100.0,6.19,5.27
2016,Oeste,Primaria,9,95.67,4.4,11.64
2019,Costa,Secundaria,16,98.93,5.16,9.49
2014,Costa,Secundaria,13,93.42,4.04,15.39
2015,Costa,Primaria,11,94.84,4.24,13.77
2014,Costa,Secundaria,16,94.7,4.11,15.18
2011,Sur,Primaria,6,88.72,3.27,17.36
2011,Centro,Primaria,8,89.82,3.42,16.68
2017,Sur,Secundaria,15,96.5,4.64,12.05
2018,Costa,Secundaria,15,99.92,5.0,10.65
2023,Costa,Secundaria,15,100.0,6.32,5.6
2013,Este,Secundaria,14,90.93,3.74,16.57
2022,Oeste,Primaria,7,100.0,5.98,4.74
2016,Norte,Primaria,10,98.34,4.68,12.05
2010,Norte,Primaria,6,89.38,3.08,18.42
2022,Sur,Primaria,11,100.0,5.98,6.13
2014,Norte,Primaria,8,93.42,4.18,14.57
2023,Este,Secundaria,12,100.0,6.32,6.07
2016,Costa,Secundaria,17,95.74,4.39,13.45
2022,Centro,Secundaria,17,100.0,6.12,6.5
2015,Oeste,Secundaria,15,93.99,4.23,14.48
2020,Centro,Secundaria,15,100.0,5.63,7.69
2011,Norte,Secundaria,15,89.82,3.52,17.83
2012,Oeste,Secundaria,16,90.32,3.57,15.18
2012,Oeste,Secundaria,12,88.76,3.49,16.39
2017,Norte,Secundaria,16,98.07,4.78,11.75
2017,Oeste,Primaria,6,99.06,4.8,10.37
2012,Oeste,Primaria,8,91.4,3.5,14.82
2020,Este,Secundaria,16,100.0,5.64,9.0
2021,Costa,Secundaria,16,100.0,5.78,5.88
2020,Costa,Primaria,8,100.0,5.59,8.26
2017,Este,Primaria,9,98.91,4.72,11.03
2019,Costa,Secundaria,12,99.91,5.24,10.07
2022,Sur,Primaria,11,100.0,5.96,6.57
2019,Norte,Primaria,9,100.0,5.27,8.02
2018,Oeste,Primaria,9,98.35,5.01,9.49
2010,Norte,Primaria,9,88.91,3.05,16.07
2015,Sur,Primaria,6,95.83,4.18,11.82
2013,Este,Secundaria,16,92.06,3.73,16.07
2014,Centro,Secundaria,12,96.18,4.1,15.88
2014,Costa,Primaria,7,93.48,3.88,14.72
2021,Costa,Primaria,8,100.0,5.83,6.25
2013,Oeste,Secundaria,16,92.87,3.77,16.35
2014,Costa,Secundaria,14,93.88,4.05,14.98
2015,Centro,Secundaria,17,97.98,4.46,13.8
2013,Costa,Secundaria,12,91.28,3.78,16.7
2015,Oeste,Secundaria,13,93.07,4.21,14.54
2023,Norte,Primaria,11,100.0,6.44,4.42
2014,Sur,Secundaria,17,93.4,3.93,14.01
2013,Este,Secundaria,16,92.52,3.79,15.32
2010,Centro,Secundaria,17,88.0,2.93,18.81
2023,Este,Secundaria,15,100.0,6.24,5.56
2022,Norte,Secundaria,14,100.0,6.08,6.84
2013,Este,Secundaria,14,92.73,3.83,15.6
2023,Centro,Primaria,11,100.0,6.4,3.98
2015,Costa,Primaria,7,95.63,4.33,13.24
2018,Sur,Primaria,6,100.0,4.91,10.49
2022,Sur,Secundaria,16,100.0,5.91,6.69
2013,Este,Secundaria,17,90.36,3.8,15.92
2021,Este,Secundaria,17,100.0,5.72,7.71
2016,Costa,Secundaria,14,94.75,4.47,13.36
2010,Este,Primaria,6,88.07,3.03,18.88
2022,Oeste,Secundaria,13,100.0,5.82,6.48
2011,Sur,Primaria,9,88.63,3.08,17.86
2018,Norte,Primaria,7,100.0,5.11,9.4
2017,Este,Secundaria,17,98.1,4.72,12.23
2019,Este,Primaria,11,100.0,5.34,9.61
2020,Sur,Secundaria,13,100.0,5.41,10.59
2019,Oeste,Secundaria,15,99.97,5.15,10.27
2019,Sur,Secundaria,15,99.83,5.25,9.32
2023,Norte,Primaria,6,100.0,6.31,6.19
2022,Oeste,Secundaria,12,100.0,6.01,7.47
2019,Sur,Secundaria,13,99.57,5.15,10.51
2011,Centro,Secundaria,17,88.18,3.29,18.53
2011,Norte,Primaria,10,90.67,3.3,16.13
2020,Centro,Primaria,9,100.0,5.54,8.48
2017,Oeste,Primaria,6,98.25,4.71,11.58
2020,Centro,Primaria,8,100.0,5.52,8.08
2022,Este,Secundaria,15,100.0,6.05,5.93
2021,Costa,Secundaria,14,100.0,5.81,7.96
2011,Oeste,Secundaria,12,90.08,3.26,19.56
2016,Costa,Secundaria,14,94.94,4.4,12.23
2010,Sur,Primaria,6,88.3,3.05,18.95
2013,Costa,Primaria,9,91.55,3.61,15.88
2010,Oeste,Secundaria,14,86.18,2.99,19.38
2022,Costa,Primaria,7,100.0,6.01,5.75
2010,Sur,Secundaria,15,86.08,3.01,20.46
2011,Oeste,Secundaria,17,89.67,3.17,18.28
2012,Costa,Primaria,7,90.66,3.46,15.87
2011,Sur,Primaria,6,89.94,3.29,16.53
2020,Costa,Primaria,8,100.0,5.59,8.45
2016,Costa,Secundaria,15,95.4,4.42,14.05
2018,Este,Secundaria,14,98.89,5.0,9.57
2022,Centro,Secundaria,12,100.0,6.04,5.75
2020,Este,Secundaria,13,100.0,5.32,9.2
2016,Oeste,Secundaria,16,96.6,4.57,10.81
2017,Costa,Secundaria,12,96.76,4.7,11.49
2019,Centro,Primaria,8,100.0,5.36,8.12
2014,Sur,Primaria,9,93.94,3.97,14.7
2017,Oeste,Secundaria,14,95.85,4.62,13.22
2021,Centro,Primaria,7,100.0,5.92,6.21
2021,Oeste,Primaria,7,100.0,5.67,8.03
2012,Sur,Primaria,7,89.14,3.33,14.79
2019,Centro,Secundaria,16,100.0,5.38,8.89
2015,Centro,Secundaria,17,95.76,4.36,12.86
2020,Oeste,Primaria,9,100.0,5.43,8.64
2015,Este,Primaria,6,94.68,4.27,12.84
2011,Oeste,Primaria,11,90.12,3.36,17.57
2019,Oeste,Secundaria,12,100.0,5.28,9.47
2021,Sur,Secundaria,17,100.0,5.7,7.95
2020,Costa,Secundaria,14,100.0,5.47,7.91
2011,Oeste,Primaria,6,88.88,3.37,17.49
2017,Norte,Primaria,11,99.58,4.79,10.0
2010,Sur,Primaria,9,86.67,2.8,20.07
2018,Centro,Primaria,9,100.0,5.2,9.31
2012,Centro,Secundaria,13,91.33,3.56,18.0
2013,Oeste,Secundaria,12,90.07,3.55,17.3
2017,Este,Primaria,11,95.98,4.66,10.42
2018,Este,Secundaria,13,98.52,4.92,10.95
2022,Costa,Secundaria,13,100.0,5.83,7.05
2021,Este,Secundaria,13,100.0,5.72,7.43
2011,Centro,Primaria,7,89.62,3.3,16.88
2016,Norte,Primaria,6,97.04,4.71,11.33
2023,Oeste,Primaria,7,100.0,6.22,4.72
2020,Sur,Secundaria,12,99.13,5.4,8.7
2019,Este,Secundaria,12,100.0,5.26,10.29
2017,Oeste,Secundaria,14,96.37,4.74,11.75
2017,Norte,Secundaria,17,99.61,4.9,11.03
2017,Norte,Primaria,6,99.83,4.93,11.8
2023,Oeste,Secundaria,15,100.0,6.07,6.68
2018,Centro,Secundaria,12,99.13,4.98,10.62
2014,Norte,Secundaria,13,93.63,4.07,14.83
2011,Costa,Primaria,6,90.45,3.4,17.02
2023,Este,Primaria,11,100.0,6.24,5.69
2013,Costa,Secundaria,14,92.39,3.84,15.59
2010,Norte,Secundaria,14,86.74,3.03,17.8
2012,Costa,Primaria,9,90.04,3.46,16.36
2016,Oeste,Primaria,7,95.32,4.46,13.6
2017,Centro,Primaria,8,100.0,4.96,10.21
2013,Centro,Secundaria,15,93.85,3.81,15.61
2019,Sur,Secundaria,15,99.81,5.21,9.25
2010,Sur,Primaria,10,87.71,2.98,17.69
2019,Costa,Primaria,8,100.0,5.32,8.54
2017,Este,Secundaria,15,97.65,4.78,11.02
2012,Sur,Secundaria,13,91.29,3.52,17.16
2020,Oeste,Primaria,8,100.0,5.61,7.19
2014,Costa,Secundaria,12,93.33,4.07,13.63
2021,Sur,Secundaria,12,100.0,5.67,7.29
2012,Costa,Secundaria,15,90.24,3.49,16.73
2010,Norte,Primaria,6,89.64,3.1,15.7
2019,Oeste,Primaria,7,100.0,5.21,10.37
2010,Este,Secundaria,13,86.62,2.94,19.72
2015,Oeste,Primaria,6,95.23,4.15,13.56
2019,Oeste,Primaria,6,100.0,5.18,8.65
2013,Sur,Primaria,11,90.45,3.54,15.18
2013,Norte,Secundaria,16,94.12,4.06,14.25
2013,Oeste,Primaria,8,92.61,3.8,16.02
2010,Costa,Primaria,9,87.56,2.96,18.55
2023,Sur,Primaria,8,100.0,6.14,6.11
2019,Oeste,Secundaria,15,100.0,5.33,10.35
2016,Norte,Primaria,10,96.95,4.46,11.42
2012,Este,Secundaria,12,88.92,3.44,15.85
2023,Norte,Secundaria,13,100.0,6.41,5.0
2012,Norte,Primaria,10,91.9,3.57,14.84
2014,Centro,Secundaria,12,94.14,4.16,14.46
2015,Costa,Secundaria,17,93.53,4.26,13.72
2013,Costa,Primaria,6,93.25,3.75,15.1
2018,Centro,Secundaria,13,98.88,5.05,10.35
2020,Norte,Primaria,10,100.0,5.62,6.88
2010,Costa,Secundaria,16,87.89,3.02,19.11
2022,Norte,Primaria,7,100.0,6.1,5.0
2015,Sur,Secundaria,17,93.21,4.17,14.31
2012,Sur,Primaria,9,89.64,3.55,14.79
2010,Centro,Primaria,10,89.39,3.11,16.92
2022,Norte,Primaria,7,100.0,6.13,5.08
2015,Costa,Secundaria,12,94.52,4.16,14.93
2018,Sur,Secundaria,12,97.07,4.82,12.73
2011,Costa,Primaria,7,90.26,3.31,16.95
2022,Oeste,Secundaria,15,100.0,5.92,7.88
2022,Sur,Secundaria,16,100.0,5.88,7.46
2023,Este,Secundaria,16,100.0,6.31,6.77
2020,Norte,Primaria,10,100.0,5.68,6.23
2015,Este,Primaria,11,95.85,4.25,12.89
2013,Centro,Primaria,10,93.56,3.83,15.09
2023,Sur,Secundaria,17,100.0,6.24,6.73
2016,Costa,Secundaria,17,94.88,4.55,12.24
2012,Oeste,Primaria,9,90.35,3.48,15.45
2017,Este,Primaria,7,98.7,4.63,11.41
2016,Sur,Primaria,9,95.89,4.51,11.41
2011,Centro,Secundaria,17,89.8,3.29,16.75
2016,Este,Primaria,7,98.02,4.69,10.21
2010,Costa,Secundaria,14,87.74,2.95,18.54
2013,Este,Secundaria,17,92.4,3.79,16.15
2022,Centro,Secundaria,14,100.0,6.1,6.74
2016,Costa,Secundaria,17,95.86,4.52,12.93
2013,Costa,Primaria,7,93.19,3.95,14.53
2020,Sur,Primaria,6,100.0,5.43,7.93
2019,Este,Secundaria,15,100.0,5.36,10.27
2011,Centro,Secundaria,14,88.25,3.35,16.59
2010,Este,Primaria,7,87.98,3.0,17.55
2016,Sur,Primaria,8,96.91,4.51,11.94
2016,Oeste,Secundaria,15,97.45,4.5,11.42
2017,Costa,Secundaria,14,97.68,4.74,11.9
2018,Este,Secundaria,13,100.0,4.95,12.22
2012,Este,Secundaria,17,89.7,3.56,16.58
2018,Centro,Primaria,9,100.0,5.38,9.1
2018,Oeste,Primaria,10,99.87,4.97,9.66
2014,Sur,Primaria,6,93.01,4.0,13.9
2013,Costa,Primaria,11,92.87,3.71,14.56
2021,Oeste,Secundaria,12,100.0,6.01,6.34
2017,Centro,Secundaria,12,98.07,4.74,10.3
2019,Centro,Secundaria,17,100.0,5.31,10.4
2018,Norte,Secundaria,14,98.92,4.93,11.91
2016,Costa,Primaria,6,96.64,4.56,11.98
2020,Norte,Secundaria,16,100.0,5.59,8.71
2011,Norte,Primaria,8,90.76,3.36,16.72
2023,Costa,Secundaria,13,100.0,6.25,6.2
2020,Sur,Secundaria,17,100.0,5.58,9.13
2022,Norte,Primaria,8,100.0,6.19,6.13
2012,Centro,Primaria,11,92.6,3.7,15.07
2017,Sur,Primaria,10,96.4,4.49,12.03
2017,Este,Secundaria,14,97.89,4.7,12.73
2013,Costa,Secundaria,12,92.43,3.76,15.97
2019,Oeste,Secundaria,17,100.0,5.3,10.18
2013,Norte,Primaria,6,92.32,3.61,15.91
2018,Centro,Primaria,11,100.0,5.23,9.65
2021,Norte,Primaria,7,100.0,5.86,6.23
2022,Sur,Secundaria,16,100.0,6.08,6.33
2020,Sur,Secundaria,15,99.81,5.36,9.22
2016,Costa,Secundaria,16,94.6,4.44,12.99
2021,Norte,Primaria,6,100.0,5.74,7.88
2017,Oeste,Primaria,7,96.06,4.68,11.39
2021,Este,Secundaria,14,100.0,5.72,8.45
2019,Oeste,Secundaria,15,98.87,5.09,10.88
2017,Oeste,Secundaria,12,98.94,4.83,12.11
2018,Norte,Primaria,10,100.0,5.12,11.18
2022,Sur,Primaria,7,100.0,5.89,6.45
2023,Oeste,Primaria,6,100.0,6.06,5.16
2019,Norte,Primaria,6,100.0,5.42,7.82
2010,Centro,Primaria,10,87.9,2.92,18.31
2018,Centro,Secundaria,15,100.0,5.01,11.51
2017,Oeste,Primaria,10,96.13,4.63,11.08
2021,Centro,Secundaria,17,100.0,5.79,7.84
2021,Este,Primaria,9,100.0,5.81,6.62
2019,Oeste,Primaria,7,100.0,5.3,7.97
2012,Este,Primaria,11,91.1,3.55,14.82
2020,Norte,Primaria,10,100.0,5.48,7.24
2012,Sur,Secundaria,17,89.99,3.56,16.35
2023,Oeste,Primaria,8,100.0,6.32,5.05
2013,Norte,Primaria,8,93.48,3.89,14.14
2015,Oeste,Secundaria,12,95.3,4.42,14.35
2018,Sur,Secundaria,17,97.27,4.87,11.18
2020,Este,Primaria,6,100.0,5.46,7.89
2010,Costa,Secundaria,15,87.87,2.94,18.32
2014,Costa,Primaria,11,93.69,3.95,14.25
2015,Este,Primaria,9,95.62,4.33,12.97
2016,Este,Secundaria,12,97.66,4.54,13.27
2016,Centro,Secundaria,15,97.57,4.57,12.67
2022,Oeste,Secundaria,12,100.0,6.07,6.57
2018,Centro,Secundaria,16,99.85,5.09,10.4
2023,Norte,Secundaria,14,100.0,6.28,6.48
2020,Centro,Primaria,9,100.0,5.55,7.17
2023,Oeste,Secundaria,15,100.0,6.12,5.45
2018,Sur,Secundaria,16,97.85,4.93,10.26
2020,Centro,Secundaria,15,100.0,5.53,8.25
2017,Oeste,Secundaria,12,96.19,4.72,12.77
2021,Centro,Primaria,7,100.0,5.88,6.8
2013,Centro,Primaria,6,93.91,3.89,15.07
2022,Sur,Secundaria,13,100.0,5.91,7.67
2015,Centro,Secundaria,13,96.69,4.5,12.74
2018,Costa,Secundaria,17,100.0,4.91,12.24
2012,Oeste,Primaria,9,90.43,3.53,15.18
2013,Centro,Primaria,11,92.41,3.85,14.63
2014,Centro,Primaria,8,96.4,4.12,13.32
2010,Este,Primaria,8,88.26,2.97,17.52
2021,Centro,Primaria,8,100.0,5.79,6.62
2020,Este,Primaria,8,100.0,5.58,7.93
2017,Costa,Primaria,7,99.16,4.61,11.95
2020,Centro,Secundaria,12,100.0,5.61,9.32
2019,Oeste,Secundaria,13,99.16,5.11,9.62
2020,Sur,Primaria,8,100.0,5.3,8.49
2014,Centro,Primaria,10,95.2,4.11,14.09
2018,Oeste,Primaria,11,99.52,4.93,10.3
2010,Oeste,Primaria,6,87.55,3.13,18.09
2019,Centro,Secundaria,13,100.0,5.21,8.87
2011,Costa,Primaria,6,90.18,3.26,17.36
2020,Oeste,Secundaria,13,99.06,5.48,8.82
2020,Este,Secundaria,16,100.0,5.54,8.71
2017,Costa,Primaria,10,96.28,4.71,11.71
2013,Oeste,Secundaria,12,92.25,3.59,16.26
2019,Este,Primaria,7,100.0,5.33,7.72
2013,Sur,Primaria,6,93.41,3.76,14.62
2013,Este,Secundaria,13,93.32,3.81,14.8
2019,Costa,Primaria,7,100.0,5.27,10.32
2017,Sur,Primaria,10,98.4,4.8,9.53
2012,Costa,Secundaria,12,89.72,3.58,16.8
2018,Costa,Primaria,8,100.0,5.06,8.87
2020,Costa,Secundaria,15,100.0,5.45,9.39
2017,Sur,Secundaria,17,97.67,4.78,11.16
2015,Centro,Primaria,10,96.06,4.28,11.75
2013,Centro,Primaria,10,94.18,3.88,14.12
2011,Costa,Secundaria,16,87.31,3.17,18.69
2011,Este,Primaria,11,89.31,3.26,18.08
2021,Oeste,Secundaria,13,100.0,5.79,8.92
2019,Costa,Secundaria,15,100.0,5.22,11.44
2020,Costa,Primaria,6,100.0,5.58,7.87
2011,Costa,Secundaria,17,89.14,3.21,18.38
2018,Norte,Primaria,10,100.0,5.21,9.41
2021,Norte,Secundaria,17,100.0,5.81,7.59
2012,Norte,Secundaria,16,91.6,3.78,15.24
2012,Costa,Primaria,7,92.49,3.56,15.66
2018,Este,Primaria,10,100.0,5.02,10.05
2020,Oeste,Secundaria,15,100.0,5.38,8.59
2022,Este,Secundaria,12,100.0,5.99,6.42
2014,Norte,Primaria,10,96.62,4.23,12.46
2013,Costa,Primaria,10,91.89,3.65,15.63
2022,Este,Primaria,11,100.0,5.9,6.45
2017,Sur,Primaria,9,97.9,4.72,11.35
2013,Norte,Primaria,7,95.92,3.93,14.49
2011,Norte,Secundaria,14,90.18,3.29,18.1
2012,Oeste,Primaria,10,90.45,3.41,15.5
2023,Centro,Primaria,10,100.0,6.33,4.37
2019,Sur,Primaria,10,100.0,5.18,9.31
2020,Oeste,Primaria,6,100.0,5.57,9.08
2020,Este,Primaria,7,100.0,5.68,6.24
2018,Oeste,Secundaria,17,97.8,4.96,10.9
2014,Sur,Primaria,10,93.68,3.88,13.28
2013,Costa,Primaria,6,91.44,3.65,16.26
2016,Oeste,Secundaria,16,94.67,4.34,13.19
2020,Sur,Primaria,11,100.0,5.44,8.29
2019,Centro,Primaria,6,100.0,5.22,9.24
2016,Oeste,Secundaria,14,96.81,4.53,12.76
2014,Costa,Secundaria,14,92.51,3.98,15.4
2021,Costa,Secundaria,14,100.0,5.69,8.75
2015,Sur,Primaria,7,94.94,4.32,13.51
2012,Centro,Primaria,6,91.05,3.46,15.22
2017,Oeste,Primaria,9,98.45,4.8,9.94
2011,Este,Secundaria,12,88.59,3.28,17.75
2014,Norte,Primaria,11,94.8,4.1,13.74
2013,Centro,Secundaria,17,92.68,3.85,15.89
2012,Este,Secundaria,12,90.65,3.43,16.37
2019,Norte,Secundaria,14,100.0,5.37,9.22
2022,Costa,Primaria,9,100.0,6.1,5.23
2013,Este,Secundaria,17,90.88,3.61,16.66
2011,Norte,Secundaria,14,89.21,3.33,17.16
2014,Este,Primaria,11,95.16,4.01,15.27
2023,Costa,Secundaria,15,100.0,6.23,6.04
2021,Centro,Primaria,10,100.0,5.88,6.3
2021,Oeste,Secundaria,13,100.0,5.71,8.14
2014,Sur,Secundaria,12,91.78,3.92,16.12
2016,Sur,Secundaria,17,95.47,4.55,12.33
2011,Sur,Primaria,11,88.58,3.12,16.73
2022,Centro,Primaria,11,100.0,6.07,6.02
2018,Centro,Secundaria,16,99.59,5.06,10.76
2010,Sur,Secundaria,12,84.73,2.88,19.06
2020,Sur,Secundaria,17,100.0,5.41,9.61
2017,Costa,Secundaria,12,97.32,4.86,12.07
2010,Costa,Primaria,10,87.27,2.93,18.4
2014,Norte,Secundaria,12,93.55,4.27,15.45
2018,Sur,Primaria,11,98.01,4.82,10.43
2014,Norte,Secundaria,13,93.65,3.88,15.16
2012,Este,Primaria,8,91.29,3.47,15.07
2022,Centro,Primaria,7,100.0,6.0,7.18
2023,Oeste,Primaria,6,100.0,6.32,5.41
2010,Este,Secundaria,13,85.32,3.06,19.18
2010,Sur,Secundaria,15,87.13,2.86,18.77
2022,Norte,Secundaria,15,100.0,6.06,8.04
2014,Centro,Primaria,9,94.11,4.07,15.4
2011,Oeste,Secundaria,15,90.06,3.43,17.07
2016,Norte,Primaria,10,98.47,4.58,10.45
2019,Sur,Primaria,10,100.0,5.22,9.5
2014,Centro,Secundaria,15,95.03,4.14,13.56
2013,Oeste,Secundaria,14,91.93,3.74,15.67
2014,Centro,Primaria,7,95.87,4.1,14.56
2017,Centro,Primaria,11,99.68,4.78,10.65
2014,Norte,Secundaria,15,94.48,4.08,15.03
2022,Costa,Primaria,8,100.0,6.01,6.31
2020,Oeste,Primaria,9,100.0,5.36,9.11
2021,Norte,Secundaria,14,100.0,5.83,8.03
2013,Costa,Secundaria,12,90.64,3.65,16.3
2011,Oeste,Secundaria,12,87.47,3.09,18.34
2022,Sur,Secundaria,15,100.0,5.94,6.98
2014,Costa,Primaria,8,94.13,4.04,12.66
2017,Norte,Secundaria,15,98.89,4.9,11.86
2016,Este,Primaria,10,98.42,4.48,11.6
2018,Norte,Secundaria,15,100.0,4.95,10.62
2020,Centro,Secundaria,12,100.0,5.52,7.77
2012,Centro,Secundaria,12,90.67,3.58,16.39
2010,Norte,Secundaria,17,89.13,3.06,17.96
2019,Sur,Primaria,10,99.76,5.23,9.37
2022,Costa,Primaria,11,100.0,5.98,5.6
2021,Sur,Primaria,10,100.0,5.78,7.24
2021,Oeste,Primaria,11,100.0,5.67,7.2
2010,Oeste,Primaria,10,87.74,3.01,18.15
2023,Costa,Secundaria,16,100.0,6.3,4.76
2013,Centro,Primaria,10,94.21,3.88,14.62
2012,Centro,Secundaria,14,90.75,3.64,15.3
2020,Norte,Primaria,9,100.0,5.48,8.1
2012,Costa,Primaria,9,91.54,3.57,14.48
2017,Este,Secundaria,13,97.06,4.73,11.87
2021,Norte,Primaria,6,100.0,5.81,6.77
2021,Norte,Secundaria,15,100.0,5.74,8.37
2017,Centro,Secundaria,12,98.42,4.88,11.4
2016,Costa,Primaria,10,96.9,4.46,12.61
2013,Sur,Primaria,6,90.68,3.64,15.87
2013,Sur,Primaria,9,92.46,3.75,14.4
2010,Sur,Primaria,9,86.43,2.89,18.15
2016,Costa,Secundaria,12,97.09,4.53,10.9
2013,Sur,Primaria,8,91.45,3.71,15.68
2018,Oeste,Primaria,9,100.0,5.02,10.99
2019,Oeste,Primaria,11,100.0,5.23,8.14
2014,Este,Primaria,6,93.63,3.92,14.23
2020,Oeste,Primaria,10,100.0,5.48,8.04
2023,Sur,Secundaria,16,100.0,6.23,5.29
2014,Costa,Primaria,7,93.82,4.15,12.92
2018,Costa,Primaria,6,100.0,5.15,10.07
2022,Norte,Primaria,10,100.0,6.14,5.14
2011,Este,Secundaria,13,88.93,3.35,17.63
2017,Sur,Secundaria,13,95.39,4.49,12.38
2013,Este,Secundaria,16,91.05,3.73,15.34
2017,Este,Primaria,6,98.43,4.69,12.12
2014,Costa,Secundaria,12,93.68,4.05,13.87
2015,Centro,Primaria,9,97.2,4.39,12.46
2011,Sur,Primaria,9,89.16,3.24,17.23
2015,Oeste,Secundaria,14,95.45,4.27,13.67
2020,Este,Primaria,11,100.0,5.55,9.61
2015,Oeste,Primaria,7,95.34,4.22,12.62
2012,Costa,Primaria,6,90.23,3.45,16.31
2021,Centro,Secundaria,14,100.0,5.91,6.42
2012,Norte,Secundaria,13,90.5,3.57,16.6
2016,Oeste,Primaria,6,97.83,4.56,10.14
2013,Centro,Secundaria,13,92.72,3.81,14.8
2013,Sur,Secundaria,17,91.18,3.68,15.21
2022,Centro,Primaria,7,100.0,6.04,6.26
2016,Norte,Primaria,7,96.82,4.63,11.11
2022,Norte,Secundaria,14,100.0,6.01,7.57
2022,Este,Secundaria,12,100.0,5.83,5.42
2019,Este,Primaria,6,100.0,5.21,9.2
2018,Costa,Secundaria,14,97.29,4.94,10.31
2020,Centro,Secundaria,16,100.0,5.6,8.15
2011,Oeste,Secundaria,15,88.25,3.2,18.52
2018,Oeste,Secundaria,13,98.16,5.08,10.63
2015,Norte,Primaria,7,97.51,4.35,12.85
2017,Sur,Primaria,10,98.45,4.78,10.31
2016,Este,Secundaria,17,96.81,4.64,11.8
2022,Este,Primaria,11,100.0,6.11,5.83
2010,Este,Secundaria,17,86.98,3.1,17.71
2020,Oeste,Primaria,6,100.0,5.44,8.13
2023,Oeste,Secundaria,15,100.0,6.26,6.05
2022,Este,Secundaria,16,100.0,6.02,6.94
2022,Oeste,Secundaria,16,100.0,6.04,6.07
2012,Norte,Secundaria,17,89.31,3.53,16.64
2011,Costa,Primaria,11,89.93,3.3,16.4
2013,Oeste,Primaria,8,91.6,3.68,14.7
2017,Este,Secundaria,12,98.82,4.84,11.86
2011,Este,Primaria,6,90.78,3.37,16.51
2014,Este,Primaria,7,95.57,4.12,13.99
2012,Sur,Primaria,11,90.98,3.42,17.61
2012,Oeste,Secundaria,14,90.94,3.58,16.47
2017,Costa,Primaria,11,97.88,4.61,12.58
2013,Costa,Primaria,9,90.95,3.76,15.04
2017,Sur,Primaria,10,97.62,4.59,11.42
2010,Centro,Primaria,8,90.06,3.1,18.16
2020,Centro,Primaria,9,100.0,5.5,8.02
2019,Este,Primaria,8,100.0,5.27,8.67
2018,Centro,Primaria,7,100.0,5.04,10.46
2015,Centro,Secundaria,14,97.32,4.45,12.69
2022,Norte,Secundaria,15,100.0,6.25,5.94
2019,Este,Primaria,10,100.0,5.35,9.16
2014,Norte,Primaria,9,93.87,4.16,12.89
2021,Costa,Primaria,6,100.0,5.79,6.72
2023,Oeste,Primaria,8,100.0,6.22,4.79
2018,Sur,Primaria,6,99.23,4.93,9.21
2016,Norte,Secundaria,16,97.26,4.48,12.67
2014,Norte,Primaria,9,94.5,4.01,13.1
2014,Sur,Primaria,11,92.75,4.02,12.77
2011,Centro,Primaria,11,91.74,3.32,16.7
2010,Costa,Primaria,11,88.58,3.03,17.46
2019,Sur,Primaria,11,100.0,5.13,9.4
2018,Este,Primaria,10,100.0,5.21,9.04
2019,Costa,Primaria,7,100.0,5.36,9.14
2022,Norte,Secundaria,12,100.0,6.07,7.43
2020,Oeste,Primaria,10,100.0,5.63,7.98
2013,Oeste,Secundaria,12,91.66,3.77,15.85
2011,Oeste,Primaria,7,89.94,3.32,17.11
2016,Costa,Primaria,11,97.63,4.49,10.88
2010,Norte,Primaria,7,89.22,3.04,18.2
2018,Sur,Secundaria,12,100.0,5.07,10.79
2022,Centro,Secundaria,16,100.0,6.16,6.31
2020,Sur,Secundaria,12,100.0,5.52,8.29
2018,Norte,Secundaria,17,100.0,5.16,10.56
2021,Este,Primaria,6,100.0,5.79,7.66
2011,Costa,Primaria,9,88.4,3.22,16.27
2015,Centro,Secundaria,12,96.01,4.38,13.41
2019,Costa,Primaria,11,100.0,5.11,8.79
2023,Sur,Primaria,8,100.0,6.21,3.82
2010,Sur,Secundaria,14,87.66,3.04,18.52
2010,Norte,Secundaria,15,87.95,3.06,18.7
2018,Norte,Primaria,8,100.0,5.23,9.14
2019,Sur,Secundaria,14,98.93,5.18,9.99
2017,Costa,Primaria,8,96.88,4.67,11.55
2011,Centro,Primaria,9,89.66,3.4,16.89
2020,Este,Secundaria,13,100.0,5.51,7.92
2017,Este,Secundaria,17,99.02,4.83,10.52
2011,Norte,Primaria,10,90.7,3.28,16.85
2010,Este,Primaria,9,88.95,3.07,18.35
2022,Este,Primaria,7,100.0,6.04,6.65
2021,Centro,Secundaria,14,100.0,5.87,6.78
2023,Sur,Primaria,8,100.0,6.28,4.41
2012,Costa,Primaria,10,91.26,3.44,17.25
2023,Este,Secundaria,14,100.0,6.27,6.39
2017,Norte,Secundaria,14,97.35,4.92,11.27
2020,Oeste,Primaria,10,100.0,5.58,7.61
2019,Oeste,Primaria,6,100.0,5.29,8.91
2014,Costa,Secundaria,17,92.41,3.91,14.62
2014,Oeste,Secundaria,14,91.4,3.99,16.75
2023,Centro,Secundaria,14,100.0,6.32,5.19
2023,Sur,Secundaria,14,100.0,6.18,5.43
2018,Norte,Secundaria,12,99.07,4.95,10.88
2018,Oeste,Secundaria,17,97.35,4.81,12.23
2020,Este,Secundaria,17,100.0,5.61,8.21
2022,Centro,Secundaria,16,100.0,6.17,4.99
2019,Este,Secundaria,17,100.0,5.16,10.8
2013,Centro,Primaria,9,94.74,3.82,14.53
2012,Costa,Secundaria,17,89.98,3.51,17.38
2023,Costa,Primaria,8,100.0,6.21,4.72
2021,Norte,Primaria,7,100.0,5.87,6.73
2012,Costa,Secundaria,15,89.64,3.47,17.85
2019,Oeste,Primaria,6,100.0,5.12,10.02
2015,Este,Primaria,10,95.89,4.24,13.83
2013,Costa,Secundaria,12,91.61,3.79,15.51
2018,Sur,Secundaria,15,97.83,4.88,11.65
2015,Este,Primaria,11,96.22,4.34,12.77
2021,Centro,Primaria,11,100.0,5.94,5.85
2012,Sur,Secundaria,17,89.9,3.5,17.55
2019,Costa,Secundaria,13,100.0,5.3,9.83
2016,Oeste,Primaria,10,96.83,4.47,11.12
2022,Oeste,Primaria,11,100.0,6.02,5.09
2023,Sur,Secundaria,12,100.0,6.14,6.94
2017,Norte,Secundaria,15,97.71,4.64,12.5
2015,Costa,Secundaria,12,95.84,4.2,13.6
2021,Norte,Primaria,6,100.0,5.94,6.76
2015,Norte,Secundaria,16,95.34,4.41,12.87
2015,Norte,Secundaria,15,93.84,4.24,13.66
2021,Sur,Primaria,6,100.0,5.68,7.61
2010,Centro,Secundaria,15,87.27,3.04,19.16
2011,Norte,Primaria,6,89.88,3.23,18.44
2013,Norte,Secundaria,14,92.53,3.8,16.67
2011,Centro,Primaria,11,90.96,3.41,16.57
2010,Norte,Primaria,9,89.06,3.08,17.26
2020,Sur,Secundaria,14,100.0,5.43,9.4
2010,Centro,Primaria,7,87.58,2.93,18.4
2011,Costa,Primaria,9,89.69,3.43,17.58
2010,Este,Primaria,9,87.42,2.93,18.93
2018,Costa,Secundaria,16,99.99,5.0,10.41
2012,Costa,Primaria,9,89.42,3.57,15.12
2021,Costa,Secundaria,17,100.0,5.77,8.46
2019,Sur,Primaria,10,100.0,5.27,9.89
2017,Sur,Secundaria,12,95.3,4.51,12.83
2012,Oeste,Primaria,6,90.65,3.41,15.6
2011,Norte,Secundaria,16,90.32,3.27,17.43
2023,Sur,Primaria,10,100.0,6.09,5.68
2012,Este,Primaria,11,90.77,3.4,15.98
2016,Costa,Secundaria,17,95.99,4.57,11.62
2017,Costa,Primaria,9,97.62,4.65,10.62
2018,Este,Secundaria,15,99.79,5.11,11.11
2023,Centro,Primaria,11,100.0,6.42,3.42
2012,Oeste,Primaria,10,89.92,3.45,16.6
2019,Norte,Secundaria,13,100.0,5.21,9.08
2018,Este,Secundaria,16,99.96,4.98,9.63
2019,Centro,Secundaria,17,100.0,5.29,8.86
2023,Centro,Primaria,6,100.0,6.3,5.23
2018,Costa,Primaria,8,100.0,4.94,11.27
2021,Oeste,Secundaria,13,100.0,5.73,7.38
2014,Costa,Secundaria,12,92.46,3.98,13.48
2013,Este,Primaria,9,92.97,3.77,16.28
2018,Centro,Primaria,10,100.0,5.1,10.12
2016,Oeste,Primaria,9,97.39,4.57,12.65
2010,Costa,Primaria,8,87.87,3.16,16.51
2016,Costa,Secundaria,15,96.73,4.5,13.33
2015,Costa,Secundaria,13,96.17,4.24,13.11
2021,Costa,Secundaria,16,100.0,5.74,8.8
2021,Este,Secundaria,14,100.0,5.85,7.19
2018,Costa,Secundaria,14,99.49,5.06,10.07
2012,Norte,Secundaria,13,92.65,3.58,15.7
2017,Este,Secundaria,13,97.55,4.76,12.4
2019,Centro,Secundaria,15,100.0,5.4,8.6
2010,Oeste,Secundaria,14,86.91,3.06,17.83
2020,Norte,Primaria,7,100.0,5.54,7.63
2016,Centro,Secundaria,12,95.87,4.63,12.07
2012,Este,Primaria,8,89.84,3.38,15.84
2014,Centro,Secundaria,17,93.75,4.05,15.7
2022,Costa,Primaria,8,100.0,6.04,6.62
2013,Sur,Secundaria,13,90.11,3.57,17.22
2013,Oeste,Primaria,7,90.72,3.6,14.18
2022,Norte,Secundaria,12,100.0,6.09,5.18
2023,Oeste,Secundaria,12,100.0,6.07,5.43
2015,Costa,Secundaria,13,93.6,4.22,13.82
2014,Costa,Secundaria,15,93.52,4.17,14.09
2013,Centro,Primaria,9,94.28,3.88,15.22
2018,Sur,Secundaria,12,100.0,5.09,10.32
2011,Este,Primaria,6,90.31,3.4,17.92
2023,Costa,Primaria,8,100.0,6.19,5.15
2011,Centro,Secundaria,14,89.82,3.33,18.52
2021,Costa,Primaria,7,100.0,5.78,6.41
2022,Sur,Primaria,8,100.0,6.04,4.95
2016,Este,Secundaria,12,97.78,4.64,12.37
2017,Centro,Primaria,7,99.5,4.91,10.67
2012,Sur,Secundaria,13,88.98,3.48,16.99
2017,Centro,Primaria,10,100.0,4.77,11.33
2018,Norte,Primaria,10,100.0,5.16,9.86
2019,Norte,Primaria,6,100.0,5.28,9.02
2018,Costa,Primaria,10,99.89,5.08,9.47
2018,Sur,Secundaria,12,100.0,5.06,11.42
2010,Sur,Secundaria,12,85.49,2.83,19.14
2010,Sur,Secundaria,16,86.61,3.11,18.29
2015,Norte,Primaria,11,96.73,4.31,12.64
2012,Centro,Primaria,9,94.33,3.69,14.11
2022,Costa,Primaria,11,100.0,6.08,5.74
2019,Norte,Primaria,9,100.0,5.47,7.49
2017,Oeste,Primaria,10,99.97,4.82,10.52
2019,Este,Secundaria,15,100.0,5.41,8.95
2012,Centro,Secundaria,14,92.7,3.67,16.32
2020,Centro,Secundaria,16,100.0,5.54,9.64
2019,Centro,Secundaria,12,100.0,5.34,10.13
2021,Norte,Secundaria,17,100.0,5.88,7.48
2016,Norte,Secundaria,15,98.48,4.65,13.06
2019,Costa,Secundaria,12,100.0,5.26,8.8
2022,Norte,Secundaria,12,100.0,6.02,7.31
2014,Oeste,Primaria,7,92.16,3.88,15.61
2016,Este,Secundaria,14,97.0,4.53,11.97
2019,Este,Secundaria,12,100.0,5.52,9.26
2010,Norte,Secundaria,13,87.15,3.07,17.92
2017,Sur,Primaria,7,98.42,4.66,11.08
2012,Oeste,Secundaria,16,90.47,3.52,16.76
2019,Norte,Secundaria,14,100.0,5.38,9.31
2012,Centro,Secundaria,13,92.31,3.61,16.24
2010,Costa,Primaria,11,85.97,2.84,17.61
2023,Oeste,Secundaria,13,100.0,6.17,5.76
2013,Centro,Primaria,10,94.74,3.8,15.3
2015,Oeste,Secundaria,16,94.97,4.28,13.68
2017,Centro,Primaria,8,99.37,4.8,11.0
2014,Norte,Primaria,7,94.21,4.06,12.41
2017,Oeste,Primaria,9,97.7,4.64,10.92
2023,Sur,Primaria,8,100.0,6.16,6.48
2010,Sur,Secundaria,16,87.5,3.13,19.35
2012,Costa,Secundaria,12,90.14,3.57,16.54
2015,Centro,Primaria,9,96.94,4.39,11.5
2018,Norte,Primaria,11,100.0,5.01,9.82
2017,Costa,Primaria,6,97.13,4.65,12.21
2023,Oeste,Secundaria,17,100.0,6.31,5.57
2012,Oeste,Primaria,8,90.71,3.48,16.66
2022,Norte,Primaria,9,100.0,6.12,4.57
2011,Costa,Secundaria,14,89.84,3.28,17.92
2012,Costa,Secundaria,13,89.85,3.51,17.16
2016,Centro,Primaria,6,97.05,4.4,12.03
2016,Sur,Secundaria,14,96.5,4.52,12.23
2023,Oeste,Primaria,9,100.0,6.37,5.45
2013,Este,Primaria,6,91.31,3.78,14.76
2016,Este,Primaria,8,98.77,4.51,11.76
2019,Oeste,Primaria,8,100.0,5.24,8.8
2018,Centro,Primaria,6,100.0,5.08,9.7
2013,Centro,Primaria,10,93.45,3.71,14.31
2011,Sur,Secundaria,13,88.05,3.17,17.8
2012,Costa,Primaria,7,90.19,3.5,17.11
2015,Este,Primaria,9,96.51,4.36,12.33
2013,Centro,Primaria,8,93.67,3.77,15.55
2017,Costa,Primaria,9,99.59,4.73,11.32
2011,Este,Primaria,10,88.07,3.28,16.86
2010,Costa,Primaria,7,87.93,3.04,18.37
2020,Norte,Primaria,7,100.0,5.73,7.64
2019,Sur,Secundaria,15,100.0,5.25,10.35
2013,Centro,Secundaria,12,92.41,3.9,14.83
2015,Centro,Primaria,6,95.5,4.26,13.02
2015,Costa,Secundaria,14,94.56,4.38,13.83
2011,Este,Primaria,8,89.11,3.14,17.14
2013,Norte,Primaria,6,94.41,3.94,15.74
2013,Este,Primaria,10,93.57,3.85,13.52
2015,Centro,Secundaria,16,95.64,4.36,12.65
2019,Norte,Secundaria,12,100.0,5.24,9.11
2014,Sur,Primaria,6,92.89,4.0,14.39
2018,Este,Primaria,6,99.53,4.99,9.74
2014,Este,Secundaria,12,93.45,4.14,14.9
2017,Este,Primaria,8,96.54,4.54,11.6
2019,Oeste,Secundaria,16,100.0,5.23,9.46
2017,Oeste,Primaria,9,96.88,4.52,11.53
2012,Oeste,Secundaria,16,89.68,3.48,17.02
2023,Este,Primaria,11,100.0,6.25,6.02
2019,Costa,Primaria,9,100.0,5.32,8.52
2018,Este,Secundaria,12,100.0,4.94,11.29
2014,Centro,Primaria,7,96.35,4.02,13.48
2014,Oeste,Primaria,11,92.23,3.8,14.56
2011,Este,Secundaria,15,88.54,3.24,18.24
2016,Oeste,Secundaria,16,97.24,4.49,13.39
2011,Centro,Secundaria,13,88.86,3.33,16.92
2016,Este,Primaria,8,96.93,4.45,11.79
2022,Este,Primaria,7,100.0,6.01,6.98
2022,Oeste,Primaria,6,100.0,6.02,4.97
2010,Este,Secundaria,13,88.26,3.05,18.94
2018,Centro,Secundaria,17,98.3,4.94,10.47
2013,Este,Secundaria,12,92.18,3.74,16.32
2012,Norte,Primaria,7,92.83,3.51,17.19
2022,Este,Secundaria,16,100.0,5.8,7.1
2011,Costa,Primaria,8,90.2,3.3,17.18
2011,Sur,Primaria,7,90.23,3.23,16.35
2011,Sur,Secundaria,13,86.93,3.12,18.66
2012,Sur,Secundaria,17,89.59,3.49,17.17
2014,Costa,Secundaria,17,93.03,4.02,14.8
2013,Norte,Primaria,7,92.2,3.79,15.35
2012,Este,Secundaria,13,90.46,3.55,16.78
2021,Este,Primaria,11,100.0,5.76,7.29
2021,Oeste,Secundaria,12,100.0,5.67,8.1
2011,Sur,Primaria,7,90.36,3.28,15.03
2012,Centro,Primaria,8,89.24,3.48,15.1
2023,Costa,Secundaria,17,100.0,6.4,5.36
2020,Este,Secundaria,17,100.0,5.55,8.93
2011,Costa,Secundaria,16,87.34,3.22,17.98
2011,Norte,Primaria,6,90.94,3.36,17.51
2017,Este,Primaria,10,99.52,4.7,11.03
2010,Costa,Primaria,8,87.43,2.97,17.77
2020,Oeste,Primaria,7,100.0,5.64,7.17
2023,Sur,Secundaria,17,100.0,6.24,6.68
2017,Costa,Secundaria,16,97.21,4.74,12.37
2021,Costa,Secundaria,17,100.0,5.74,9.38
2017,Este,Primaria,6,98.29,4.85,11.25
2022,Sur,Secundaria,12,100.0,6.03,7.75
2016,Oeste,Secundaria,16,95.38,4.45,12.53
2014,Oeste,Secundaria,16,94.62,4.07,15.48
2013,Este,Secundaria,16,93.24,3.78,15.5
2010,Centro,Primaria,8,90.24,3.1,17.86
2023,Oeste,Secundaria,14,100.0,6.29,5.78
2010,Centro,Primaria,10,89.42,3.04,18.06
2015,Costa,Secundaria,12,94.78,4.13,14.31
2014,Centro,Secundaria,17,93.18,4.09,14.35
2018,Norte,Primaria,8,100.0,5.15,8.9
2020,Norte,Secundaria,12,100.0,5.55,8.64
2018,Costa,Secundaria,16,98.58,5.07,11.44
2011,Centro,Primaria,8,92.78,3.45,16.8
2023,Oeste,Secundaria,13,100.0,6.2,5.55
2021,Sur,Primaria,10,100.0,5.7,8.44
2013,Centro,Secundaria,16,93.05,3.84,15.37
2017,Norte,Secundaria,17,98.51,4.88,10.21
2012,Oeste,Secundaria,16,90.25,3.52,16.02
2017,Este,Secundaria,12,97.6,4.79,10.24
2022,Costa,Secundaria,17,100.0,6.11,6.9
2022,Centro,Primaria,8,100.0,6.13,5.54
2017,Sur,Primaria,10,99.0,4.73,10.85
2016,Centro,Secundaria,17,96.21,4.54,12.79
2018,Centro,Primaria,11,100.0,5.11,9.65
2018,Sur,Secundaria,14,99.78,5.06,11.78
2018,Sur,Secundaria,13,98.51,5.01,10.22
2023,Este,Secundaria,14,100.0,6.29,5.7
2020,Oeste,Secundaria,12,100.0,5.47,8.82
2019,Sur,Primaria,9,99.85,5.13,10.56
2021,Centro,Primaria,10,100.0,5.79,6.14
2010,Oeste,Secundaria,14,88.31,3.06,18.76
2019,Sur,Secundaria,13,98.69,5.21,10.42
2013,Centro,Secundaria,15,92.45,3.86,14.91
2010,Norte,Primaria,7,89.05,3.18,17.26
2010,Costa,Secundaria,13,86.66,2.97,18.57
2021,Centro,Primaria,6,100.0,5.82,7.74
2018,Norte,Secundaria,13,100.0,5.19,9.58
2010,Centro,Primaria,10,89.44,3.15,18.29
2017,Sur,Secundaria,13,96.27,4.58,12.33
2022,Oeste,Secundaria,13,100.0,5.98,6.02
2022,Sur,Primaria,11,100.0,5.89,6.56
2010,Sur,Secundaria,13,87.06,2.91,18.4
2013,Norte,Secundaria,12,92.82,3.81,14.87
2020,Oeste,Primaria,10,100.0,5.35,9.14
2012,Oeste,Secundaria,17,89.82,3.42,17.58
2018,Norte,Primaria,7,100.0,5.22,10.41
2019,Sur,Secundaria,13,97.55,5.19,10.04
2010,Oeste,Secundaria,16,85.97,2.94,18.89
2012,Centro,Primaria,8,93.64,3.68,14.83
2020,Oeste,Primaria,9,100.0,5.37,9.26
2021,Norte,Primaria,6,100.0,5.81,6.4
2018,Oeste,Secundaria,14,99.93,5.08,10.4
2021,Sur,Primaria,6,100.0,5.7,7.34
2011,Este,Secundaria,12,89.16,3.31,16.33
2013,Este,Secundaria,15,91.74,3.76,15.66
2022,Sur,Secundaria,16,100.0,5.98,7.02
2010,Centro,Secundaria,13,87.1,3.16,18.53
2018,Centro,Secundaria,12,100.0,5.09,9.9
2018,Norte,Secundaria,14,99.4,5.09,10.77
2016,Este,Primaria,10,97.22,4.55,10.07
2015,Norte,Primaria,7,94.49,4.18,13.0
2023,Centro,Secundaria,16,100.0,6.43,5.3
2022,Este,Primaria,6,100.0,6.17,5.93
2012,Este,Secundaria,13,91.11,3.6,17.56
2018,Sur,Primaria,11,99.71,4.97,10.6
2012,Norte,Primaria,9,90.72,3.55,15.75
2012,Norte,Secundaria,12,90.56,3.61,16.87
2022,Oeste,Primaria,8,100.0,6.14,6.64
2018,Centro,Secundaria,12,100.0,5.22,10.15
2012,Oeste,Primaria,8,91.05,3.42,16.97
2013,Sur,Secundaria,16,91.93,3.83,16.33
2021,Costa,Secundaria,16,100.0,5.7,7.26
2021,Oeste,Secundaria,15,100.0,5.68,7.85
2012,Costa,Secundaria,17,89.85,3.49,16.9
2012,Norte,Secundaria,17,91.25,3.63,15.53
2021,Norte,Primaria,10,100.0,5.81,6.6
2023,Norte,Primaria,11,100.0,6.41,5.33
2015,Centro,Primaria,8,96.07,4.38,12.66
2023,Este,Primaria,9,100.0,6.41,4.34
2018,Sur,Primaria,7,100.0,4.85,10.4
2023,Oeste,Primaria,7,100.0,6.24,5.35
2018,Centro,Primaria,11,100.0,5.16,9.33
2018,Este,Primaria,7,100.0,5.15,8.7
2015,Este,Primaria,9,95.43,4.12,13.85
2022,Este,Secundaria,14,100.0,6.01,5.81
2017,Sur,Primaria,11,96.93,4.55,11.18
2011,Este,Primaria,8,89.58,3.32,17.59
2019,Este,Secundaria,14,100.0,5.24,9.87
2013,Sur,Primaria,11,90.59,3.73,15.55
2011,Oeste,Primaria,7,88.76,3.31,16.66
2010,Oeste,Secundaria,15,87.49,3.05,17.66
2022,Centro,Secundaria,16,100.0,6.09,6.47
2012,Norte,Secundaria,14,92.55,3.63,15.08
2021,Oeste,Secundaria,13,100.0,5.98,8.57
2021,Sur,Secundaria,14,100.0,5.67,7.14
2012,Centro,Secundaria,14,92.93,3.65,16.57
2017,Costa,Secundaria,14,95.05,4.72,11.81
2013,Este,Secundaria,17,91.06,3.85,14.55
2018,Norte,Secundaria,12,98.98,5.02,11.35
2015,Centro,Primaria,6,97.2,4.41,12.23
2021,Sur,Secundaria,15,100.0,5.59,7.81
2020,Este,Secundaria,13,100.0,5.55,6.93
2017,Oeste,Secundaria,17,98.02,4.93,10.87
2017,Oeste,Primaria,11,98.74,4.64,12.73
2012,Norte,Primaria,9,91.62,3.54,16.84
2014,Este,Secundaria,16,93.53,4.11,13.36
2019,Este,Secundaria,12,100.0,5.2,10.87
2020,Oeste,Secundaria,17,99.85,5.3,9.79
2014,Oeste,Primaria,9,91.83,3.85,14.94
2012,Norte,Primaria,10,93.1,3.6,16.43
2014,Norte,Primaria,8,95.83,4.17,12.49
2019,Este,Primaria,9,100.0,5.29,8.39
2016,Costa,Primaria,10,97.26,4.51,13.24
2020,Sur,Primaria,11,100.0,5.54,7.6
2012,Norte,Secundaria,14,91.53,3.58,16.3
2011,Este,Secundaria,13,91.02,3.39,16.35
2018,Sur,Secundaria,12,99.03,5.08,10.45
2017,Norte,Secundaria,15,98.92,4.81,12.17
2018,Costa,Primaria,11,100.0,5.11,10.86
2018,Oeste,Secundaria,14,100.0,5.04,11.21
2019,Centro,Secundaria,13,100.0,5.35,9.43
2023,Costa,Secundaria,17,100.0,6.26,5.63
2014,Oeste,Primaria,11,94.86,4.07,14.4
2014,Este,Primaria,7,94.6,3.93,14.28
2013,Norte,Secundaria,15,90.25,3.71,15.81
2016,Norte,Secundaria,15,97.46,4.68,10.79
2016,Sur,Secundaria,13,97.01,4.61,11.84
2023,Oeste,Primaria,10,100.0,6.25,4.87
2012,Oeste,Primaria,8,90.69,3.57,15.61
2011,Norte,Primaria,9,91.88,3.2,17.15
2021,Sur,Primaria,9,100.0,5.6,8.41
2022,Costa,Secundaria,12,100.0,5.96,5.44
2010,Sur,Primaria,9,87.57,2.93,18.58
2015,Norte,Secundaria,13,96.14,4.34,13.37
2017,Sur,Secundaria,15,97.33,4.67,10.94
2014,Este,Secundaria,12,92.58,4.03,14.95
2012,Este,Secundaria,15,90.84,3.52,16.72
2023,Este,Primaria,11,100.0,6.33,3.47
2011,Norte,Primaria,9,93.54,3.42,16.41
2015,Norte,Secundaria,15,96.39,4.4,13.51
2018,Sur,Secundaria,16,98.89,5.07,10.34
2013,Sur,Primaria,10,91.26,3.69,15.66
2020,Costa,Primaria,6,100.0,5.47,7.69
2012,Sur,Secundaria,15,88.28,3.31,17.69
2023,Este,Primaria,9,100.0,6.15,5.44
2019,Centro,Primaria,7,100.0,5.42,8.73
2023,Este,Primaria,6,100.0,6.32,3.98
2018,Costa,Secundaria,16,98.77,5.01,12.48
2013,Este,Primaria,10,93.98,3.76,13.99
2013,Este,Secundaria,17,92.07,3.68,17.13
2018,Centro,Primaria,6,100.0,4.93,10.42
2016,Centro,Secundaria,12,97.97,4.56,12.66
2022,Oeste,Secundaria,17,100.0,5.96,7.78
2014,Norte,Secundaria,12,91.99,3.87,14.83
2013,Sur,Secundaria,12,90.09,3.81,14.62
2021,Oeste,Secundaria,12,100.0,5.68,8.91
2020,Este,Secundaria,15,100.0,5.56,9.99
2015,Este,Primaria,11,97.34,4.38,14.34
2017,Sur,Secundaria,16,95.48,4.83,12.01
2018,Sur,Secundaria,12,97.47,4.93,9.39
2021,Este,Primaria,8,100.0,5.86,6.99
2022,Centro,Primaria,7,100.0,6.18,5.97
2016,Este,Primaria,8,95.72,4.53,12.18
2013,Centro,Secundaria,13,93.03,3.88,15.86
2011,Costa,Primaria,9,88.78,3.18,18.02
2023,Norte,Secundaria,14,100.0,6.35,5.94
2020,Costa,Secundaria,14,100.0,5.45,8.96
2016,Sur,Primaria,7,97.49,4.44,11.38
2021,Norte,Secundaria,13,100.0,5.84,7.07
2018,Centro,Secundaria,15,100.0,5.18,10.62
2017,Norte,Secundaria,12,98.44,4.81,12.49
2013,Costa,Primaria,7,93.15,3.73,16.14
2012,Sur,Primaria,6,89.9,3.42,16.73
2019,Oeste,Secundaria,15,100.0,5.45,8.4
2011,Sur,Secundaria,15,88.66,3.17,18.63
2020,Costa,Secundaria,13,100.0,5.54,7.95
2015,Centro,Secundaria,14,96.06,4.23,14.38
2018,Costa,Primaria,7,99.34,5.01,9.35
2010,Centro,Primaria,10,88.12,3.01,18.59
2022,Centro,Secundaria,14,100.0,6.06,7.12
2019,Costa,Secundaria,13,100.0,5.31,9.22
2016,Oeste,Secundaria,12,96.12,4.62,12.75
2017,Sur,Secundaria,16,98.77,4.72,12.41
2010,Sur,Secundaria,14,86.68,3.0,18.64
2021,Oeste,Primaria,10,100.0,5.74,7.23
2022,Este,Primaria,8,100.0,5.99,6.08
2023,Centro,Secundaria,13,100.0,6.36,4.26
2017,Oeste,Secundaria,17,98.42,4.81,11.33
2022,Norte,Secundaria,15,100.0,6.1,8.21
2018,Costa,Secundaria,14,98.59,4.97,11.35
2023,Costa,Secundaria,15,100.0,6.22,4.77
2018,Sur,Secundaria,13,97.8,4.99,11.2
2014,Sur,Primaria,10,93.45,3.93,14.79
2010,Este,Secundaria,12,89.08,3.1,18.63
2011,Centro,Secundaria,14,90.08,3.24,18.43
2014,Norte,Secundaria,12,94.78,4.14,15.1
2019,Sur,Secundaria,16,100.0,5.14,11.76
2011,Centro,Primaria,6,90.41,3.35,17.71
2012,Este,Secundaria,17,92.19,3.7,16.25
2019,Este,Secundaria,15,100.0,5.36,8.24
2020,Costa,Primaria,9,100.0,5.46,7.06
2021,Centro,Secundaria,17,100.0,5.82,8.14
2019,Norte,Secundaria,12,100.0,5.4,9.5
2019,Sur,Secundaria,12,100.0,5.28,9.75
2015,Sur,Secundaria,16,93.01,4.2,15.07
2021,Oeste,Secundaria,12,100.0,5.79,6.94
2018,Este,Secundaria,12,98.71,5.0,10.06
2014,Centro,Primaria,6,95.4,3.88,14.03
2012,Sur,Secundaria,17,91.84,3.54,16.84
2010,Este,Primaria,11,87.5,2.99,17.37
2023,Este,Secundaria,15,100.0,6.33,5.6
2015,Sur,Primaria,10,95.14,4.19,13.1
2022,Sur,Primaria,10,100.0,5.93,6.25
2012,Este,Secundaria,15,90.3,3.46,16.88
2011,Centro,Secundaria,14,91.07,3.42,16.14
2014,Centro,Primaria,11,94.11,4.17,13.84
2012,Centro,Secundaria,13,91.68,3.71,16.69
2013,Sur,Secundaria,15,90.71,3.76,14.58
2011,Oeste,Primaria,8,89.13,3.27,16.63
2012,Norte,Secundaria,12,89.84,3.54,17.03
2011,Norte,Primaria,8,90.21,3.33,16.89
2019,Este,Primaria,11,100.0,5.31,7.71
2022,Centro,Primaria,7,100.0,5.9,6.45
2018,Sur,Primaria,6,99.07,4.86,10.1
2017,Sur,Primaria,11,96.9,4.69,12.21
2021,Centro,Secundaria,16,100.0,5.92,7.69
2022,Oeste,Secundaria,12,100.0,6.09,7.53
2023,Centro,Primaria,10,100.0,6.49,3.57
2022,Norte,Secundaria,12,100.0,6.02,7.24
2013,Costa,Secundaria,13,91.13,3.76,15.35
2016,Centro,Secundaria,12,97.79,4.56,13.09
2023,Costa,Primaria,7,100.0,6.19,5.22
2023,Norte,Primaria,11,100.0,6.3,4.15
2020,Oeste,Secundaria,13,100.0,5.49,8.44
2020,Oeste,Secundaria,14,100.0,5.55,8.56
2017,Sur,Primaria,9,97.92,4.58,12.29
2023,Costa,Primaria,10,100.0,6.24,4.13
2023,Centro,Secundaria,15,100.0,6.27,7.5
2020,Centro,Primaria,9,100.0,5.72,7.48
2017,Centro,Secundaria,13,99.38,4.99,11.03
2010,Sur,Primaria,8,85.71,2.92,18.64
2010,Centro,Primaria,11,89.93,3.05,17.61
2011,Este,Primaria,7,91.6,3.33,16.7
2011,Centro,Secundaria,13,90.47,3.43,18.09
2014,Oeste,Primaria,10,92.97,3.9,13.49
2014,Centro,Primaria,6,94.51,4.07,14.05
2013,Oeste,Secundaria,15,91.34,3.75,16.55
2019,Sur,Secundaria,17,97.34,5.12,11.3
2013,Oeste,Primaria,7,93.54,3.85,13.55
2017,Centro,Primaria,11,99.33,4.86,10.9
2020,Sur,Primaria,6,100.0,5.46,6.99
2019,Oeste,Primaria,8,100.0,5.13,9.17
2010,Oeste,Primaria,9,86.9,3.08,17.85
2010,Este,Secundaria,13,86.44,2.92,19.24
2017,Sur,Secundaria,16,95.72,4.65,12.09
2013,Sur,Secundaria,16,89.74,3.66,16.68
2010,Costa,Secundaria,12,87.73,2.99,19.52
2017,Norte,Secundaria,17,98.63,4.71,12.18
2012,Este,Primaria,6,91.48,3.47,15.67
2019,Este,Primaria,11,100.0,5.33,8.51
2018,Centro,Secundaria,15,100.0,5.1,10.74
2016,Este,Primaria,10,97.63,4.54,12.39
2016,Costa,Secundaria,14,97.18,4.58,12.65
2013,Este,Primaria,7,93.8,3.81,13.94
2011,Este,Secundaria,13,89.09,3.36,17.08
2014,Costa,Secundaria,17,93.43,4.01,15.0
2013,Este,Primaria,8,91.95,3.71,14.29
2020,Centro,Primaria,10,100.0,5.74,6.93
2021,Este,Primaria,10,100.0,5.64,7.18
2020,Centro,Secundaria,12,100.0,5.49,9.5
2015,Oeste,Secundaria,15,93.63,4.14,15.08
2013,Costa,Primaria,11,93.1,3.94,13.59
2023,Este,Secundaria,17,100.0,6.28,6.73
2023,Sur,Primaria,10,100.0,6.29,6.02
2021,Norte,Secundaria,17,100.0,5.7,7.73
2010,Oeste,Primaria,8,88.35,2.89,18.39
2017,Oeste,Secundaria,16,96.93,4.75,11.45
2013,Norte,Primaria,10,92.71,3.79,14.39
2011,Norte,Secundaria,13,89.61,3.34,16.47
2016,Este,Primaria,6,97.8,4.58,9.87
2023,Norte,Primaria,7,100.0,6.34,4.82
2021,Costa,Secundaria,12,100.0,5.76,8.96
2014,Centro,Primaria,10,95.81,4.12,12.75
2017,Norte,Secundaria,16,98.58,4.81,12.03
2023,Centro,Secundaria,15,100.0,6.38,4.88
2019,Centro,Primaria,8,100.0,5.43,8.43
2015,Centro,Primaria,11,96.51,4.28,12.79
2023,Costa,Primaria,7,100.0,6.28,5.29
2016,Centro,Primaria,10,98.19,4.68,11.73
2015,Oeste,Primaria,8,95.18,4.21,13.64
2019,Centro,Primaria,7,100.0,5.35,9.24
2012,Centro,Primaria,7,93.63,3.75,15.98
2010,Oeste,Primaria,11,88.06,3.07,17.05
2015,Este,Secundaria,15,96.37,4.46,12.62
2011,Oeste,Secundaria,14,87.85,3.38,18.14
2017,Este,Primaria,6,98.71,4.75,10.42
2020,Este,Secundaria,16,100.0,5.47,9.69
2011,Oeste,Secundaria,16,89.34,3.21,18.15
2011,Centro,Secundaria,13,90.31,3.42,18.0
2010,Sur,Primaria,9,86.09,2.68,19.53
2010,Este,Secundaria,12,87.18,3.03,18.69
2020,Sur,Secundaria,12,100.0,5.55,8.72
2018,Norte,Secundaria,13,100.0,5.08,9.39
2023,Sur,Secundaria,14,100.0,6.23,6.29
2012,Sur,Primaria,8,89.0,3.44,16.41
2023,Costa,Primaria,11,100.0,6.12,6.31
2020,Este,Secundaria,15,100.0,5.61,8.82
2015,Este,Secundaria,16,95.26,4.26,13.18
2018,Este,Secundaria,14,99.29,5.07,10.62
2016,Sur,Secundaria,12,94.76,4.46,13.41
2010,Costa,Primaria,11,88.91,3.16,17.48
2021,Costa,Primaria,8,100.0,5.79,7.58
2010,Este,Primaria,6,88.96,3.06,17.88
2023,Norte,Secundaria,12,100.0,6.32,5.72
2021,Norte,Primaria,8,100.0,5.76,6.01
2014,Costa,Secundaria,16,93.94,4.04,15.26
2023,Centro,Secundaria,17,100.0,6.44,5.96
2023,Costa,Secundaria,12,100.0,6.26,5.44
2011,Oeste,Secundaria,14,86.31,3.06,18.0
2019,Oeste,Secundaria,14,100.0,5.17,10.02
2013,Centro,Primaria,7,95.07,4.01,15.35
2012,Este,Primaria,9,92.49,3.48,17.43
2013,Centro,Primaria,8,95.26,3.87,14.72
2016,Sur,Primaria,8,94.66,4.3,12.2
2017,Este,Secundaria,13,97.05,4.73,11.48
2010,Norte,Secundaria,12,87.28,3.01,17.99
2019,Centro,Secundaria,17,100.0,5.42,8.56
2015,Norte,Secundaria,16,96.42,4.38,13.75
2020,Oeste,Secundaria,13,100.0,5.52,8.98
2017,Este,Primaria,10,98.0,4.86,10.32
2017,Costa,Primaria,6,98.7,4.72,11.51
2021,Este,Secundaria,13,100.0,5.92,7.56
2010,Norte,Secundaria,13,87.63,3.06,19.88
2014,Costa,Primaria,10,94.72,4.08,13.25
2019,Oeste,Primaria,7,100.0,5.4,9.68
2019,Oeste,Primaria,6,100.0,5.19,10.17
2013,Oeste,Primaria,8,92.69,3.76,14.61
2019,Costa,Secundaria,17,100.0,5.24,10.35
2015,Norte,Secundaria,17,95.14,4.34,13.23
2017,Centro,Secundaria,16,99.26,4.88,12.24
2022,Este,Secundaria,13,100.0,6.02,7.12
2018,Norte,Primaria,8,99.25,5.08,9.5
2019,Costa,Secundaria,14,98.98,5.31,10.5
2016,Oeste,Secundaria,12,95.73,4.37,13.63
2018,Costa,Primaria,10,98.84,4.95,9.76
2018,Norte,Primaria,11,100.0,5.04,9.93
2011,Centro,Secundaria,15,88.59,3.24,18.67
2016,Norte,Primaria,6,98.67,4.61,11.88
2013,Costa,Primaria,9,93.44,3.72,14.88
2022,Costa,Primaria,10,100.0,5.94,6.25
2014,Costa,Primaria,9,93.2,3.9,15.05
2011,Este,Primaria,7,90.84,3.21,18.31
2022,Centro,Secundaria,12,100.0,6.14,6.01
2022,Sur,Secundaria,17,100.0,5.85,7.94
2021,Costa,Primaria,7,100.0,5.83,7.37
2020,Norte,Secundaria,12,100.0,5.63,9.16
2016,Centro,Secundaria,15,98.6,4.63,13.47
2010,Oeste,Primaria,11,86.68,2.84,18.05
2015,Sur,Secundaria,13,93.42,4.14,14.36
2020,Este,Secundaria,13,100.0,5.61,8.68
2014,Este,Secundaria,15,92.59,4.0,15.38
2015,Norte,Primaria,6,97.17,4.27,13.75
2023,Norte,Primaria,6,100.0,6.27,5.63
2017,Centro,Primaria,11,99.63,4.88,10.02
2013,Centro,Primaria,10,93.52,3.71,14.51
2017,Sur,Primaria,11,97.82,4.79,10.99
2022,Este,Primaria,8,100.0,6.05,6.33
2020,Centro,Primaria,6,100.0,5.52,7.02
2017,Centro,Primaria,6,100.0,4.9,10.29
2016,Este,Secundaria,13,94.9,4.31,13.86
2020,Costa,Secundaria,14,100.0,5.4,9.36
2018,Oeste,Secundaria,17,99.64,5.0,11.59
2021,Norte,Secundaria,17,100.0,5.95,6.43
2013,Este,Primaria,9,92.36,3.68,15.62
2018,Sur,Primaria,10,98.25,4.84,10.63
2010,Centro,Secundaria,13,89.41,3.1,19.92
2018,Norte,Primaria,11,100.0,5.09,8.6
2019,Costa,Secundaria,16,100.0,5.19,10.94
2012,Oeste,Primaria,8,90.73,3.41,15.36
2023,Centro,Secundaria,15,100.0,6.48,5.33
2019,Este,Secundaria,13,100.0,5.2,10.21
2011,Norte,Secundaria,14,88.49,3.2,17.25
2023,Este,Primaria,8,100.0,6.24,4.55
2022,Este,Secundaria,17,100.0,6.13,6.52
2010,Este,Secundaria,14,86.26,3.08,19.18
2015,Sur,Secundaria,16,92.59,4.2,14.32
2019,Sur,Secundaria,16,99.21,5.1,9.64
2019,Norte,Secundaria,15,100.0,5.32,9.28
2017,Este,Secundaria,16,99.87,5.01,11.98
2013,Sur,Secundaria,16,91.99,3.75,15.74
2023,Oeste,Primaria,9,100.0,6.31,3.35
2019,Sur,Secundaria,16,97.6,5.08,10.02
2012,Este,Secundaria,13,89.92,3.49,15.92
2016,Costa,Primaria,11,96.88,4.46,11.33
2010,Oeste,Secundaria,16,86.46,3.12,19.2
2021,Centro,Secundaria,16,100.0,5.83,7.14
2010,Centro,Primaria,7,87.86,3.1,17.29
2013,Costa,Secundaria,14,91.78,3.71,16.08
2013,Norte,Secundaria,16,92.28,3.6,16.22
2014,Centro,Primaria,8,96.12,4.19,12.89
2016,Sur,Secundaria,17,94.71,4.3,12.53
2018,Sur,Primaria,6,99.51,4.91,9.87
2012,Costa,Primaria,8,91.25,3.38,16.93
2011,Este,Primaria,9,90.44,3.23,17.47
2010,Oeste,Secundaria,14,87.01,2.94,18.71
2023,Este,Primaria,11,100.0,6.24,4.26
2011,Norte,Primaria,8,90.22,3.44,15.64
2018,Sur,Secundaria,14,98.19,4.86,11.74
2022,Norte,Secundaria,13,100.0,6.05,6.29
2023,Este,Secundaria,15,100.0,6.32,5.46
2015,Norte,Secundaria,12,95.46,4.29,14.28
2012,Centro,Secundaria,14,91.28,3.56,15.71
2019,Oeste,Primaria,9,100.0,5.38,7.91
2019,Norte,Primaria,8,100.0,5.39,7.91
2017,Costa,Secundaria,14,96.93,4.68,13.1
2012,Sur,Primaria,9,92.03,3.47,15.89
2022,Este,Primaria,8,100.0,5.95,5.99
2011,Este,Secundaria,12,89.55,3.31,16.51
2016,Oeste,Secundaria,16,94.84,4.36,13.93
2016,Centro,Secundaria,14,97.41,4.67,12.3
2017,Oeste,Primaria,6,97.8,4.76,11.1
2016,Oeste,Primaria,9,96.96,4.5,11.9
2016,Sur,Secundaria,15,95.39,4.45,11.77
2017,Centro,Primaria,10,100.0,4.87,10.83
2013,Costa,Primaria,8,91.82,3.68,16.09
2016,Norte,Primaria,11,99.15,4.58,11.4
2019,Norte,Primaria,8,100.0,5.37,8.6
2012,Sur,Primaria,9,88.67,3.49,16.54
2021,Sur,Primaria,7,100.0,5.63,7.04
2019,Sur,Secundaria,14,99.75,5.25,9.93
2019,Centro,Primaria,8,100.0,5.26,9.99
2013,Sur,Secundaria,15,90.89,3.64,15.41
2023,Costa,Secundaria,15,100.0,6.18,7.42
2014,Centro,Primaria,7,94.9,4.05,14.53
2021,Costa,Primaria,7,100.0,5.74,6.05
2020,Costa,Secundaria,13,100.0,5.56,7.69
2023,Norte,Secundaria,17,100.0,6.41,5.52
2019,Centro,Primaria,10,100.0,5.39,8.63
2022,Costa,Primaria,7,100.0,5.94,5.78
2020,Norte,Secundaria,17,100.0,5.64,9.26
2016,Norte,Secundaria,15,97.56,4.66,12.97
2022,Sur,Secundaria,17,100.0,5.89,7.95
2018,Sur,Secundaria,14,97.73,4.86,10.27
2021,Centro,Primaria,7,100.0,5.84,6.45
2010,Norte,Secundaria,16,88.55,3.23,19.43
2013,Costa,Secundaria,13,90.96,3.73,14.93
2015,Este,Primaria,6,96.21,4.26,13.21
2023,Oeste,Secundaria,17,100.0,6.28,6.12
2016,Este,Primaria,11,97.13,4.43,12.9
2017,Este,Primaria,9,98.35,4.69,11.01
2013,Costa,Secundaria,15,90.39,3.74,14.74
2017,Este,Primaria,7,99.51,4.84,10.36
2023,Costa,Secundaria,16,100.0,6.23,6.71
2013,Oeste,Secundaria,14,91.42,3.67,16.76
2022,Este,Primaria,11,100.0,5.89,6.15
2015,Costa,Primaria,10,96.34,4.38,12.95
2018,Sur,Secundaria,17,97.35,4.85,12.07
2017,Este,Primaria,6,100.0,4.88,10.03
2022,Costa,Primaria,11,100.0,5.94,5.76
2010,Sur,Primaria,10,86.72,3.04,17.8
2010,Costa,Secundaria,14,88.62,3.14,18.45
2020,Norte,Secundaria,15,100.0,5.51,10.15
2015,Norte,Secundaria,16,96.6,4.37,13.65
2014,Norte,Primaria,11,95.7,4.13,13.38
2022,Oeste,Primaria,9,100.0,6.08,6.7
2019,Costa,Secundaria,15,100.0,5.23,9.58
2010,Costa,Secundaria,16,88.21,3.1,17.77
2020,Oeste,Secundaria,16,100.0,5.48,8.93
2017,Oeste,Primaria,9,97.78,4.64,10.71
2018,Costa,Primaria,6,100.0,5.08,8.08
2011,Costa,Primaria,11,91.61,3.35,16.89
2011,Norte,Secundaria,12,89.64,3.32,16.8
2016,Oeste,Primaria,8,97.16,4.47,11.52
2017,Este,Primaria,6,99.7,4.84,10.78
2019,Norte,Secundaria,17,100.0,5.46,9.86
2014,Centro,Primaria,8,95.88,4.0,14.11
2011,Oeste,Secundaria,16,88.23,3.31,17.38
2020,Oeste,Secundaria,16,100.0,5.64,7.3
2021,Oeste,Primaria,10,100.0,5.65,7.08
2019,Norte,Primaria,8,100.0,5.37,8.59
2012,Costa,Primaria,11,90.53,3.51,16.7
2017,Este,Secundaria,13,98.64,4.8,12.32
2023,Sur,Primaria,9,100.0,6.3,5.46
2020,Oeste,Secundaria,17,100.0,5.35,9.24
2015,Sur,Secundaria,14,91.82,4.16,13.6
2012,Centro,Primaria,10,90.2,3.49,15.43
2016,Oeste,Secundaria,16,95.43,4.45,13.29
2021,Este,Secundaria,16,100.0,5.93,6.27
2013,Norte,Secundaria,15,91.14,3.74,15.71
2023,Sur,Secundaria,13,100.0,6.16,6.67
2017,Costa,Primaria,7,98.94,4.7,11.48
2022,Costa,Primaria,10,100.0,6.03,5.94
2012,Oeste,Primaria,6,90.94,3.45,15.5
2021,Este,Primaria,8,100.0,5.71,7.47
2013,Sur,Primaria,7,91.83,3.64,15.78
2015,Centro,Secundaria,16,95.36,4.34,13.96
2012,Oeste,Secundaria,12,89.14,3.38,17.15
2023,Oeste,Secundaria,17,100.0,6.03,6.45
2017,Sur,Secundaria,12,96.76,4.79,10.87
2017,Norte,Primaria,9,98.91,4.84,9.72
2011,Costa,Secundaria,15,87.38,3.2,18.11
2013,Sur,Secundaria,16,90.81,3.69,16.08
2016,Oeste,Primaria,10,96.81,4.53,11.73
2017,Norte,Secundaria,14,98.03,4.76,11.21
2011,Centro,Primaria,10,91.81,3.35,17.66
2021,Sur,Primaria,8,100.0,5.66,6.49
2017,Centro,Primaria,11,100.0,4.95,10.63
2019,Sur,Primaria,11,100.0,5.0,9.72
2010,Este,Secundaria,15,86.82,2.91,19.26
2021,Este,Secundaria,16,100.0,5.89,7.33
2012,Oeste,Primaria,8,90.49,3.38,15.99
2010,Sur,Primaria,7,86.63,2.89,19.05
2017,Este,Secundaria,14,97.06,4.68,12.18
2023,Este,Secundaria,16,100.0,6.09,6.57
2023,Oeste,Primaria,11,100.0,6.22,5.16
2022,Centro,Secundaria,15,100.0,6.15,5.65
2016,Este,Primaria,11,97.49,4.55,13.62
2017,Norte,Primaria,9,98.78,4.73,10.88
2015,Sur,Secundaria,16,93.45,4.16,13.84
2022,Norte,Primaria,7,100.0,6.21,6.84
2023,Oeste,Secundaria,15,100.0,6.21,5.25
2012,Centro,Primaria,7,93.38,3.52,16.41
2017,Sur,Primaria,10,98.6,4.77,12.57
2015,Oeste,Secundaria,15,94.57,4.2,14.33
2020,Este,Primaria,7,100.0,5.37,8.84
2012,Este,Primaria,10,89.71,3.46,16.48
2016,Costa,Primaria,11,96.47,4.57,10.67
2019,Sur,Secundaria,12,100.0,5.19,10.67
2022,Oeste,Primaria,7,100.0,5.97,6.99
2022,Oeste,Secundaria,15,100.0,6.03,6.81
2020,Costa,Secundaria,16,100.0,5.44,8.51
2023,Sur,Secundaria,16,100.0,6.08,6.94
2011,Costa,Secundaria,16,87.59,3.25,18.82
2011,Costa,Primaria,8,89.48,3.2,17.43
2015,Este,Primaria,11,96.15,4.27,12.43
2020,Centro,Secundaria,16,100.0,5.54,8.87
2011,Oeste,Primaria,8,90.97,3.16,16.86
2017,Sur,Secundaria,14,95.77,4.59,11.33
2022,Costa,Secundaria,13,100.0,6.02,7.16
2013,Norte,Primaria,6,94.05,3.98,13.58
2015,Norte,Primaria,7,95.88,4.22,11.91
2022,Costa,Secundaria,15,100.0,6.09,6.7
2020,Centro,Primaria,6,100.0,5.65,7.38
2017,Sur,Primaria,8,97.32,4.65,11.55
2011,Costa,Secundaria,17,86.7,3.17,18.71
2010,Oeste,Secundaria,17,84.69,3.02,18.49
2016,Sur,Secundaria,17,96.15,4.42,13.31
2015,Costa,Secundaria,16,94.47,4.23,14.25
2010,Costa,Secundaria,15,87.67,2.96,19.54
2019,Centro,Secundaria,12,100.0,5.5,8.21
2023,Oeste,Secundaria,12,100.0,6.09,5.95
2021,Costa,Secundaria,16,100.0,5.78,8.4
2014,Centro,Secundaria,17,96.22,4.25,15.12
2012,Este,Secundaria,13,89.78,3.54,16.88
2014,Centro,Secundaria,13,95.87,4.27,13.91
2018,Costa,Secundaria,16,99.89,5.0,9.65
2020,Norte,Primaria,6,100.0,5.59,8.56
2011,Este,Primaria,9,91.35,3.34,16.9
2017,Costa,Primaria,6,98.4,4.69,10.81
2022,Sur,Secundaria,12,100.0,5.95,7.45
2017,Oeste,Secundaria,17,97.48,4.77,11.43
2010,Este,Secundaria,14,87.81,2.97,18.81
2012,Oeste,Secundaria,12,89.56,3.51,16.81
2023,Este,Secundaria,14,100.0,6.36,5.8
2018,Oeste,Primaria,8,99.27,4.88,11.86
2017,Centro,Primaria,8,100.0,4.84,10.77
2018,Centro,Secundaria,17,100.0,5.13,9.73
2020,Centro,Secundaria,12,100.0,5.54,8.9
2015,Sur,Secundaria,12,94.86,4.28,13.26
2019,Norte,Primaria,7,100.0,5.43,7.64
2016,Oeste,Secundaria,13,95.46,4.43,12.39
2017,Norte,Primaria,8,99.49,4.85,10.27
2014,Oeste,Secundaria,16,92.71,3.93,13.63
2016,Este,Primaria,11,97.96,4.52,12.04
2010,Centro,Primaria,7,88.26,3.14,16.98
2012,Este,Primaria,9,91.69,3.51,16.67
2010,Oeste,Primaria,10,88.59,2.99,17.17
2014,Costa,Secundaria,16,93.19,3.97,14.75
2013,Oeste,Primaria,11,92.7,3.82,13.85
2011,Costa,Primaria,7,90.59,3.33,16.61
2023,Sur,Primaria,11,100.0,6.15,5.13
2013,Costa,Primaria,8,92.37,3.8,15.38
2020,Sur,Secundaria,12,100.0,5.66,8.35
2019,Centro,Secundaria,16,100.0,5.32,9.84
2011,Norte,Secundaria,16,90.5,3.44,16.52
2017,Centro,Primaria,8,100.0,5.07,9.61
2018,Costa,Secundaria,17,99.25,4.99,10.31
2017,Sur,Primaria,9,98.91,4.77,10.42
2019,Norte,Primaria,10,100.0,5.15,8.74
2017,Este,Primaria,10,99.58,4.89,10.05
2022,Norte,Secundaria,17,100.0,6.13,6.11
2023,Norte,Primaria,10,100.0,6.4,3.24
2019,Este,Secundaria,15,99.86,5.29,9.81
2021,Centro,Secundaria,14,100.0,5.93,6.82
2015,Este,Primaria,6,96.68,4.37,12.42
2013,Sur,Secundaria,12,90.36,3.76,16.81
2022,Sur,Primaria,11,100.0,5.93,8.5
2017,Norte,Primaria,10,98.62,4.82,9.37
2023,Este,Primaria,6,100.0,6.28,4.41
2023,Sur,Secundaria,14,100.0,6.19,5.85
2016,Este,Secundaria,13,96.25,4.46,12.29
2013,Sur,Primaria,9,92.43,3.6,15.79
2012,Oeste,Secundaria,16,89.55,3.47,16.85
2019,Centro,Primaria,10,100.0,5.28,9.07
2010,Norte,Primaria,11,88.42,3.05,18.13
2019,Norte,Primaria,10,100.0,5.23,9.63
2014,Sur,Secundaria,17,91.28,3.84,15.71
2019,Sur,Primaria,11,99.99,5.17,9.48
2014,Norte,Primaria,11,94.68,4.06,13.45
2017,Costa,Primaria,6,99.76,4.93,10.51
2023,Norte,Primaria,11,100.0,6.32,5.31
2020,Costa,Primaria,9,100.0,5.59,7.48
2011,Norte,Secundaria,15,89.55,3.37,17.38
2015,Oeste,Primaria,10,96.21,4.25,13.12
2017,Este,Primaria,6,100.0,4.75,11.18
2023,Oeste,Primaria,8,100.0,6.28,3.89
2017,Oeste,Primaria,9,99.44,4.77,10.94
2017,Sur,Primaria,7,97.59,4.59,11.79
2014,Norte,Secundaria,14,93.6,4.13,13.28
2014,Costa,Secundaria,14,92.65,3.99,14.86
2016,Centro,Primaria,10,95.4,4.48,12.24
2018,Centro,Primaria,10,100.0,5.04,8.63
2020,Oeste,Primaria,8,100.0,5.54,9.22
2019,Oeste,Secundaria,15,100.0,5.3,9.84
2013,Costa,Secundaria,17,91.42,3.74,16.69
2022,Norte,Secundaria,14,100.0,6.18,5.94
2019,Oeste,Primaria,8,100.0,5.29,8.98
2018,Sur,Primaria,10,98.47,4.83,10.05
2021,Oeste,Primaria,6,100.0,5.64,7.26
2017,Este,Primaria,9,98.77,4.81,10.67
2021,Este,Secundaria,12,100.0,5.71,8.38
2014,Sur,Secundaria,12,93.72,3.9,16.26
2023,Oeste,Secundaria,15,100.0,6.25,4.6
2015,Norte,Primaria,11,96.44,4.3,12.63
2019,Centro,Primaria,8,100.0,5.3,9.64
2014,Este,Secundaria,12,92.26,3.92,15.01
2018,Costa,Primaria,8,100.0,5.17,8.42
2018,Este,Primaria,6,99.8,4.92,11.34
2011,Norte,Secundaria,14,90.45,3.29,18.8
2022,Sur,Primaria,9,100.0,6.04,6.47
2020,Este,Primaria,11,100.0,5.52,8.14
2018,Este,Primaria,6,98.75,4.95,10.27
2019,Sur,Primaria,9,100.0,5.11,9.39
2012,Sur,Secundaria,12,90.56,3.55,17.17
2019,Centro,Secundaria,15,100.0,5.42,9.86
2010,Este,Secundaria,12,86.52,2.87,18.52
2012,Norte,Primaria,11,91.36,3.47,17.05
2022,Oeste,Secundaria,15,100.0,6.03,6.45
2023,Centro,Secundaria,17,100.0,6.48,5.1
2014,Este,Primaria,9,94.24,3.98,14.01
2020,Centro,Primaria,7,100.0,5.68,7.58
2019,Sur,Primaria,7,99.78,5.07,9.84
2020,Norte,Secundaria,12,100.0,5.44,10.14
2023,Centro,Primaria,7,100.0,6.25,4.71
2014,Centro,Secundaria,12,94.13,4.14,14.54
2023,Oeste,Primaria,7,100.0,6.24,5.78
2017,Este,Secundaria,16,97.89,4.84,12.39
2017,Este,Primaria,8,96.67,4.63,10.39
2016,Sur,Secundaria,12,95.95,4.59,13.56
2022,Centro,Primaria,7,100.0,6.07,6.56
2023,Este,Secundaria,12,100.0,6.49,5.44
2015,Centro,Secundaria,12,96.49,4.37,12.95
2011,Este,Secundaria,17,88.24,3.13,17.03
2023,Costa,Primaria,9,100.0,6.25,5.1
2011,Costa,Primaria,10,90.05,3.18,17.56
2019,Centro,Primaria,6,100.0,5.48,6.95
2015,Sur,Secundaria,15,95.23,4.22,13.78
2011,Centro,Secundaria,17,91.79,3.45,16.83
2023,Centro,Secundaria,17,100.0,6.29,5.63
2021,Centro,Primaria,8,100.0,5.79,7.77
2014,Costa,Secundaria,16,94.23,4.01,13.57
2012,Norte,Primaria,6,91.9,3.58,15.51
2018,Oeste,Primaria,9,99.4,4.9,9.92
2023,Centro,Secundaria,17,100.0,6.39,5.79
2013,Este,Secundaria,14,92.68,3.87,16.4
2010,Sur,Primaria,9,86.87,2.92,19.46
2012,Oeste,Secundaria,16,89.85,3.44,16.93
2020,Sur,Primaria,9,100.0,5.41,9.99
2022,Oeste,Secundaria,17,100.0,6.02,6.96
2012,Norte,Primaria,8,92.61,3.57,17.45
2010,Este,Primaria,8,89.0,3.06,16.99
2017,Este,Secundaria,15,98.12,4.87,10.71
2017,Centro,Primaria,6,99.56,4.83,10.62
2015,Norte,Primaria,11,96.97,4.3,12.5
2012,Este,Primaria,6,90.13,3.5,14.63
2022,Oeste,Secundaria,15,100.0,6.1,6.51
2021,Este,Primaria,9,100.0,5.77,5.4
2013,Centro,Secundaria,12,91.95,3.86,14.9
2012,Costa,Secundaria,16,89.55,3.48,17.16
2020,Centro,Primaria,9,100.0,5.67,6.41
2015,Este,Secundaria,12,95.65,4.31,13.53
2023,Norte,Secundaria,12,100.0,6.23,5.57
2022,Norte,Secundaria,15,100.0,6.15,5.78
2010,Oeste,Secundaria,16,86.61,3.01,19.23
2014,Norte,Primaria,6,95.18,4.17,12.59
2019,Costa,Primaria,10,100.0,5.29,9.56
2010,Oeste,Secundaria,13,86.58,2.97,17.95
2011,Norte,Primaria,6,89.8,3.24,17.37
2013,Centro,Primaria,8,95.65,3.93,13.98
2020,Sur,Primaria,7,100.0,5.55,7.85
2023,Costa,Secundaria,12,100.0,6.18,5.38
2021,Sur,Secundaria,12,100.0,5.7,7.72
2013,Oeste,Secundaria,12,90.32,3.76,15.51
2011,Este,Primaria,6,89.32,3.26,16.9
2012,Este,Secundaria,13,90.08,3.56,16.48
2022,Sur,Primaria,8,100.0,5.92,7.53
2019,Norte,Primaria,6,100.0,5.27,9.04
2016,Oeste,Primaria,8,96.97,4.57,10.8
2017,Costa,Secundaria,13,97.87,4.61,13.13
2014,Este,Secundaria,12,93.88,4.08,15.08
2020,Sur,Primaria,10,100.0,5.39,7.33
2023,Oeste,Secundaria,13,100.0,6.23,7.05
2019,Costa,Secundaria,12,98.26,5.2,10.05
2015,Oeste,Secundaria,15,93.66,4.24,14.04
2013,Costa,Secundaria,14,91.04,3.7,15.75
2012,Centro,Secundaria,14,91.98,3.62,16.14
2020,Centro,Primaria,10,100.0,5.48,8.05
2014,Sur,Primaria,11,92.52,3.86,14.81
2016,Oeste,Primaria,11,95.73,4.46,13.11
2022,Centro,Primaria,10,100.0,6.15,5.97
2023,Este,Secundaria,12,100.0,6.21,6.35
2023,Centro,Primaria,6,100.0,6.51,3.95
2010,Este,Secundaria,17,86.53,2.99,18.13
2016,Centro,Primaria,6,98.05,4.66,10.97
2015,Este,Primaria,9,94.9,4.13,14.16
2016,Norte,Secundaria,13,97.48,4.49,13.14
2017,Norte,Secundaria,17,98.09,4.74,11.37
2018,Costa,Primaria,9,99.39,4.9,10.39
2018,Oeste,Secundaria,17,98.39,4.85,12.55
2021,Oeste,Primaria,9,100.0,5.69,7.71
2018,Centro,Primaria,8,100.0,5.03,10.23
2010,Sur,Secundaria,16,87.72,3.08,19.47
2014,Este,Primaria,7,94.37,4.02,14.06
2021,Este,Primaria,10,100.0,5.8,5.99
2020,Oeste,Secundaria,14,100.0,5.3,9.52
2023,Oeste,Primaria,8,100.0,6.35,4.44
2017,Sur,Primaria,9,99.46,4.83,11.2
2015,Oeste,Secundaria,15,93.08,4.13,14.14
2023,Este,Primaria,8,100.0,6.19,5.1
2016,Sur,Primaria,10,96.14,4.39,12.46
2012,Sur,Secundaria,14,90.0,3.57,16.09
2023,Sur,Primaria,7,100.0,6.09,5.01
2015,Oeste,Secundaria,15,93.24,4.14,13.2
2015,Este,Primaria,6,95.05,4.14,13.84
2020,Este,Primaria,10,100.0,5.55,7.88
2015,Centro,Primaria,9,95.5,4.42,12.19
2022,Centro,Primaria,8,100.0,6.02,6.27
2022,Este,Secundaria,16,100.0,6.12,6.61
2012,Oeste,Primaria,10,89.35,3.49,14.54
2016,Norte,Secundaria,12,95.36,4.51,12.56
2011,Este,Secundaria,13,89.07,3.32,16.16
2019,Este,Secundaria,16,100.0,5.38,10.46
2015,Sur,Secundaria,14,94.11,4.3,12.83
2014,Sur,Primaria,6,92.68,3.99,14.95
2010,Centro,Primaria,9,89.71,3.21,16.69
2019,Norte,Primaria,10,100.0,5.33,8.36
2010,Costa,Primaria,10,89.54,3.03,17.21
2015,Costa,Secundaria,15,95.65,4.4,11.89
2017,Oeste,Primaria,10,99.11,4.72,12.08
2020,Sur,Secundaria,15,99.87,5.38,8.12
2014,Sur,Secundaria,12,91.48,3.85,15.12
2016,Oeste,Secundaria,15,94.54,4.43,12.71
2020,Centro,Primaria,10,100.0,5.45,8.16
2022,Este,Primaria,10,100.0,5.95,7.05
2021,Este,Secundaria,17,100.0,5.68,6.83
2017,Norte,Primaria,8,98.12,4.81,10.82
2012,Costa,Secundaria,17,89.17,3.39,16.79
2022,Costa,Primaria,9,100.0,5.99,6.21
2020,Sur,Primaria,10,100.0,5.45,8.09
2016,Costa,Primaria,8,97.07,4.57,11.24
2019,Costa,Secundaria,14,100.0,5.33,10.36
2019,Sur,Secundaria,14,99.7,5.33,9.58
2012,Norte,Primaria,8,90.57,3.55,15.6
2013,Este,Primaria,9,91.81,3.66,15.27
2022,Centro,Secundaria,12,100.0,6.16,5.87
2018,Este,Primaria,6,99.93,5.06,10.11
2010,Centro,Secundaria,14,88.54,3.07,18.65
2019,Sur,Primaria,8,100.0,5.27,8.7
2015,Costa,Primaria,7,96.07,4.41,11.96
2012,Oeste,Secundaria,13,89.26,3.51,15.41
2012,Sur,Secundaria,13,87.78,3.42,16.41
2017,Centro,Secundaria,16,98.73,4.87,11.43
2014,Este,Secundaria,12,93.26,3.95,15.1
2022,Centro,Secundaria,16,100.0,6.26,5.25
2014,Centro,Secundaria,14,93.9,4.0,15.87
2012,Centro,Primaria,10,91.96,3.52,16.65
2010,Norte,Primaria,11,88.3,3.16,16.9
2016,Norte,Secundaria,12,95.93,4.56,13.15
2013,Centro,Secundaria,13,91.75,3.75,14.98
2021,Sur,Secundaria,12,100.0,5.78,7.99
2019,Norte,Primaria,9,100.0,5.42,8.23
2015,Oeste,Primaria,8,93.81,4.09,12.4
2023,Costa,Primaria,6,100.0,6.3,5.62
2010,Centro,Secundaria,17,88.96,3.18,16.83
2012,Sur,Secundaria,15,90.19,3.6,16.64
2017,Este,Secundaria,12,97.01,4.82,11.44
2012,Centro,Secundaria,17,91.03,3.66,16.84
2016,Este,Primaria,9,98.11,4.54,12.51
2010,Oeste,Secundaria,12,86.21,3.04,18.83
2022,Costa,Secundaria,13,100.0,6.14,4.1
2021,Norte,Secundaria,12,100.0,5.89,6.48
2019,Norte,Secundaria,14,100.0,5.28,11.47
2023,Costa,Secundaria,13,100.0,6.25,6.33
2020,Sur,Primaria,6,100.0,5.61,6.92
2014,Centro,Secundaria,17,93.4,4.0,15.63
2015,Sur,Secundaria,14,92.87,4.15,15.12
2018,Costa,Primaria,6,100.0,4.95,10.14
2022,Costa,Secundaria,15,100.0,6.11,6.71
2014,Costa,Secundaria,16,93.55,3.93,15.73
2021,Sur,Primaria,9,100.0,5.67,8.68
2023,Oeste,Secundaria,14,100.0,6.22,5.38
2011,Norte,Secundaria,15,89.64,3.37,17.54
2014,Sur,Primaria,10,93.55,4.0,12.99
2019,Este,Secundaria,17,100.0,5.18,10.63
2015,Norte,Primaria,7,95.67,4.23,12.82
2022,Oeste,Secundaria,13,100.0,5.86,5.76
2016,Sur,Primaria,11,97.79,4.55,12.42
2019,Norte,Secundaria,13,99.37,5.31,10.27
2013,Oeste,Primaria,9,92.09,3.74,16.4
2023,Costa,Secundaria,17,100.0,6.25,6.03
2017,Costa,Primaria,6,96.86,4.63,10.31
2013,Sur,Primaria,7,90.51,3.57,14.73
2022,Centro,Primaria,9,100.0,6.01,6.9
2018,Centro,Primaria,10,100.0,5.26,9.03
2016,Centro,Secundaria,16,96.4,4.57,11.71
2017,Norte,Secundaria,16,98.43,4.87,11.17
2013,Este,Secundaria,17,92.13,3.69,15.67
2014,Costa,Primaria,9,97.2,4.21,14.04
2013,Oeste,Secundaria,12,90.1,3.73,16.48
2020,Sur,Secundaria,16,100.0,5.32,8.77
2015,Norte,Secundaria,15,94.73,4.29,13.93
2016,Centro,Primaria,6,99.76,4.63,12.27
2020,Norte,Primaria,11,100.0,5.66,7.01
2019,Costa,Secundaria,17,100.0,5.22,9.83
2012,Oeste,Secundaria,16,90.84,3.53,15.95
2020,Sur,Secundaria,13,100.0,5.48,9.35
2023,Sur,Secundaria,12,100.0,6.22,4.88
2020,Norte,Secundaria,16,100.0,5.54,8.4
2020,Este,Secundaria,14,100.0,5.56,8.53
2011,Oeste,Secundaria,13,88.64,3.32,17.3
2015,Sur,Primaria,7,95.62,4.2,13.56
2010,Este,Primaria,7,86.02,3.0,18.09
2011,Oeste,Secundaria,15,88.08,3.45,17.45
2021,Este,Secundaria,16,100.0,5.83,8.25
2012,Sur,Primaria,9,91.07,3.5,16.78
2019,Centro,Secundaria,16,100.0,5.23,11.69
2014,Centro,Primaria,7,96.4,4.19,12.89
2012,Este,Primaria,8,90.39,3.4,17.3
2020,Sur,Secundaria,17,100.0,5.55,8.1
2011,Este,Primaria,10,89.12,3.3,16.37
2022,Este,Secundaria,12,100.0,5.99,6.41
2016,Este,Primaria,7,96.9,4.47,12.53
2023,Norte,Primaria,6,100.0,6.34,4.23
2012,Este,Primaria,6,91.7,3.49,15.72
2021,Norte,Secundaria,16,100.0,5.69,7.91
2023,Este,Secundaria,12,100.0,6.36,5.29
2022,Centro,Secundaria,13,100.0,5.98,8.31
2013,Norte,Primaria,7,92.46,3.81,14.75
2016,Norte,Secundaria,14,95.18,4.54,12.43
2023,Sur,Secundaria,17,100.0,6.33,5.54
2010,Costa,Secundaria,16,88.0,2.88,18.75
2020,Sur,Primaria,10,100.0,5.53,7.28
2017,Costa,Primaria,11,98.68,4.79,10.91
2017,Sur,Primaria,6,94.48,4.47,12.56
2017,Norte,Primaria,7,97.75,4.71,10.86
2019,Centro,Primaria,9,100.0,5.29,8.45
2020,Norte,Secundaria,15,100.0,5.49,9.51
2019,Norte,Secundaria,17,100.0,5.34,8.28
2010,Oeste,Secundaria,16,86.88,3.02,17.82
2013,Sur,Primaria,11,92.76,3.79,14.87
2018,Oeste,Secundaria,15,97.77,4.92,12.55
2016,Oeste,Secundaria,16,96.38,4.52,12.46
2017,Centro,Secundaria,15,99.65,4.83,12.58
2010,Sur,Secundaria,15,86.42,2.99,18.76
2017,Sur,Primaria,9,98.21,4.7,9.73
2010,Sur,Primaria,9,87.12,2.95,19.32
2011,Centro,Secundaria,15,89.28,3.32,18.1
2023,Este,Primaria,10,100.0,6.32,4.31
2021,Costa,Primaria,10,100.0,5.76,6.65
2021,Oeste,Primaria,7,100.0,5.65,8.34
2012,Centro,Secundaria,15,90.22,3.43,17.12
2020,Centro,Secundaria,14,100.0,5.68,8.83
2010,Centro,Secundaria,15,89.47,3.16,18.73
2011,Costa,Secundaria,15,89.43,3.24,17.65
2018,Este,Secundaria,15,98.55,5.12,10.14
2018,Costa,Primaria,8,98.46,5.0,10.63
2010,Centro,Secundaria,14,87.7,3.09,19.96
2020,Este,Secundaria,17,100.0,5.49,9.02
2022,Centro,Secundaria,17,100.0,6.2,5.04
2016,Este,Secundaria,17,96.26,4.67,12.33
2017,Oeste,Secundaria,17,95.46,4.71,11.07
2015,Este,Secundaria,15,93.84,4.23,13.92
2022,Este,Secundaria,12,100.0,6.11,6.63
2020,Sur,Secundaria,12,100.0,5.52,8.42
2019,Oeste,Secundaria,17,100.0,5.28,9.31
2010,Costa,Primaria,11,87.32,2.89,18.08
2019,Este,Secundaria,16,100.0,5.3,9.92
2016,Norte,Primaria,7,98.58,4.59,12.06
2019,Centro,Primaria,10,100.0,5.33,8.66
2013,Sur,Secundaria,13,91.36,3.74,15.61
2011,Centro,Secundaria,12,88.47,3.34,16.32
2016,Oeste,Primaria,10,97.29,4.51,10.51
2016,Costa,Primaria,6,97.62,4.5,11.8
2017,Oeste,Primaria,6,96.74,4.7,11.72
2010,Norte,Primaria,11,89.07,3.21,15.88
2015,Sur,Secundaria,13,93.96,4.2,14.15
2019,Sur,Primaria,10,100.0,5.25,9.17
2022,Costa,Primaria,9,100.0,6.08,6.23
2011,Costa,Secundaria,16,89.25,3.18,18.76
2022,Este,Secundaria,14,100.0,6.01,6.78
2014,Costa,Primaria,6,95.44,3.93,15.42
2020,Oeste,Primaria,11,100.0,5.46,8.29
2011,Sur,Secundaria,13,86.48,3.11,17.47
2021,Norte,Primaria,8,100.0,5.9,6.24
2023,Costa,Primaria,9,100.0,6.25,5.04
2017,Costa,Primaria,7,98.98,4.65,12.11
2018,Centro,Primaria,9,100.0,5.14,9.58
2013,Norte,Secundaria,17,92.06,3.75,16.0
2012,Oeste,Primaria,10,88.89,3.36,15.76
2021,Este,Secundaria,15,100.0,5.81,7.33
2022,Centro,Secundaria,13,100.0,6.11,6.75
2011,Costa,Primaria,6,89.92,3.19,15.99
2020,Oeste,Primaria,8,100.0,5.53,8.36
2018,Costa,Primaria,11,100.0,5.04,10.28
2020,Sur,Primaria,9,100.0,5.47,7.75
2018,Costa,Primaria,7,100.0,5.08,10.0
2023,Costa,Primaria,7,100.0,6.28,5.5
2011,Centro,Secundaria,15,89.86,3.45,17.56
2010,Costa,Secundaria,17,86.91,3.03,19.42
2012,Sur,Secundaria,16,89.91,3.48,16.4
2011,Sur,Secundaria,13,86.71,2.98,18.61
2019,Norte,Primaria,11,100.0,5.3,8.09
2017,Centro,Primaria,9,100.0,5.01,8.66
2022,Este,Secundaria,16,100.0,5.98,7.37
2022,Sur,Secundaria,17,100.0,5.94,7.26
2015,Norte,Primaria,6,96.67,4.29,11.9
2021,Sur,Secundaria,15,100.0,5.56,9.05
2017,Costa,Primaria,8,98.7,4.8,11.15
2021,Norte,Secundaria,17,100.0,5.98,6.63
2019,Norte,Primaria,11,100.0,5.46,5.67
2016,Sur,Primaria,8,96.02,4.43,12.12
2018,Sur,Primaria,8,98.91,4.88,10.19
2013,Sur,Primaria,7,92.35,3.66,15.99
2016,Sur,Primaria,7,95.53,4.49,11.96
2010,Oeste,Secundaria,13,87.03,2.95,18.57
2018,Norte,Secundaria,17,100.0,5.14,10.71
2011,Costa,Secundaria,13,89.0,3.28,18.28
2019,Este,Primaria,6,100.0,5.18,10.19
2022,Este,Primaria,7,100.0,5.94,6.88
2021,Norte,Secundaria,16,100.0,5.9,6.18
2015,Sur,Secundaria,16,94.29,4.27,13.56
2017,Costa,Primaria,11,98.84,4.75,11.35
2018,Este,Secundaria,17,100.0,5.15,9.18
2019,Centro,Secundaria,12,100.0,5.35,8.79
2016,Norte,Secundaria,13,95.6,4.55,11.9
2012,Este,Primaria,10,92.76,3.52,16.2
2012,Sur,Secundaria,17,89.45,3.5,16.05
2012,Costa,Primaria,6,90.01,3.32,17.5
2010,Este,Secundaria,15,88.25,3.04,19.03
2021,Centro,Secundaria,16,100.0,5.86,8.21
2015,Costa,Secundaria,16,93.47,4.18,14.02
2013,Sur,Secundaria,12,90.44,3.63,16.73
2021,Sur,Secundaria,16,100.0,5.8,6.87
2016,Costa,Secundaria,17,96.91,4.46,12.46
2020,Costa,Secundaria,17,100.0,5.48,9.13
2022,Costa,Secundaria,16,100.0,6.08,6.57
2014,Norte,Primaria,11,95.11,3.98,14.58
2012,Oeste,Primaria,7,91.41,3.68,15.66
2011,Norte,Secundaria,14,88.73,3.27,17.96
2019,Este,Secundaria,14,100.0,5.23,8.34
2018,Este,Primaria,9,99.67,4.91,11.49
2013,Costa,Primaria,10,91.71,3.7,14.64
2019,Centro,Secundaria,16,100.0,5.28,10.42
2018,Costa,Secundaria,12,99.56,4.96,10.24
2022,Costa,Secundaria,13,100.0,5.91,7.72
2021,Este,Secundaria,17,100.0,5.58,9.13
2014,Costa,Secundaria,15,94.16,4.1,14.12
2021,Norte,Secundaria,16,100.0,5.89,6.96
2018,Sur,Primaria,11,100.0,5.0,9.11
2020,Costa,Secundaria,17,100.0,5.55,8.28
2022,Norte,Primaria,6,100.0,6.12,5.38
2017,Oeste,Secundaria,17,97.06,4.67,11.59
2011,Costa,Secundaria,13,90.38,3.48,16.05
2017,Sur,Primaria,11,96.66,4.65,9.81
2022,Centro,Primaria,10,100.0,6.0,5.6
2012,Oeste,Primaria,6,91.57,3.64,15.47
2013,Centro,Secundaria,16,91.97,3.82,16.63
2011,Sur,Primaria,10,88.69,3.21,16.49
2021,Norte,Secundaria,16,100.0,5.75,6.82
2020,Costa,Secundaria,14,100.0,5.48,8.8
2015,Norte,Primaria,11,95.89,4.36,12.49
2010,Este,Secundaria,17,86.4,3.05,19.61
2023,Norte,Secundaria,16,100.0,6.23,6.59
2023,Sur,Secundaria,13,100.0,6.26,5.93
2014,Oeste,Secundaria,16,91.44,3.91,15.36
2012,Norte,Secundaria,15,90.61,3.45,16.99
2022,Sur,Primaria,7,100.0,6.02,6.33
2020,Este,Secundaria,15,100.0,5.55,9.47
2015,Sur,Secundaria,15,94.04,4.18,12.23
2016,Costa,Primaria,11,97.03,4.44,11.98
2019,Sur,Secundaria,16,100.0,5.26,10.34
2018,Sur,Primaria,6,99.27,4.93,9.47
2012,Centro,Primaria,8,90.83,3.55,14.67
2020,Este,Secundaria,13,100.0,5.57,8.94
2013,Este,Secundaria,15,92.55,3.8,14.82
2014,Costa,Secundaria,14,91.74,3.9,14.71
2021,Sur,Primaria,6,100.0,5.8,6.99
2021,Norte,Primaria,8,100.0,5.69,8.16
2019,Costa,Secundaria,13,100.0,5.19,9.17
2020,Sur,Secundaria,13,100.0,5.48,9.44
2012,Sur,Primaria,7,91.54,3.44,16.19
2018,Centro,Secundaria,17,100.0,5.17,9.55
2011,Oeste,Secundaria,13,88.04,3.27,17.98
2018,Norte,Primaria,6,100.0,4.89,10.1
2020,Costa,Primaria,10,100.0,5.61,7.39
2015,Costa,Primaria,8,96.37,4.21,14.62
2018,Norte,Secundaria,13,99.69,5.08,10.76
2023,Costa,Secundaria,13,100.0,6.19,6.24
2014,Sur,Primaria,11,92.33,3.86,15.32
2015,Norte,Secundaria,17,95.19,4.38,11.95
2016,Centro,Secundaria,16,97.25,4.64,13.28
2013,Oeste,Primaria,7,94.66,3.75,15.28
2017,Este,Secundaria,13,97.93,4.72,11.99
2017,Oeste,Secundaria,13,99.14,4.85,10.82
2015,Sur,Secundaria,16,93.21,4.23,14.5
2022,Centro,Primaria,7,100.0,6.15,5.08
2022,Este,Primaria,6,100.0,6.03,5.33
2022,Sur,Secundaria,15,100.0,5.98,5.84
2017,Oeste,Secundaria,15,97.17,4.82,12.37
2018,Este,Primaria,6,99.58,5.11,9.03
2011,Norte,Primaria,11,89.97,3.42,15.98
2015,Sur,Secundaria,14,93.19,4.21,14.22
2014,Costa,Secundaria,17,93.69,4.01,15.14
2020,Sur,Primaria,11,100.0,5.36,9.65
2021,Este,Secundaria,12,100.0,5.76,7.35
2017,Sur,Primaria,8,96.74,4.66,10.52
2010,Norte,Primaria,10,89.9,3.01,17.68
2021,Costa,Primaria,10,100.0,5.75,6.38
2017,Oeste,Primaria,8,98.01,4.73,10.51
2021,Costa,Secundaria,12,100.0,5.7,7.3
2014,Centro,Secundaria,13,93.42,3.97,15.19
2019,Este,Primaria,6,100.0,5.26,9.61
2020,Este,Secundaria,14,100.0,5.53,9.08
2023,Centro,Primaria,9,100.0,6.38,3.02
2022,Centro,Primaria,7,100.0,6.03,4.53
2019,Este,Primaria,6,100.0,5.17,10.04
2011,Norte,Secundaria,15,87.95,3.18,17.06
2023,Sur,Primaria,7,100.0,6.2,5.8
2013,Sur,Secundaria,13,91.03,3.65,15.52
2019,Este,Secundaria,17,100.0,5.32,9.25
2015,Oeste,Primaria,10,92.84,4.11,15.29
2013,Costa,Primaria,9,93.44,3.86,14.98
2022,Norte,Secundaria,13,100.0,6.06,6.26
2018,Este,Secundaria,14,100.0,5.01,12.11
2014,Sur,Primaria,7,93.33,3.96,13.84
2020,Oeste,Primaria,6,100.0,5.53,7.4
2023,Centro,Primaria,11,100.0,6.41,4.68
2015,Costa,Primaria,8,93.42,4.1,14.57
2014,Oeste,Secundaria,16,93.51,3.93,15.55
2012,Sur,Secundaria,16,89.15,3.49,18.04
2014,Sur,Secundaria,12,91.44,4.0,15.73
2014,Centro,Primaria,10,95.77,4.12,14.44
2022,Norte,Primaria,7,100.0,6.0,6.19
2020,Norte,Secundaria,14,100.0,5.61,8.15
2015,Norte,Primaria,7,95.5,4.31,12.27
2012,Centro,Secundaria,15,92.62,3.6,16.33
2019,Costa,Secundaria,15,100.0,5.35,8.99
2010,Centro,Secundaria,16,88.36,3.09,18.25
2018,Sur,Primaria,11,99.43,4.99,8.85
2022,Costa,Primaria,7,100.0,6.12,4.22
2016,Norte,Primaria,11,98.92,4.66,13.22
2023,Costa,Secundaria,14,100.0,6.15,7.31
2020,Oeste,Secundaria,12,100.0,5.39,9.31
2022,Centro,Secundaria,15,100.0,5.94,7.7
2015,Norte,Secundaria,16,96.14,4.41,13.7
2021,Costa,Primaria,9,100.0,5.74,7.0
2015,Este,Secundaria,12,94.75,4.23,13.04
2020,Sur,Secundaria,17,100.0,5.44,9.82
2015,Costa,Primaria,7,94.11,4.16,13.74
2017,Oeste,Primaria,7,97.01,4.77,10.14
2010,Norte,Secundaria,14,86.99,3.0,19.25
2019,Sur,Primaria,9,100.0,5.27,8.77
2022,Este,Primaria,10,100.0,6.05,7.34
2020,Norte,Secundaria,12,100.0,5.57,6.86
2013,Oeste,Secundaria,15,91.97,3.77,16.06
2014,Este,Primaria,11,94.52,4.01,13.33
2023,Oeste,Secundaria,16,100.0,6.22,5.91
2012,Centro,Primaria,9,93.62,3.7,13.94
2019,Norte,Primaria,10,100.0,5.46,8.31
2019,Centro,Primaria,8,100.0,5.4,8.29
2018,Centro,Primaria,7,100.0,5.21,8.0
2018,Norte,Primaria,11,100.0,4.95,10.45
2023,Centro,Primaria,9,100.0,6.36,4.66
2023,Costa,Secundaria,16,100.0,6.25,5.05
2015,Este,Primaria,8,94.78,4.24,13.8
2015,Sur,Primaria,7,94.51,4.24,12.86
2013,Oeste,Secundaria,14,90.66,3.88,15.3
2015,Sur,Secundaria,12,92.92,4.24,14.62
2022,Sur,Secundaria,17,100.0,6.04,5.68
2011,Centro,Primaria,11,90.36,3.46,16.21
2011,Oeste,Primaria,10,90.08,3.33,17.17
2010,Costa,Secundaria,14,87.46,3.01,17.78
2014,Centro,Secundaria,15,94.9,4.05,15.73
2011,Centro,Primaria,8,91.12,3.44,16.68
2019,Centro,Secundaria,14,100.0,5.42,8.5
2018,Sur,Secundaria,12,97.95,4.92,12.17
2022,Norte,Primaria,8,100.0,6.21,4.96
2023,Este,Secundaria,16,100.0,6.21,5.53
2013,Costa,Secundaria,17,91.61,3.66,15.48
2011,Costa,Secundaria,13,88.44,3.25,18.22
2023,Centro,Secundaria,15,100.0,6.25,5.7
2012,Este,Primaria,8,90.69,3.52,16.1
2011,Sur,Secundaria,17,86.91,3.2,18.21
2019,Centro,Secundaria,14,100.0,5.31,9.39
2020,Este,Primaria,10,100.0,5.53,7.85
2014,Centro,Secundaria,12,93.5,4.0,14.62
2017,Sur,Primaria,8,97.12,4.52,12.32
2010,Este,Primaria,9,89.71,3.09,17.88
2014,Centro,Primaria,11,95.27,4.18,12.6
2022,Costa,Primaria,6,100.0,6.07,5.34
2020,Norte,Primaria,7,100.0,5.55,7.1
2012,Este,Primaria,7,90.83,3.56,15.84
2023,Sur,Secundaria,17,100.0,6.18,7.04
2016,Centro,Primaria,8,99.18,4.7,11.18
2014,Centro,Primaria,7,94.77,4.01,15.05
2020,Oeste,Secundaria,14,100.0,5.5,7.66
2014,Centro,Primaria,11,93.67,4.07,13.84
2020,Sur,Secundaria,14,100.0,5.51,9.51
2010,Norte,Primaria,8,90.0,3.08,16.95
2023,Oeste,Primaria,7,100.0,6.09,5.48
2020,Norte,Primaria,10,100.0,5.55,7.68
2018,Oeste,Secundaria,17,99.74,4.9,11.0
2023,Oeste,Primaria,8,100.0,6.26,4.5
2012,Oeste,Primaria,10,90.92,3.55,18.44
2010,Costa,Primaria,8,87.17,2.91,17.29
2011,Norte,Secundaria,12,89.78,3.36,17.55
2017,Este,Secundaria,12,97.99,4.7,11.42
2019,Costa,Primaria,9,100.0,5.21,9.27
2015,Sur,Primaria,6,95.26,4.22,13.14
2017,Costa,Primaria,11,98.62,4.85,10.78
2022,Norte,Secundaria,13,100.0,6.12,6.06
2013,Norte,Secundaria,14,92.96,3.88,15.32
2012,Sur,Primaria,7,89.64,3.42,16.05
2012,Costa,Secundaria,16,90.9,3.49,16.81
2021,Oeste,Secundaria,13,100.0,5.78,7.45
2014,Oeste,Secundaria,14,93.28,3.99,14.81
2022,Norte,Secundaria,13,100.0,6.09,7.34
2014,Norte,Secundaria,14,94.87,4.11,14.99
2018,Costa,Secundaria,17,98.4,5.13,8.8
2014,Centro,Primaria,10,96.81,4.21,12.88
2015,Norte,Secundaria,12,96.4,4.44,11.94
2014,Este,Secundaria,16,94.31,4.06,15.57
2013,Oeste,Secundaria,17,92.06,3.67,15.8
2020,Centro,Secundaria,17,100.0,5.51,10.2
2015,Norte,Primaria,7,95.89,4.34,12.57
2016,Centro,Secundaria,15,96.1,4.53,12.07
2017,Oeste,Secundaria,14,96.48,4.58,13.19
2021,Oeste,Primaria,6,100.0,5.71,5.29
2016,Este,Secundaria,14,97.7,4.71,12.76
2017,Norte,Secundaria,12,97.8,4.83,12.13
2017,Costa,Secundaria,12,96.68,4.77,11.67
2014,Centro,Secundaria,16,94.43,4.1,13.37
2010,Centro,Primaria,8,90.73,3.12,16.66
2022,Centro,Secundaria,12,100.0,6.0,6.66
2011,Este,Secundaria,16,89.3,3.3,16.1
2019,Costa,Primaria,11,100.0,5.32,8.64
2021,Norte,Primaria,9,100.0,5.85,7.03
2021,Sur,Primaria,6,100.0,5.73,6.2
2015,Este,Primaria,7,96.34,4.28,12.01
2013,Centro,Primaria,7,92.63,3.91,15.27
2010,Este,Secundaria,12,86.71,2.94,18.9
2023,Costa,Primaria,6,100.0,6.1,5.29
2022,Sur,Primaria,7,100.0,5.92,6.5
2018,Este,Secundaria,16,100.0,5.03,9.57
2012,Sur,Secundaria,12,87.94,3.5,16.73
2015,Este,Primaria,9,94.43,4.22,13.37
2023,Centro,Primaria,6,100.0,6.37,5.55
2013,Este,Primaria,7,92.11,3.78,15.26
2022,Este,Secundaria,16,100.0,6.09,5.31
2011,Norte,Primaria,10,90.19,3.29,17.54
2016,Oeste,Secundaria,12,96.06,4.53,12.04
2010,Sur,Secundaria,14,86.66,3.01,18.59
2015,Este,Secundaria,17,94.74,4.26,14.42
2012,Sur,Primaria,6,91.57,3.44,16.78
2023,Este,Secundaria,16,100.0,6.24,5.35
2014,Norte,Secundaria,15,93.91,4.02,13.63
2013,Este,Secundaria,14,91.46,3.73,16.63
2017,Centro,Primaria,6,99.99,4.77,10.97
2014,Oeste,Secundaria,16,90.69,4.04,14.84
2015,Este,Secundaria,17,94.37,4.31,13.89
2015,Costa,Secundaria,17,94.75,4.24,13.85
2010,Oeste,Primaria,6,87.63,2.99,19.3
2015,Oeste,Secundaria,16,95.16,4.23,13.9
2012,Sur,Primaria,11,89.69,3.57,16.51
2010,Centro,Primaria,9,91.69,3.17,17.84
2010,Este,Secundaria,16,87.55,3.0,18.26
2018,Sur,Secundaria,14,98.34,5.01,10.96
2010,Centro,Secundaria,14,86.98,2.98,18.73
2014,Oeste,Primaria,11,92.62,3.94,14.14
2014,Este,Secundaria,12,92.45,3.97,15.35
2015,Centro,Secundaria,17,96.08,4.38,13.27
2018,Oeste,Secundaria,15,97.67,4.94,10.41
2016,Centro,Secundaria,13,97.34,4.54,13.59
2012,Este,Secundaria,17,89.61,3.47,16.72
2023,Costa,Secundaria,14,100.0,6.14,7.33
2022,Oeste,Primaria,11,100.0,5.88,6.74
2016,Este,Primaria,8,96.99,4.45,12.81
2023,Costa,Primaria,8,100.0,6.28,4.88
2013,Costa,Primaria,9,93.52,3.77,13.98
2018,Sur,Primaria,8,99.61,5.01,9.9
2023,Sur,Primaria,8,100.0,6.33,4.62
2010,Oeste,Primaria,8,89.46,3.05,17.6
2012,Norte,Primaria,11,91.36,3.44,14.91
2012,Centro,Secundaria,17,90.51,3.55,16.79
2021,Centro,Primaria,10,100.0,5.97,5.79
2017,Norte,Secundaria,17,98.25,4.84,11.01
2016,Sur,Primaria,11,97.02,4.48,12.6
2023,Costa,Secundaria,17,100.0,6.27,6.33
2018,Sur,Primaria,7,100.0,4.85,10.0
2023,Este,Secundaria,13,100.0,6.31,4.97
2023,Centro,Secundaria,14,100.0,6.34,5.82
2020,Sur,Secundaria,14,100.0,5.38,9.74
2010,Este,Primaria,6,89.12,3.06,18.16
2022,Centro,Primaria,9,100.0,6.24,4.96
2013,Este,Secundaria,15,91.08,3.76,16.93
2011,Centro,Secundaria,13,88.93,3.25,17.86
2012,Norte,Secundaria,12,90.44,3.57,16.21
2017,Oeste,Primaria,10,97.79,4.66,10.62
2018,Este,Primaria,8,99.62,4.84,11.19
2016,Costa,Secundaria,12,94.82,4.46,12.64
2017,Este,Secundaria,13,98.72,4.81,11.88
2013,Norte,Primaria,9,93.11,3.75,15.6
2011,Costa,Primaria,8,90.01,3.24,16.77
2017,Oeste,Primaria,7,99.58,4.72,11.79
2020,Norte,Secundaria,15,100.0,5.54,9.44
2017,Centro,Primaria,7,98.19,4.82,10.7
2018,Oeste,Secundaria,12,98.12,4.95,10.27
2023,Costa,Primaria,9,100.0,6.23,4.04
2015,Centro,Primaria,6,96.47,4.34,11.89
2010,Oeste,Secundaria,15,86.71,3.02,18.02
2013,Sur,Primaria,6,90.75,3.66,15.01
2014,Oeste,Primaria,11,93.68,3.91,14.76
2019,Sur,Primaria,8,100.0,5.24,9.23
2012,Este,Primaria,10,91.65,3.47,15.84
2019,Este,Secundaria,17,100.0,5.44,9.7
2013,Oeste,Primaria,9,92.08,3.71,15.07
2016,Sur,Secundaria,13,96.58,4.61,13.73
2014,Oeste,Secundaria,14,91.97,4.0,14.64
2020,Sur,Primaria,9,100.0,5.47,8.41
2015,Costa,Secundaria,17,94.26,4.32,12.83
2015,Costa,Secundaria,17,96.02,4.28,14.08
2023,Centro,Primaria,6,100.0,6.34,5.02
2011,Sur,Secundaria,13,87.81,3.17,18.4
2014,Centro,Secundaria,16,92.36,4.03,15.08
2014,Costa,Primaria,6,94.1,3.93,15.35
2016,Costa,Primaria,11,96.48,4.57,12.67
2012,Costa,Primaria,8,90.62,3.31,16.54
2012,Norte,Primaria,6,93.84,3.71,14.5
2010,Norte,Primaria,6,90.47,3.15,17.17
2013,Centro,Secundaria,16,92.79,3.83,15.34
2019,Sur,Secundaria,16,99.88,5.34,10.3
2013,Este,Primaria,8,93.98,3.92,13.6
2013,Este,Secundaria,15,92.68,3.86,14.71
2017,Centro,Secundaria,12,95.24,4.66,12.43
2016,Centro,Secundaria,16,95.88,4.44,12.59
2014,Sur,Secundaria,16,93.15,4.0,14.61
2013,Centro,Primaria,7,93.05,3.76,14.49
2013,Este,Primaria,7,94.08,3.81,15.83
2010,Oeste,Secundaria,12,86.53,2.94,19.18
2017,Centro,Primaria,8,100.0,4.88,9.92
2016,Sur,Secundaria,12,95.54,4.42,13.56
2010,Norte,Primaria,8,89.45,3.07,18.05
2015,Oeste,Secundaria,15,94.42,4.09,15.16
2022,Sur,Secundaria,17,100.0,5.94,6.9
2017,Sur,Secundaria,14,95.59,4.63,12.41
2010,Este,Secundaria,13,86.69,3.1,17.73
2018,Costa,Primaria,10,99.79,4.94,10.59
2015,Costa,Primaria,6,94.71,4.28,12.0
2022,Centro,Primaria,7,100.0,6.14,5.61
2023,Sur,Secundaria,14,100.0,6.19,6.87
2012,Costa,Primaria,7,90.32,3.43,16.93
2012,Centro,Secundaria,14,91.3,3.61,15.29
2020,Norte,Primaria,7,100.0,5.56,7.83
2010,Sur,Primaria,11,87.94,3.01,18.06
2018,Norte,Primaria,6,100.0,5.0,10.03
2016,Sur,Primaria,7,95.72,4.35,13.0
2010,Centro,Secundaria,14,87.83,3.15,19.31
2018,Oeste,Secundaria,12,98.85,4.99,11.26
2020,Norte,Primaria,10,100.0,5.66,8.3
2015,Oeste,Primaria,7,96.9,4.33,11.95
2012,Oeste,Primaria,11,90.1,3.33,17.54
2013,Costa,Primaria,6,92.7,3.77,15.82
2011,Sur,Secundaria,15,88.12,3.21,17.3
2019,Costa,Primaria,6,100.0,5.25,8.62
2017,Oeste,Secundaria,15,97.25,4.79,10.42
2018,Sur,Primaria,7,98.65,5.1,9.56
2017,Sur,Primaria,10,97.28,4.68,11.46
2014,Centro,Secundaria,16,94.66,4.08,15.77
2021,Centro,Secundaria,17,100.0,5.9,6.76
2018,Oeste,Secundaria,14,99.12,5.03,10.32
2013,Este,Primaria,11,92.61,3.76,14.79
2021,Este,Primaria,6,100.0,5.84,7.41
2012,Oeste,Secundaria,13,89.99,3.58,16.43
2017,Centro,Primaria,11,98.57,4.8,10.8
2011,Sur,Secundaria,13,89.99,3.29,16.94
2015,Costa,Secundaria,14,93.85,4.18,14.47
2019,Sur,Secundaria,15,100.0,5.29,9.38
2018,Este,Primaria,10,100.0,4.95,9.72
2022,Sur,Secundaria,17,100.0,5.88,7.14
2017,Costa,Primaria,6,96.96,4.64,11.27
2012,Sur,Secundaria,17,88.56,3.42,17.2
2011,Norte,Secundaria,17,89.48,3.31,18.14
2023,Centro,Primaria,9,100.0,6.33,5.54
2022,Norte,Primaria,8,100.0,6.04,7.51
2022,Costa,Secundaria,16,100.0,5.97,7.09
2011,Centro,Secundaria,17,88.92,3.3,18.05
2011,Costa,Secundaria,12,88.44,3.21,18.9
2020,Sur,Secundaria,16,100.0,5.45,8.51
2022,Centro,Primaria,7,100.0,6.05,5.94
2016,Oeste,Primaria,8,97.65,4.48,12.2
2019,Este,Secundaria,14,100.0,5.18,11.5
2020,Este,Primaria,7,100.0,5.41,8.96
2022,Norte,Primaria,8,100.0,6.13,4.79
2017,Norte,Primaria,8,99.33,4.75,9.42
2021,Norte,Secundaria,15,100.0,5.82,7.69
2021,Centro,Secundaria,14,100.0,5.76,6.83
2018,Sur,Secundaria,13,98.21,4.82,10.85
2016,Centro,Secundaria,15,96.19,4.48,12.02
2010,Centro,Primaria,8,89.4,3.02,17.76
2013,Norte,Primaria,9,94.18,3.92,13.89
2011,Sur,Secundaria,14,86.23,3.13,19.48
2020,Sur,Secundaria,12,100.0,5.46,8.86
2021,Norte,Secundaria,14,100.0,5.78,8.22
2021,Centro,Primaria,6,100.0,5.85,5.28
2014,Este,Secundaria,15,93.22,3.92,15.94
2017,Costa,Secundaria,16,98.72,4.83,10.78
2015,Costa,Primaria,8,94.73,4.26,12.95
2023,Costa,Primaria,10,100.0,6.2,5.05
2013,Centro,Primaria,6,93.15,3.9,15.06
2019,Oeste,Primaria,11,100.0,5.09,9.37
2014,Este,Primaria,11,94.11,3.96,14.67
2023,Este,Primaria,7,100.0,6.29,4.74
2015,Oeste,Secundaria,12,94.8,4.34,13.66
2012,Este,Primaria,10,92.22,3.48,17.13
2014,Costa,Primaria,6,95.44,4.13,14.72
2023,Sur,Secundaria,13,100.0,6.28,5.19
2016,Este,Primaria,7,97.1,4.45,12.3
2020,Este,Secundaria,13,100.0,5.56,8.89
2011,Sur,Primaria,6,88.81,3.28,16.64
2023,Sur,Secundaria,14,100.0,6.12,7.78
2016,Oeste,Primaria,11,97.16,4.58,11.35
2014,Norte,Primaria,7,94.74,3.94,14.13
2013,Centro,Primaria,8,94.01,3.95,14.47
2017,Este,Primaria,8,97.76,4.86,11.19
2019,Centro,Primaria,11,100.0,5.47,7.54
2022,Norte,Primaria,6,100.0,6.13,4.61
2017,Centro,Primaria,7,100.0,4.86,10.67
2019,Este,Secundaria,14,100.0,5.14,10.92
2021,Costa,Primaria,8,100.0,5.88,5.75
2014,Centro,Primaria,8,94.82,4.14,13.23
2020,Centro,Primaria,9,100.0,5.66,6.78
2014,Oeste,Secundaria,13,90.57,3.92,14.43
2016,Norte,Secundaria,15,97.56,4.39,13.15
2023,Costa,Primaria,8,100.0,6.28,4.08
2017,Este,Secundaria,17,97.07,4.7,12.04
2019,Costa,Secundaria,15,99.37,5.24,10.46
2020,Oeste,Primaria,6,100.0,5.51,7.97
2010,Oeste,Primaria,10,87.6,2.87,19.13
2023,Sur,Primaria,9,100.0,6.23,5.57
2013,Costa,Primaria,6,91.71,3.68,15.0
2016,Centro,Secundaria,17,98.31,4.55,12.17
2017,Este,Secundaria,17,98.46,4.83,11.59
2016,Este,Secundaria,17,94.51,4.4,12.99
2012,Centro,Secundaria,16,92.04,3.55,16.23
2019,Norte,Secundaria,15,100.0,5.3,8.65
2016,Sur,Primaria,10,97.22,4.52,13.04
2015,Norte,Primaria,11,96.85,4.31,13.34
2019,Oeste,Secundaria,15,100.0,5.27,11.51
2016,Este,Primaria,11,96.5,4.43,12.38
2011,Costa,Primaria,8,89.34,3.12,17.93
2023,Costa,Primaria,8,100.0,6.23,5.53
2013,Oeste,Primaria,10,92.11,3.84,12.96
2019,Centro,Primaria,6,100.0,5.38,8.2
2022,Oeste,Primaria,8,100.0,5.93,7.28
2010,Este,Primaria,9,89.3,2.97,18.34
2010,Centro,Primaria,9,88.87,3.2,17.88
2017,Este,Secundaria,14,98.07,4.82,11.74
2011,Sur,Primaria,7,88.13,3.08,18.03
2017,Norte,Secundaria,15,96.86,4.66,11.91
2021,Centro,Primaria,7,100.0,5.99,5.72
2021,Centro,Primaria,8,100.0,5.85,5.46
2019,Norte,Secundaria,15,100.0,5.32,8.31
2022,Costa,Secundaria,12,100.0,6.02,7.55
2016,Sur,Primaria,9,95.06,4.44,11.76
2018,Costa,Secundaria,14,99.0,4.98,10.45
2022,Sur,Secundaria,15,100.0,5.94,7.39
2015,Norte,Primaria,11,97.46,4.16,13.96
2012,Sur,Secundaria,15,88.72,3.42,17.33
2023,Costa,Secundaria,17,100.0,6.21,6.47
2010,Costa,Secundaria,12,87.04,3.08,18.81
2011,Oeste,Primaria,7,89.08,3.29,16.24
2021,Norte,Secundaria,16,100.0,5.79,9.16
2019,Oeste,Primaria,8,100.0,5.21,9.92
2018,Sur,Secundaria,16,98.94,4.95,10.34
2019,Centro,Secundaria,14,100.0,5.5,8.41
2014,Oeste,Secundaria,17,93.78,4.05,13.72
2021,Costa,Primaria,7,100.0,5.69,7.5
2018,Centro,Secundaria,13,100.0,5.21,9.66
2014,Sur,Primaria,8,92.14,3.87,12.97
2011,Centro,Secundaria,13,88.66,3.43,18.44
2014,Sur,Secundaria,13,92.72,3.95,15.47
2014,Este,Secundaria,16,92.63,3.92,15.11
2022,Sur,Secundaria,15,100.0,5.91,7.98
2017,Sur,Secundaria,12,96.04,4.68,12.03
2021,Este,Primaria,7,100.0,5.85,7.15
2021,Costa,Primaria,7,100.0,5.85,6.16
2020,Este,Secundaria,12,100.0,5.38,9.99
2014,Norte,Primaria,8,94.72,4.03,13.01
2012,Centro,Primaria,9,92.76,3.68,16.72
2010,Norte,Primaria,10,89.78,3.11,17.86
2013,Oeste,Secundaria,15,92.84,3.76,16.32
2011,Sur,Secundaria,15,88.32,3.24,18.46
2013,Costa,Secundaria,14,91.78,3.8,15.6
2014,Este,Primaria,9,94.7,4.12,13.52
2013,Este,Secundaria,13,92.05,3.74,15.51
2018,Costa,Primaria,6,98.73,4.82,10.62
2022,Este,Primaria,7,100.0,6.06,5.93
2019,Centro,Secundaria,16,100.0,5.29,9.96
2019,Este,Secundaria,13,99.54,5.14,9.95
2019,Oeste,Secundaria,14,100.0,5.22,9.46
2016,Este,Primaria,9,98.66,4.46,12.82
2022,Oeste,Secundaria,16,100.0,5.96,5.81
2020,Este,Secundaria,12,100.0,5.36,10.64
2019,Centro,Primaria,10,100.0,5.38,8.11
2023,Este,Primaria,10,100.0,6.26,5.2
2019,Oeste,Primaria,8,99.78,5.23,9.78
2015,Centro,Secundaria,16,96.62,4.28,15.28
2018,Este,Primaria,6,100.0,4.95,9.75
2020,Sur,Secundaria,13,100.0,5.52,7.67
2019,Norte,Primaria,11,100.0,5.37,8.22
2019,Oeste,Secundaria,14,98.45,5.2,8.71
2020,Sur,Secundaria,14,100.0,5.35,8.51
2010,Este,Secundaria,16,88.82,3.06,17.17
2023,Centro,Secundaria,12,100.0,6.3,6.0
2023,Este,Secundaria,12,100.0,6.33,5.36
2012,Oeste,Secundaria,12,89.46,3.41,17.07
2012,Norte,Primaria,7,92.27,3.58,16.14
2019,Centro,Secundaria,13,100.0,5.37,9.63
2010,Oeste,Secundaria,17,88.07,2.92,18.12
2011,Norte,Primaria,7,91.65,3.36,17.03
2020,Este,Primaria,6,100.0,5.41,7.94
2012,Costa,Primaria,6,91.62,3.59,14.7
2012,Este,Primaria,9,90.99,3.48,15.76
2022,Este,Secundaria,12,100.0,5.98,5.96
2021,Norte,Primaria,7,100.0,5.8,6.19
2015,Costa,Secundaria,12,93.99,4.21,12.71
2020,Sur,Secundaria,15,100.0,5.39,8.69
2017,Oeste,Secundaria,15,96.29,4.73,11.69
2013,Este,Primaria,6,91.99,3.72,14.74
2012,Oeste,Primaria,9,89.58,3.44,16.8
2017,Norte,Primaria,6,98.59,4.83,10.35
2017,Centro,Primaria,6,99.62,4.82,10.35
2016,Norte,Primaria,8,96.75,4.5,12.55
2010,Oeste,Secundaria,12,87.08,3.03,19.15
2017,Sur,Primaria,11,98.75,4.84,10.76
2018,Centro,Primaria,11,100.0,5.04,9.72
2018,Norte,Secundaria,17,99.37,5.13,9.69
2023,Norte,Primaria,11,100.0,6.26,3.91
2013,Costa,Primaria,9,91.38,3.72,15.31
2019,Oeste,Secundaria,16,99.15,5.13,11.0
2015,Centro,Secundaria,16,95.85,4.3,14.42
2019,Este,Secundaria,17,99.77,5.21,11.59
2018,Centro,Secundaria,13,100.0,5.08,10.5
2017,Norte,Secundaria,14,98.65,4.79,11.8
2015,Centro,Secundaria,12,97.03,4.51,12.87
2014,Norte,Secundaria,16,94.6,4.0,15.09
2019,Oeste,Secundaria,15,98.79,5.26,8.84
2020,Este,Primaria,9,100.0,5.58,7.13
2023,Oeste,Secundaria,12,100.0,6.08,6.52
2015,Sur,Primaria,10,93.29,4.06,13.37
2015,Norte,Primaria,11,95.25,4.38,13.04
2014,Centro,Secundaria,16,94.62,4.0,13.91
2021,Este,Secundaria,15,100.0,5.74,8.96
2017,Norte,Secundaria,12,96.01,4.61,11.37
2014,Este,Primaria,9,93.7,3.93,14.17
2023,Norte,Primaria,9,100.0,6.3,3.43
2021,Costa,Primaria,11,100.0,5.83,6.87
2020,Costa,Secundaria,14,100.0,5.65,8.61
2021,Este,Primaria,9,100.0,5.72,7.22
2019,Sur,Secundaria,16,100.0,5.31,8.85
2013,Oeste,Secundaria,15,92.68,3.72,16.59
2011,Oeste,Primaria,7,89.02,3.2,16.97
2021,Centro,Secundaria,17,100.0,5.83,6.7
2021,Sur,Secundaria,12,100.0,5.67,8.32
2013,Este,Secundaria,13,89.68,3.65,16.58
2015,Sur,Primaria,7,94.77,4.19,13.98
2018,Costa,Secundaria,16,99.09,4.91,11.1
2018,Este,Secundaria,17,98.19,5.05,10.1
2019,Oeste,Primaria,11,100.0,5.43,8.05
2017,Centro,Primaria,6,100.0,4.74,10.25
2017,Oeste,Secundaria,16,99.16,4.85,11.7
2020,Norte,Secundaria,14,100.0,5.48,8.49
2010,Costa,Primaria,9,88.29,2.97,17.92
2010,Costa,Primaria,7,88.03,3.07,17.76
2023,Sur,Primaria,6,100.0,6.23,5.49
2011,Costa,Secundaria,13,90.38,3.34,18.36
2011,Costa,Primaria,9,90.26,3.35,16.95
2013,Oeste,Primaria,10,92.0,3.7,14.38
2016,Este,Primaria,7,97.1,4.48,12.94
2012,Este,Primaria,11,90.74,3.57,17.24
2010,Sur,Secundaria,14,85.46,2.98,18.95
2019,Sur,Secundaria,16,100.0,5.33,9.36
2020,Norte,Secundaria,16,100.0,5.4,8.32
2011,Sur,Primaria,7,89.22,3.27,16.65
2011,Costa,Secundaria,16,89.99,3.28,16.85
2011,Sur,Secundaria,15,88.2,3.17,18.9
2013,Sur,Secundaria,12,90.03,3.63,15.01
2017,Costa,Secundaria,17,96.96,4.68,11.62
2022,Oeste,Secundaria,15,100.0,5.91,7.54
2010,Norte,Secundaria,15,90.13,3.2,17.18
2011,Sur,Secundaria,17,88.4,3.2,17.4
2021,Centro,Secundaria,15,100.0,5.82,8.62
2016,Sur,Secundaria,12,94.69,4.45,11.53
2014,Centro,Primaria,10,95.36,4.14,12.97
2021,Oeste,Primaria,7,100.0,5.78,8.34
2014,Norte,Secundaria,16,94.28,4.07,15.11
2022,Norte,Secundaria,14,100.0,6.05,5.44
2018,Norte,Secundaria,16,98.1,5.01,10.17
2013,Centro,Secundaria,12,92.97,3.84,14.28
2023,Centro,Secundaria,14,100.0,6.33,5.82
2022,Norte,Primaria,11,100.0,6.02,5.39
2013,Centro,Secundaria,15,92.76,3.82,15.1
2018,Norte,Secundaria,15,100.0,5.17,9.21
2013,Sur,Primaria,10,91.9,3.76,15.57
2013,Centro,Primaria,6,93.19,3.87,12.41
2015,Costa,Primaria,8,95.99,4.34,11.39
2014,Sur,Primaria,11,94.31,3.96,14.43
2020,Sur,Secundaria,13,100.0,5.54,7.62
2014,Norte,Secundaria,15,95.23,4.07,15.26
2023,Este,Primaria,8,100.0,6.38,4.31
2018,Oeste,Primaria,7,99.49,5.01,10.52
2012,Norte,Secundaria,12,91.82,3.55,16.59
2011,Oeste,Primaria,11,87.69,3.13,17.57
2010,Oeste,Primaria,8,87.36,2.98,17.89
2022,Norte,Primaria,8,100.0,6.08,5.9
2014,Norte,Primaria,11,94.52,3.99,12.81
2014,Sur,Secundaria,15,91.43,3.93,13.97
2014,Sur,Primaria,10,92.38,3.9,14.84
2020,Sur,Secundaria,12,100.0,5.47,9.66
2020,Centro,Secundaria,15,100.0,5.5,8.84
2020,Sur,Secundaria,15,100.0,5.44,8.21
2019,Oeste,Secundaria,15,100.0,5.37,8.98
2020,Centro,Secundaria,13,100.0,5.67,8.71
2020,Oeste,Secundaria,12,100.0,5.47,9.24
2012,Este,Secundaria,15,91.99,3.64,15.39
2015,Centro,Secundaria,15,94.99,4.32,14.53
2012,Norte,Primaria,11,92.62,3.64,14.21
2015,Oeste,Secundaria,12,94.09,4.24,13.27
2020,Este,Primaria,7,100.0,5.49,6.49
2023,Sur,Primaria,8,100.0,6.23,5.22
2022,Sur,Secundaria,13,100.0,6.13,7.71
2010,Centro,Primaria,6,88.63,3.03,17.76
2014,Costa,Secundaria,14,92.01,3.93,14.75
2010,Norte,Secundaria,15,88.45,3.2,17.65
2015,Sur,Primaria,9,94.84,4.15,13.25
2010,Sur,Primaria,6,86.0,2.94,18.55
2021,Este,Secundaria,14,100.0,5.74,8.31
2021,Este,Primaria,8,100.0,5.71,7.24
2023,Centro,Primaria,11,100.0,6.38,5.39
2017,Norte,Primaria,10,99.92,4.74,9.78
2013,Oeste,Secundaria,12,91.07,3.64,15.98
2019,Norte,Secundaria,14,100.0,5.3,9.7
2012,Centro,Secundaria,13,90.99,3.64,16.05
2019,Oeste,Secundaria,14,100.0,5.33,10.61
2018,Costa,Primaria,7,99.36,4.99,9.97
2021,Centro,Primaria,8,100.0,5.92,5.41
2015,Centro,Secundaria,14,96.19,4.45,12.87
2017,Este,Secundaria,15,99.24,4.81,12.22
2022,Costa,Secundaria,12,100.0,6.06,7.64
2014,Este,Secundaria,15,94.4,4.01,14.87
2022,Sur,Primaria,11,100.0,5.82,7.27
2011,Sur,Secundaria,12,88.33,3.26,17.95
2022,Oeste,Secundaria,14,100.0,5.88,7.15
2015,Oeste,Secundaria,17,93.55,4.27,12.35
2014,Sur,Primaria,9,91.91,3.88,14.98
2012,Oeste,Secundaria,17,88.18,3.38,16.51
2016,Sur,Secundaria,14,93.47,4.44,13.53
2022,Costa,Secundaria,12,100.0,5.9,7.59
2023,Norte,Secundaria,12,100.0,6.33,5.54
2020,Norte,Primaria,8,100.0,5.56,8.86
2023,Sur,Secundaria,15,100.0,6.18,6.19
2013,Costa,Secundaria,14,92.86,3.87,16.24
2022,Sur,Secundaria,12,100.0,6.01,6.23
2017,Costa,Secundaria,16,95.68,4.73,11.78
2010,Este,Secundaria,15,88.11,3.09,20.2
2016,Este,Primaria,6,98.9,4.55,12.36
2023,Norte,Secundaria,13,100.0,6.3,4.64
2018,Centro,Primaria,9,99.4,4.99,10.56
2012,Costa,Primaria,7,90.87,3.44,16.07
2023,Centro,Secundaria,15,100.0,6.5,5.37
2023,Norte,Secundaria,17,100.0,6.33,4.57
2013,Oeste,Primaria,11,91.9,3.77,15.4
2019,Este,Secundaria,13,100.0,5.41,9.41
2018,Sur,Secundaria,15,98.28,4.89,11.3
2010,Centro,Secundaria,14,88.53,3.18,17.35
2017,Oeste,Secundaria,15,96.07,4.52,12.62
2011,Costa,Secundaria,17,88.13,3.17,19.15
2023,Costa,Primaria,11,100.0,6.08,6.67
2010,Costa,Primaria,8,87.73,3.0,17.51
2013,Norte,Primaria,11,93.04,3.82,14.65
2013,Oeste,Secundaria,16,92.03,3.66,17.16
2019,Este,Secundaria,12,100.0,5.22,10.59
2013,Sur,Secundaria,16,92.96,3.93,14.67
2011,Norte,Primaria,6,91.04,3.35,17.27
2023,Sur,Primaria,8,100.0,6.24,4.97
2017,Costa,Secundaria,14,96.7,4.68,12.05
2012,Centro,Secundaria,15,91.23,3.53,16.09
2023,Centro,Primaria,9,100.0,6.36,4.99
2023,Costa,Primaria,10,100.0,6.22,5.43
2020,Norte,Secundaria,16,100.0,5.56,9.2
2012,Este,Secundaria,16,88.83,3.5,17.13
2010,Centro,Primaria,10,87.11,2.96,18.04
2010,Centro,Primaria,9,88.7,3.13,16.86
2023,Centro,Secundaria,14,100.0,6.36,4.81
2018,Norte,Secundaria,17,99.67,5.11,10.66
2017,Norte,Primaria,8,99.5,4.88,10.16
2019,Este,Primaria,7,100.0,5.41,8.6
2018,Oeste,Primaria,10,100.0,4.94,9.13
2017,Sur,Secundaria,12,96.62,4.71,11.9
2023,Centro,Primaria,7,100.0,6.45,4.14
2023,Sur,Primaria,8,100.0,6.17,4.99
2018,Este,Secundaria,16,100.0,5.11,10.04
2018,Norte,Primaria,10,100.0,5.03,9.3
2013,Oeste,Primaria,11,92.12,3.69,14.07
2015,Centro,Primaria,10,96.6,4.26,14.22
2016,Costa,Secundaria,12,95.78,4.49,12.65
2023,Sur,Primaria,9,100.0,6.36,4.99
2020,Oeste,Primaria,11,100.0,5.62,8.84
2019,Norte,Secundaria,16,100.0,5.33,9.31
2015,Oeste,Secundaria,13,94.41,4.26,14.3
2021,Costa,Primaria,8,100.0,5.84,8.08
2012,Norte,Secundaria,17,90.85,3.49,17.49
2016,Este,Secundaria,17,97.23,4.49,12.62
2015,Norte,Secundaria,12,95.72,4.31,12.96
2021,Oeste,Primaria,9,100.0,5.57,7.5
2011,Costa,Secundaria,15,88.76,3.18,18.86
2011,Este,Primaria,10,88.32,3.22,19.39
2011,Centro,Primaria,7,90.8,3.32,16.17
2020,Sur,Primaria,11,100.0,5.43,8.24
2011,Costa,Secundaria,12,88.93,3.07,19.46
2023,Sur,Primaria,7,100.0,6.23,4.73
2017,Oeste,Secundaria,12,96.75,4.68,13.04
2013,Este,Secundaria,12,92.03,3.81,16.54
2014,Oeste,Secundaria,14,91.86,4.02,14.47
2012,Sur,Secundaria,14,89.06,3.43,17.36
2012,Oeste,Secundaria,13,90.2,3.61,16.98
2011,Sur,Primaria,6,87.6,3.06,16.83
2020,Centro,Primaria,11,100.0,5.59,7.41
2010,Sur,Primaria,9,88.74,2.95,17.7
2018,Sur,Primaria,6,99.6,5.06,9.07
2018,Norte,Primaria,10,100.0,5.06,10.62
2021,Este,Secundaria,14,100.0,5.81,7.3
2013,Norte,Secundaria,15,92.35,3.83,15.39
2012,Este,Secundaria,14,91.85,3.68,16.52
2015,Costa,Primaria,11,96.4,4.22,13.79
2018,Oeste,Primaria,6,99.81,4.9,10.37
2013,Oeste,Primaria,9,92.12,3.68,15.36
2013,Sur,Secundaria,14,91.41,3.73,16.71
2020,Costa,Primaria,6,100.0,5.61,7.44
2016,Norte,Secundaria,16,96.7,4.38,13.7
2022,Sur,Primaria,8,100.0,5.84,6.51
2016,Norte,Primaria,10,98.54,4.68,11.69
2019,Este,Primaria,11,100.0,5.24,9.23
2018,Sur,Primaria,8,99.19,4.89,11.28
2012,Norte,Primaria,6,90.8,3.53,15.99
2017,Costa,Primaria,9,97.68,4.67,11.37
2020,Oeste,Primaria,7,100.0,5.38,7.49
2022,Centro,Secundaria,17,100.0,6.1,5.2
2010,Oeste,Secundaria,16,87.53,2.91,20.62
2018,Centro,Primaria,8,100.0,5.23,9.8
2017,Centro,Secundaria,17,96.9,4.65,11.05
2014,Este,Secundaria,16,93.48,4.06,15.77
2014,Costa,Primaria,10,95.05,3.94,13.37
2021,Norte,Primaria,8,100.0,5.95,6.34
2016,Costa,Secundaria,12,96.45,4.42,13.94
2012,Este,Secundaria,17,92.48,3.56,17.96
2021,Norte,Secundaria,17,100.0,5.95,8.24
2020,Costa,Secundaria,17,100.0,5.54,8.9
2019,Centro,Secundaria,13,100.0,5.29,9.58
2018,Oeste,Primaria,11,99.31,4.95,9.93
2021,Sur,Primaria,6,100.0,5.71,6.51
2013,Oeste,Primaria,7,93.49,3.84,14.07
2021,Centro,Primaria,10,100.0,5.86,5.59
2020,Este,Secundaria,15,100.0,5.57,8.87
2018,Norte,Primaria,10,100.0,4.98,10.07
2011,Norte,Secundaria,16,90.11,3.32,16.8
2014,Centro,Primaria,10,97.57,4.19,14.3
2010,Oeste,Secundaria,15,87.02,2.95,17.41
2013,Sur,Secundaria,13,89.42,3.66,16.36
2013,Este,Secundaria,15,91.75,3.74,15.74
2017,Sur,Secundaria,13,97.61,4.79,11.26
2017,Este,Secundaria,14,99.03,4.81,9.95
2020,Centro,Secundaria,12,100.0,5.63,8.65
2018,Sur,Primaria,11,98.51,4.89,10.79
2017,Costa,Primaria,7,96.84,4.6,10.91
2014,Centro,Secundaria,16,96.14,4.18,14.85
2019,Norte,Secundaria,16,100.0,5.28,9.37
2018,Sur,Secundaria,16,99.36,5.01,11.22
2018,Sur,Secundaria,17,99.29,4.99,10.51
2023,Oeste,Secundaria,13,100.0,6.17,5.82
2010,Costa,Secundaria,12,85.03,2.91,18.95
2023,Sur,Secundaria,17,100.0,6.27,6.03
2023,Sur,Secundaria,16,100.0,6.03,6.48
2020,Centro,Primaria,8,100.0,5.41,9.42
2017,Oeste,Primaria,11,99.32,4.84,10.83
2014,Este,Primaria,7,93.8,3.95,13.84
2015,Centro,Primaria,10,97.26,4.36,11.86
2016,Este,Secundaria,17,97.02,4.6,11.19
2015,Costa,Primaria,11,96.73,4.41,13.34
2021,Costa,Secundaria,13,100.0,5.66,9.36
2016,Sur,Primaria,9,94.82,4.43,12.63
2022,Centro,Secundaria,12,100.0,6.17,6.3
2022,Oeste,Primaria,11,100.0,5.97,5.44
2023,Centro,Primaria,6,100.0,6.28,5.32
2021,Este,Primaria,7,100.0,5.84,6.36
2015,Este,Secundaria,17,95.27,4.13,14.78
2014,Norte,Primaria,11,95.77,4.15,12.99
2014,Costa,Primaria,10,93.04,3.99,15.98
2018,Oeste,Primaria,7,99.72,4.97,10.4
2014,Este,Primaria,7,93.97,3.96,13.92
2020,Oeste,Secundaria,14,100.0,5.45,9.59
2020,Costa,Secundaria,14,100.0,5.58,8.15
2014,Centro,Primaria,9,95.0,4.11,12.86
2023,Costa,Secundaria,15,100.0,6.33,5.45
2018,Este,Secundaria,15,100.0,5.06,10.26
2017,Oeste,Primaria,7,97.68,4.69,12.16
2019,Oeste,Secundaria,17,100.0,5.2,10.92
2016,Centro,Primaria,8,99.59,4.6,12.59
2012,Centro,Secundaria,17,91.61,3.56,17.0
2019,Oeste,Primaria,10,100.0,5.33,10.15
2013,Este,Primaria,6,90.54,3.68,16.29
2015,Centro,Secundaria,16,95.64,4.48,13.5
2016,Oeste,Primaria,8,96.66,4.41,13.27
2017,Norte,Secundaria,14,97.99,4.75,12.3
2022,Norte,Secundaria,13,100.0,6.07,7.44
2012,Costa,Secundaria,14,92.12,3.39,16.34
2019,Sur,Secundaria,16,100.0,5.33,9.13
2011,Centro,Primaria,9,91.3,3.47,17.87
2016,Norte,Secundaria,15,98.97,4.68,11.95
2015,Norte,Secundaria,12,97.59,4.46,12.56
2017,Norte,Primaria,6,100.0,4.92,10.2
2013,Sur,Primaria,9,91.36,3.55,15.8
2020,Costa,Secundaria,17,100.0,5.55,9.11
2012,Oeste,Primaria,9,90.22,3.41,16.65
2011,Norte,Primaria,6,90.22,3.39,15.51
2023,Centro,Secundaria,15,100.0,6.32,6.24
2016,Costa,Secundaria,14,96.59,4.46,14.09
2019,Norte,Primaria,8,100.0,5.24,10.14
2015,Oeste,Primaria,11,95.74,4.26,13.68
2015,Costa,Secundaria,13,94.51,4.33,14.37
2011,Sur,Primaria,8,87.43,3.11,17.7
2023,Este,Secundaria,16,100.0,6.3,5.49
2014,Oeste,Secundaria,12,92.85,4.0,14.85
2011,Costa,Secundaria,17,88.43,3.23,17.08
2023,Costa,Primaria,9,100.0,6.23,4.72
2014,Centro,Secundaria,16,95.43,4.19,13.83
2012,Sur,Secundaria,14,90.45,3.55,16.83
2022,Este,Secundaria,15,100.0,6.08,6.52
2011,Sur,Secundaria,16,88.23,3.25,18.6
2023,Este,Secundaria,12,100.0,6.33,6.03
2023,Costa,Secundaria,15,100.0,6.2,5.37
2021,Norte,Secundaria,14,100.0,5.81,7.22
2014,Norte,Secundaria,17,93.11,4.07,13.28
2012,Norte,Primaria,7,91.6,3.49,16.74
2010,Sur,Secundaria,14,87.29,3.01,19.39
2017,Oeste,Primaria,9,99.28,4.87,11.18
2013,Este,Secundaria,15,92.83,3.93,14.95
2010,Centro,Primaria,10,89.35,3.08,17.04
2020,Oeste,Secundaria,12,100.0,5.43,8.78
2010,Costa,Secundaria,16,87.54,2.93,19.63
2022,Sur,Secundaria,16,100.0,6.0,7.3
2022,Este,Primaria,8,100.0,6.01,6.78
2020,Norte,Secundaria,17,100.0,5.66,7.9
2010,Costa,Secundaria,16,85.8,2.91,19.71
2017,Costa,Secundaria,14,97.93,4.76,13.23
2011,Sur,Primaria,6,88.22,3.15,16.02
2013,Sur,Primaria,8,91.06,3.71,14.9
2011,Costa,Secundaria,12,87.51,3.23,17.91
2012,Oeste,Secundaria,16,87.81,3.32,18.02
2019,Costa,Primaria,6,100.0,5.31,8.39
2021,Sur,Primaria,7,100.0,5.7,7.95
2018,Norte,Primaria,9,100.0,5.08,8.66
2011,Oeste,Primaria,7,88.35,3.21,17.48
2013,Costa,Secundaria,15,90.3,3.67,16.21
2018,Norte,Secundaria,16,99.8,5.07,9.79
2015,Centro,Secundaria,14,96.04,4.41,13.37
2016,Norte,Secundaria,17,97.74,4.7,12.85
2023,Centro,Primaria,11,100.0,6.36,4.32
2023,Costa,Secundaria,12,100.0,6.2,5.32
2012,Costa,Secundaria,13,90.5,3.59,16.6
2012,Oeste,Primaria,7,90.5,3.45,15.82
2010,Oeste,Secundaria,15,85.59,2.95,18.71
2018,Norte,Secundaria,14,99.18,5.07,11.56
2019,Oeste,Primaria,6,99.6,5.27,9.35
2022,Costa,Secundaria,17,100.0,5.9,7.93
2011,Este,Secundaria,12,88.23,3.28,16.13
2017,Sur,Primaria,8,97.65,4.69,10.48
2017,Costa,Primaria,11,99.05,4.71,10.51
2017,Oeste,Primaria,9,97.19,4.85,10.21
2013,Costa,Secundaria,12,91.29,3.62,15.75
2010,Norte,Primaria,10,90.36,3.07,17.77
2010,Norte,Secundaria,15,88.05,3.08,19.12
2021,Centro,Primaria,10,100.0,5.86,7.54
2019,Centro,Primaria,9,100.0,5.46,8.04
2022,Costa,Secundaria,17,100.0,5.83,7.49
2020,Sur,Secundaria,14,100.0,5.42,10.41
2023,Sur,Secundaria,17,100.0,6.12,5.35
2014,Sur,Primaria,6,92.15,3.83,15.2
2014,Centro,Secundaria,14,94.69,4.05,14.96
2012,Sur,Secundaria,12,90.24,3.48,17.42
2013,Costa,Secundaria,16,91.44,3.72,16.24
2023,Oeste,Primaria,7,100.0,6.37,4.57
2012,Centro,Secundaria,15,91.92,3.47,17.71
2013,Sur,Secundaria,17,89.47,3.72,15.73
2021,Centro,Primaria,8,100.0,5.87,6.77
2013,Sur,Secundaria,15,90.45,3.7,14.76
2012,Sur,Primaria,10,90.88,3.5,16.85
2015,Norte,Primaria,7,98.46,4.3,12.9
2021,Norte,Primaria,10,100.0,5.86,5.29
2013,Sur,Primaria,10,91.07,3.68,16.18
2017,Norte,Primaria,8,99.91,4.78,10.45
2013,Centro,Primaria,6,92.71,3.77,15.29
2023,Este,Secundaria,15,100.0,6.24,6.07
2022,Norte,Primaria,6,100.0,6.13,5.39
2017,Costa,Primaria,7,99.43,4.71,11.95
2011,Este,Primaria,7,91.53,3.33,15.92
2022,Oeste,Secundaria,15,100.0,5.96,7.14
2021,Oeste,Primaria,7,100.0,5.72,8.65
2016,Centro,Secundaria,16,97.99,4.7,12.45
2017,Norte,Secundaria,14,99.04,4.73,12.19
2016,Este,Secundaria,15,95.99,4.52,11.75
2010,Sur,Secundaria,16,87.33,3.02,18.65
2015,Oeste,Secundaria,16,93.99,4.27,13.71
2012,Costa,Primaria,10,92.01,3.53,15.82
2020,Norte,Primaria,10,100.0,5.68,7.12
2019,Costa,Secundaria,14,99.29,5.21,9.88
2018,Este,Secundaria,17,99.08,5.03,10.41
2017,Costa,Secundaria,16,97.97,4.89,10.39
2015,Costa,Secundaria,13,94.65,4.16,13.66
2013,Sur,Primaria,9,91.86,3.74,14.97
2010,Sur,Secundaria,17,84.88,3.0,18.43
2014,Centro,Primaria,9,95.53,4.13,13.74
2016,Este,Secundaria,15,96.75,4.56,13.36
2022,Este,Primaria,9,100.0,5.96,6.1
2017,Sur,Primaria,10,98.95,4.71,10.56
2020,Sur,Secundaria,13,100.0,5.44,8.1
2016,Costa,Primaria,9,96.09,4.53,12.86
2019,Este,Primaria,9,100.0,5.29,8.59
2015,Norte,Primaria,9,95.48,4.47,11.36
2022,Costa,Secundaria,15,100.0,6.08,6.32
2011,Norte,Secundaria,13,89.53,3.49,16.89
2013,Costa,Primaria,10,92.85,3.83,14.89
2020,Centro,Secundaria,12,100.0,5.64,7.2
2014,Este,Secundaria,14,93.89,4.09,14.6
2018,Este,Secundaria,16,99.56,5.13,10.24
2021,Norte,Secundaria,12,100.0,5.77,7.45
2022,Este,Primaria,10,100.0,5.91,6.5
2016,Costa,Primaria,8,95.92,4.39,12.1
2013,Costa,Secundaria,13,93.09,3.81,16.85
2016,Costa,Primaria,7,96.77,4.48,12.63
2012,Centro,Primaria,11,92.17,3.58,16.26
2021,Oeste,Primaria,9,100.0,5.74,6.95
2023,Centro,Secundaria,17,100.0,6.41,6.01
2023,Sur,Primaria,7,100.0,6.17,5.37
2013,Costa,Primaria,11,92.84,3.69,14.34
2022,Oeste,Secundaria,16,100.0,5.94,6.07
2023,Este,Secundaria,14,100.0,6.34,5.2
2020,Centro,Primaria,9,100.0,5.59,7.62
2018,Oeste,Secundaria,15,98.77,5.02,10.74
2016,Este,Secundaria,13,97.08,4.61,12.87
2015,Costa,Primaria,8,95.59,4.23,13.03
2019,Este,Secundaria,14,100.0,5.21,9.76
2014,Costa,Primaria,8,93.38,3.91,14.56
2013,Sur,Primaria,10,91.49,3.66,14.48
2016,Este,Secundaria,14,95.22,4.45,13.38
2013,Sur,Primaria,6,91.73,3.72,15.31
2011,Sur,Primaria,11,87.68,3.1,17.71
2012,Norte,Primaria,8,92.15,3.59,16.02
2022,Oeste,Primaria,11,100.0,5.94,4.67
2019,Sur,Primaria,8,100.0,5.26,7.59
2016,Costa,Primaria,7,97.38,4.42,10.99
2023,Costa,Primaria,11,100.0,6.26,5.9
2017,Sur,Primaria,8,97.73,4.76,10.29
2020,Norte,Secundaria,13,100.0,5.45,8.93
2011,Centro,Secundaria,16,89.8,3.38,18.48
2013,Centro,Secundaria,16,93.49,3.81,14.23
2010,Este,Primaria,9,88.01,2.95,17.33
2019,Centro,Primaria,7,100.0,5.23,8.98
2021,Norte,Primaria,10,100.0,5.83,7.01
2014,Este,Secundaria,15,92.43,3.98,15.7
2015,Sur,Primaria,9,94.84,4.17,12.57
2021,Oeste,Secundaria,14,100.0,5.78,8.05
2010,Norte,Secundaria,13,86.46,2.84,18.59
2016,Sur,Secundaria,12,96.41,4.52,12.53
2015,Norte,Secundaria,16,97.78,4.5,12.47
2013,Centro,Secundaria,15,92.44,3.84,15.06
2014,Este,Secundaria,12,90.7,3.99,15.48
2014,Centro,Secundaria,13,94.36,4.09,14.79
2020,Norte,Primaria,7,100.0,5.64,6.29
2011,Centro,Secundaria,13,89.77,3.54,16.94
2011,Oeste,Primaria,11,89.76,3.16,18.09
2015,Este,Secundaria,14,93.33,4.03,14.27
2011,Este,Secundaria,16,90.25,3.3,17.41
2014,Costa,Secundaria,13,92.89,3.99,15.54
2021,Oeste,Secundaria,12,100.0,5.71,7.45
2016,Costa,Secundaria,16,95.04,4.48,13.84
2019,Sur,Primaria,9,100.0,5.03,9.29
2019,Oeste,Primaria,10,100.0,5.25,8.84
2017,Centro,Secundaria,14,98.0,4.79,11.2
2022,Centro,Secundaria,17,100.0,6.12,6.38
2019,Este,Primaria,9,100.0,5.23,9.09
2021,Sur,Secundaria,16,100.0,5.63,7.28
2023,Sur,Secundaria,14,100.0,6.05,6.58
2018,Costa,Secundaria,16,99.64,5.1,10.44
2014,Sur,Primaria,10,93.1,3.94,13.83
2015,Oeste,Primaria,8,96.76,4.25,12.37
2010,Centro,Secundaria,17,89.19,3.22,18.07
2012,Costa,Secundaria,15,90.61,3.54,16.69
2013,Este,Primaria,10,92.13,3.79,13.6
2018,Sur,Primaria,8,98.82,4.77,11.23
2011,Norte,Secundaria,15,90.16,3.41,18.37
2010,Costa,Primaria,11,87.8,3.07,17.79
2011,Este,Secundaria,13,87.53,3.18,18.27
2010,Norte,Secundaria,13,88.16,2.95,17.91
2022,Norte,Secundaria,13,100.0,6.1,6.89
2018,Oeste,Secundaria,16,99.06,4.96,11.16
2018,Este,Primaria,7,100.0,5.13,9.57
2012,Norte,Primaria,10,92.65,3.47,15.76
2017,Costa,Primaria,10,99.54,4.74,11.65
2021,Sur,Secundaria,15,100.0,5.75,8.29
2013,Este,Secundaria,17,91.85,3.81,16.09
2019,Centro,Primaria,8,100.0,5.25,8.39
2016,Este,Primaria,11,96.67,4.41,13.23
2017,Norte,Secundaria,15,98.54,4.78,12.11
2019,Centro,Secundaria,14,100.0,5.51,10.12
2023,Este,Primaria,11,100.0,6.21,4.37
2015,Centro,Primaria,10,96.68,4.31,12.78
2011,Sur,Secundaria,14,88.11,3.26,17.63
2022,Oeste,Primaria,9,100.0,6.01,6.4
2014,Costa,Primaria,7,93.68,4.1,13.94
2022,Sur,Primaria,10,100.0,5.89,6.11
2017,Norte,Primaria,7,100.0,4.77,10.89
2013,Este,Secundaria,15,92.13,3.84,14.18
2023,Este,Secundaria,14,100.0,6.25,6.59
2012,Oeste,Primaria,9,90.38,3.47,16.1
2011,Costa,Secundaria,15,89.18,3.17,17.95
2013,Costa,Secundaria,15,90.0,3.69,15.9
2018,Centro,Secundaria,16,100.0,5.03,10.48
2020,Costa,Primaria,8,100.0,5.45,8.43
2022,Centro,Secundaria,16,100.0,6.04,6.33
2019,Costa,Primaria,6,100.0,5.22,8.97
2012,Costa,Secundaria,12,89.12,3.47,15.92
2017,Sur,Secundaria,14,97.01,4.78,11.94
2019,Norte,Secundaria,15,100.0,5.46,9.54
2022,Norte,Primaria,6,100.0,6.04,5.77
2019,Oeste,Primaria,6,100.0,5.34,8.12
2021,Este,Primaria,9,100.0,5.81,6.75
2015,Centro,Primaria,6,94.87,4.17,14.2
2015,Costa,Primaria,10,95.99,4.27,12.66
2017,Centro,Secundaria,12,98.15,4.73,11.5
2013,Este,Primaria,11,92.1,3.86,14.61
2023,Centro,Primaria,6,100.0,6.31,5.43
2020,Centro,Primaria,8,100.0,5.72,7.46
2016,Norte,Primaria,9,99.59,4.68,11.21
2015,Norte,Primaria,11,96.36,4.28,12.18
2016,Norte,Primaria,10,97.0,4.5,12.65
2010,Oeste,Secundaria,16,85.56,3.05,18.88
2017,Centro,Primaria,6,99.4,4.78,9.58
2022,Centro,Secundaria,14,100.0,6.09,7.62
2010,Oeste,Primaria,6,87.65,3.05,18.61
2023,Costa,Primaria,11,100.0,6.24,5.59
2021,Sur,Primaria,6,100.0,5.75,7.47
2012,Sur,Secundaria,16,90.17,3.6,15.97
2010,Norte,Secundaria,15,88.37,3.1,19.14
2020,Norte,Secundaria,16,100.0,5.63,9.08
2023,Oeste,Primaria,8,100.0,6.18,6.34
2015,Centro,Primaria,9,94.75,4.14,13.22
2023,Norte,Primaria,6,100.0,6.33,4.3
2023,Centro,Secundaria,14,100.0,6.35,6.88
2021,Centro,Secundaria,15,100.0,5.89,7.4
2022,Norte,Secundaria,12,100.0,6.08,5.29
2022,Este,Primaria,9,100.0,5.97,5.56
2010,Oeste,Secundaria,15,85.42,2.93,19.24
2018,Centro,Primaria,11,100.0,5.1,10.31
2010,Centro,Primaria,7,88.87,3.03,17.11
2014,Norte,Primaria,6,94.05,3.97,13.97
2011,Norte,Secundaria,17,89.3,3.34,16.95
2018,Este,Secundaria,13,99.26,5.02,10.64
2020,Sur,Primaria,11,100.0,5.49,7.4
2019,Norte,Primaria,10,100.0,5.28,9.47
2013,Este,Secundaria,13,91.29,3.76,15.2
2011,Centro,Secundaria,16,89.5,3.28,17.55
2010,Oeste,Primaria,7,87.69,2.94,18.6
2020,Oeste,Primaria,8,100.0,5.54,7.52
2017,Oeste,Primaria,7,100.0,4.86,10.65
2014,Sur,Primaria,6,91.09,3.93,14.03
2014,Oeste,Secundaria,12,93.7,4.01,15.89
2017,Costa,Secundaria,15,97.4,4.69,11.52
2015,Norte,Secundaria,14,95.69,4.21,14.21
2013,Centro,Secundaria,14,91.84,3.8,15.32
2014,Este,Secundaria,13,93.33,4.0,14.45
2013,Este,Secundaria,12,92.83,3.75,14.85
2023,Norte,Secundaria,15,100.0,6.26,5.78
2022,Costa,Primaria,6,100.0,6.01,5.78
2019,Este,Secundaria,12,100.0,5.36,9.53
2020,Este,Secundaria,16,100.0,5.48,8.86
2011,Costa,Secundaria,16,88.57,3.28,17.11
2010,Costa,Primaria,9,86.6,3.04,17.44
2012,Norte,Primaria,6,92.17,3.65,14.39
2020,Sur,Secundaria,14,100.0,5.5,9.13
2021,Sur,Primaria,10,100.0,5.77,7.47
2022,Costa,Secundaria,17,100.0,6.0,6.59
2011,Norte,Secundaria,13,89.32,3.22,17.49
2019,Norte,Primaria,9,100.0,5.24,10.52
2010,Costa,Secundaria,16,87.09,2.96,18.73
2019,Centro,Secundaria,15,100.0,5.27,10.4
2013,Este,Primaria,8,92.69,3.71,14.6
2013,Sur,Primaria,10,92.97,3.68,15.1
2012,Norte,Secundaria,14,90.84,3.57,15.81
2019,Este,Secundaria,14,100.0,5.24,9.8
2019,Oeste,Primaria,9,100.0,5.25,8.71
2015,Oeste,Primaria,9,96.1,4.37,12.61
2012,Este,Secundaria,16,90.5,3.45,17.22
2022,Norte,Secundaria,14,100.0,6.03,5.96
2014,Sur,Primaria,9,92.52,3.86,15.93
2019,Sur,Secundaria,13,100.0,5.29,9.14
2015,Costa,Secundaria,15,94.7,4.32,13.77
2014,Norte,Secundaria,15,94.09,3.97,15.61
2015,Centro,Secundaria,16,95.13,4.39,13.66
2022,Centro,Secundaria,17,100.0,5.99,6.46
2014,Este,Secundaria,17,94.02,4.05,14.16
2020,Sur,Secundaria,15,99.81,5.45,8.74
2021,Norte,Primaria,8,100.0,5.83,4.85
2012,Este,Secundaria,13,88.71,3.39,17.82
2018,Centro,Secundaria,16,100.0,5.11,11.4
2013,Sur,Secundaria,17,91.18,3.71,16.75
2010,Centro,Secundaria,12,89.07,3.2,19.41
2010,Sur,Secundaria,12,86.87,2.96,18.5
2016,Sur,Secundaria,13,95.48,4.45,13.06
2020,Costa,Secundaria,16,100.0,5.44,9.1
2013,Oeste,Secundaria,14,91.19,3.77,16.2
2011,Oeste,Secundaria,14,89.08,3.29,17.43
2016,Oeste,Secundaria,17,95.0,4.53,11.25
2013,Oeste,Secundaria,15,92.13,3.79,15.95
2012,Oeste,Primaria,7,90.05,3.46,17.35
2020,Centro,Secundaria,13,100.0,5.49,7.9
2010,Sur,Primaria,8,87.5,2.96,16.87
2014,Centro,Primaria,6,96.3,4.21,13.44
2021,Norte,Secundaria,14,100.0,5.92,6.27
2014,Sur,Primaria,11,92.63,3.9,14.55
2015,Sur,Secundaria,13,95.0,4.36,13.62
2010,Norte,Primaria,8,88.78,3.18,16.78
2012,Centro,Primaria,6,91.67,3.67,14.55
2010,Este,Secundaria,16,88.19,2.95,19.09
2017,Centro,Secundaria,13,99.09,4.9,10.7
2018,Sur,Primaria,8,100.0,5.02,10.18
2016,Costa,Secundaria,15,97.08,4.67,12.33
2011,Norte,Primaria,6,89.26,3.29,17.55
2013,Oeste,Primaria,6,92.74,3.7,15.57
2023,Costa,Primaria,6,100.0,6.34,5.06
2020,Costa,Secundaria,13,100.0,5.59,7.01
2010,Oeste,Secundaria,17,88.35,3.05,18.12
2023,Costa,Primaria,9,100.0,6.21,6.77
2014,Este,Secundaria,15,93.16,3.98,15.23
2016,Este,Secundaria,14,95.95,4.55,12.12
2012,Norte,Secundaria,15,90.96,3.61,16.12
2016,Centro,Secundaria,15,97.23,4.67,13.41
2022,Centro,Primaria,11,100.0,6.05,6.25
2012,Norte,Primaria,8,90.89,3.45,16.35
2020,Oeste,Secundaria,13,100.0,5.56,8.37
2021,Oeste,Primaria,8,100.0,5.72,7.03
2011,Sur,Primaria,11,88.25,3.19,18.61
2012,Oeste,Primaria,10,90.46,3.55,14.88
2010,Costa,Primaria,6,86.19,2.89,18.67
2018,Centro,Secundaria,12,99.75,5.1,9.01
2011,Costa,Primaria,8,89.17,3.22,18.05
2012,Oeste,Secundaria,12,90.16,3.51,17.11
2020,Costa,Secundaria,16,100.0,5.5,9.28
2023,Costa,Primaria,6,100.0,6.3,4.02
2020,Centro,Primaria,9,100.0,5.5,7.31
2020,Este,Primaria,8,100.0,5.49,8.39
2018,Oeste,Secundaria,13,98.02,4.91,11.18
2016,Este,Secundaria,14,96.77,4.61,12.55
2016,Sur,Primaria,11,95.93,4.55,11.55
2018,Oeste,Primaria,8,100.0,4.98,9.8
2016,Oeste,Secundaria,12,95.97,4.53,12.24
2010,Costa,Secundaria,17,86.71,2.99,17.97
2018,Norte,Primaria,7,100.0,5.03,9.48
2012,Oeste,Secundaria,14,91.31,3.58,15.07
2011,Oeste,Primaria,7,90.38,3.22,17.61
2015,Oeste,Secundaria,17,93.92,4.33,13.52
2021,Norte,Primaria,9,100.0,6.01,6.47
2017,Centro,Secundaria,17,98.12,4.76,11.75
2020,Norte,Primaria,8,100.0,5.62,5.97
2020,Oeste,Primaria,11,100.0,5.45,8.73
2019,Centro,Primaria,9,100.0,5.38,9.29
2012,Sur,Primaria,8,90.05,3.27,16.11
2013,Este,Secundaria,15,92.09,3.82,14.57
2017,Sur,Primaria,9,98.26,4.64,12.43
2013,Centro,Secundaria,14,93.22,3.88,14.81
2022,Sur,Primaria,8,100.0,5.99,6.04
2023,Centro,Primaria,6,100.0,6.42,3.5
2022,Sur,Primaria,11,100.0,5.95,6.34
2023,Costa,Primaria,7,100.0,6.28,4.56
2019,Costa,Primaria,8,100.0,5.23,10.07
2020,Oeste,Secundaria,12,99.38,5.36,9.6
2018,Norte,Primaria,6,99.97,5.03,8.12
2020,Costa,Secundaria,13,100.0,5.46,8.02
2012,Centro,Primaria,8,92.94,3.58,15.88
2016,Oeste,Secundaria,17,96.24,4.49,12.99
2019,Costa,Primaria,10,100.0,5.27,7.88
2022,Costa,Primaria,6,100.0,6.09,5.59
2019,Este,Primaria,6,100.0,5.43,8.98
2019,Costa,Secundaria,15,100.0,5.17,10.46
2011,Oeste,Primaria,11,88.99,3.24,16.19
2016,Norte,Secundaria,17,95.49,4.61,12.68
2015,Oeste,Secundaria,12,94.87,4.21,14.7
2019,Sur,Secundaria,13,99.71,5.26,9.36
2012,Centro,Primaria,8,90.19,3.43,15.32
2011,Este,Primaria,8,90.6,3.33,17.47
2014,Centro,Primaria,9,95.59,4.09,14.26
2015,Sur,Primaria,6,95.38,4.06,13.56
2012,Costa,Secundaria,14,89.44,3.48,16.42
2021,Sur,Primaria,10,100.0,5.85,7.23
2019,Sur,Secundaria,12,100.0,5.19,10.24
2016,Costa,Primaria,11,97.64,4.66,12.03
2016,Centro,Primaria,8,100.0,4.78,10.87
2017,Norte,Primaria,8,100.0,4.85,9.86
2012,Este,Secundaria,17,88.9,3.51,16.53
2017,Sur,Primaria,10,97.19,4.76,11.59
2011,Costa,Primaria,11,89.16,3.37,16.53
2023,Centro,Secundaria,16,100.0,6.49,4.42
2023,Centro,Secundaria,12,100.0,6.38,4.92
2012,Sur,Primaria,8,90.35,3.39,17.36
2012,Centro,Primaria,6,92.06,3.72,15.61
2019,Sur,Secundaria,14,99.2,5.06,10.82
2018,Oeste,Secundaria,15,95.61,4.96,10.6
2016,Costa,Secundaria,17,96.08,4.51,11.4
2021,Centro,Primaria,6,100.0,5.89,6.75
2013,Centro,Primaria,7,94.52,3.81,13.2
2022,Norte,Secundaria,13,100.0,6.09,7.24
2010,Este,Primaria,8,87.94,3.1,18.65
2022,Oeste,Secundaria,17,100.0,5.98,7.47
2018,Norte,Primaria,6,99.69,5.01,9.57
2010,Oeste,Secundaria,13,86.67,3.04,18.96
2012,Sur,Secundaria,12,88.82,3.47,16.46
2023,Costa,Primaria,10,100.0,6.18,4.69
2018,Costa,Secundaria,12,98.05,4.95,10.82
2017,Oeste,Secundaria,14,97.58,4.88,11.58
2016,Centro,Primaria,7,98.37,4.59,13.69
2020,Costa,Secundaria,14,100.0,5.55,8.82
2015,Norte,Secundaria,13,94.47,4.29,14.01
2012,Sur,Primaria,11,91.24,3.44,15.45
2022,Centro,Primaria,7,100.0,6.1,5.83
2012,Sur,Primaria,9,89.34,3.42,16.96
2011,Este,Primaria,6,89.87,3.34,17.31
2022,Costa,Secundaria,12,100.0,6.09,6.73
2017,Centro,Primaria,11,98.61,4.92,9.83
2019,Este,Primaria,9,100.0,5.25,10.28
2015,Sur,Primaria,11,92.75,4.16,13.74
2020,Este,Secundaria,15,100.0,5.37,10.6
2012,Norte,Primaria,8,92.55,3.66,15.82
2020,Costa,Secundaria,17,100.0,5.48,9.81
2015,Norte,Primaria,10,96.26,4.24,11.97
2023,Norte,Secundaria,14,100.0,6.24,5.27
2022,Sur,Primaria,9,100.0,6.02,6.24
2018,Este,Primaria,10,100.0,5.01,10.58
2012,Costa,Primaria,11,91.2,3.56,15.21
2018,Centro,Primaria,6,100.0,5.12,8.33
2019,Costa,Primaria,9,100.0,5.33,9.76
2023,Centro,Primaria,7,100.0,6.38,3.89
2013,Centro,Primaria,11,93.43,3.63,16.27
2018,Sur,Primaria,11,99.21,5.06,11.24
2017,Centro,Primaria,9,99.35,4.75,10.73
2019,Este,Primaria,7,100.0,5.4,7.68
2017,Sur,Secundaria,12,95.96,4.72,11.87
2011,Costa,Primaria,11,88.71,3.19,18.04
2011,Este,Primaria,9,88.17,3.24,16.05
2020,Costa,Secundaria,13,100.0,5.44,9.29
2021,Costa,Secundaria,14,100.0,5.78,6.85
2023,Centro,Primaria,8,100.0,6.4,3.44
2015,Costa,Primaria,6,93.71,4.15,12.55
2012,Sur,Primaria,10,89.99,3.31,16.54
2012,Este,Secundaria,14,91.87,3.63,15.34
2011,Sur,Primaria,10,90.58,3.23,17.13
2012,Centro,Primaria,10,92.26,3.5,15.17
2016,Este,Primaria,11,98.59,4.61,10.78
2023,Costa,Primaria,11,100.0,6.35,3.49
2013,Norte,Secundaria,17,92.07,3.87,15.68
2023,Costa,Secundaria,13,100.0,6.3,5.06
2014,Sur,Secundaria,14,91.82,3.91,15.17
2016,Sur,Secundaria,15,92.86,4.22,14.43
2021,Costa,Secundaria,13,100.0,5.81,7.64
2013,Oeste,Primaria,8,91.58,3.67,15.18
2022,Este,Secundaria,17,100.0,6.19,5.68
2019,Este,Primaria,9,100.0,5.25,8.15
2013,Sur,Secundaria,12,91.88,3.75,16.22
2010,Este,Secundaria,17,86.81,2.97,18.88
2010,Sur,Secundaria,15,85.02,2.84,18.07
2022,Este,Secundaria,12,100.0,5.99,6.32
2011,Oeste,Secundaria,14,88.5,3.4,18.06
2010,Sur,Primaria,7,87.96,2.96,18.47
2021,Este,Primaria,7,100.0,5.62,7.73
2010,Norte,Primaria,8,89.07,3.16,18.05
2017,Costa,Secundaria,14,98.93,4.85,10.14
2014,Centro,Secundaria,17,94.62,4.04,14.35
2018,Costa,Secundaria,17,99.71,5.01,10.44
2016,Centro,Primaria,11,98.43,4.6,11.52
2018,Costa,Primaria,9,99.5,4.94,10.8
2010,Costa,Primaria,10,85.34,3.01,17.72
2016,Sur,Primaria,7,95.28,4.33,11.71
2013,Norte,Secundaria,14,92.48,3.86,15.02
2021,Oeste,Secundaria,13,100.0,5.81,7.17
2023,Sur,Secundaria,12,100.0,6.14,7.86
2014,Centro,Secundaria,12,94.76,4.16,14.95
2020,Oeste,Primaria,11,100.0,5.54,8.71
2013,Costa,Secundaria,16,91.7,3.8,16.8
2010,Costa,Primaria,9,89.63,3.12,17.71
2020,Centro,Primaria,10,100.0,5.6,8.34
2022,Este,Primaria,6,100.0,5.97,6.68
2022,Centro,Primaria,11,100.0,6.17,5.68
2016,Sur,Secundaria,15,94.63,4.5,12.1
2022,Costa,Primaria,9,100.0,5.83,8.06
2023,Oeste,Primaria,10,100.0,6.23,5.21
2011,Oeste,Secundaria,14,87.22,3.17,18.1
2014,Costa,Primaria,7,92.82,3.97,14.74
2010,Este,Secundaria,13,87.07,3.04,19.02
2014,Costa,Secundaria,13,94.96,4.13,15.22
2013,Centro,Secundaria,17,92.11,3.89,14.88
2019,Costa,Primaria,8,100.0,5.2,7.67
2022,Norte,Secundaria,15,100.0,6.03,5.66
2016,Este,Secundaria,13,97.08,4.54,12.61
2010,Oeste,Primaria,8,88.24,3.01,18.32
2013,Sur,Primaria,8,93.82,3.92,15.64
2018,Este,Secundaria,15,99.52,4.95,10.6
2017,Costa,Secundaria,15,96.37,4.71,12.07
2017,Costa,Secundaria,14,96.72,4.83,10.86
2018,Centro,Primaria,11,100.0,5.08,10.12
2023,Sur,Primaria,11,100.0,6.22,6.01
2014,Costa,Secundaria,17,93.59,3.87,16.12
2019,Norte,Primaria,11,100.0,5.2,8.77
2021,Este,Primaria,8,100.0,5.83,5.97
2023,Norte,Secundaria,17,100.0,6.25,5.15
2020,Sur,Secundaria,17,100.0,5.51,8.95
2010,Centro,Secundaria,13,88.42,3.06,17.38
2020,Sur,Secundaria,17,100.0,5.48,9.98
2022,Este,Primaria,7,100.0,6.12,6.22
2019,Costa,Primaria,11,100.0,5.19,9.96
2022,Sur,Secundaria,15,100.0,5.89,6.94
2013,Costa,Secundaria,13,90.71,3.84,15.76
2021,Oeste,Primaria,8,100.0,5.73,8.35
2019,Este,Primaria,10,100.0,5.27,9.14
2015,Oeste,Secundaria,12,94.73,4.3,14.32
2012,Costa,Secundaria,12,90.02,3.42,17.46
2015,Sur,Secundaria,15,93.56,4.2,15.32
2011,Este,Secundaria,16,88.2,3.18,17.94
2018,Norte,Secundaria,16,100.0,4.97,9.12
2017,Este,Secundaria,16,99.87,4.83,11.87
2015,Sur,Primaria,8,94.56,4.3,12.55
2012,Oeste,Primaria,6,90.42,3.49,15.04
2016,Oeste,Secundaria,17,94.33,4.36,13.0
2011,Sur,Primaria,10,87.85,3.19,16.68
2019,Este,Secundaria,16,100.0,5.3,9.86
2018,Sur,Primaria,10,98.77,4.95,10.62
2018,Norte,Secundaria,13,100.0,5.17,9.44
2023,Sur,Secundaria,16,100.0,6.14,5.58
2012,Centro,Secundaria,15,91.45,3.63,17.09
2010,Sur,Primaria,11,86.25,2.92,17.55
2010,Este,Secundaria,14,87.36,3.02,19.32
2016,Oeste,Primaria,9,96.45,4.45,12.02
2011,Norte,Primaria,7,90.23,3.37,15.86
2011,Norte,Secundaria,12,90.01,3.23,18.11
2020,Norte,Primaria,11,100.0,5.55,7.61
2017,Centro,Secundaria,17,98.16,4.88,9.32
2016,Sur,Primaria,9,97.2,4.52,11.92
2018,Sur,Secundaria,17,97.57,5.04,9.67
2023,Sur,Primaria,9,100.0,6.22,4.41
2016,Este,Primaria,10,97.7,4.62,9.5
2017,Norte,Secundaria,17,100.0,4.93,12.04
2010,Oeste,Primaria,6,87.65,2.97,18.23
2022,Centro,Primaria,6,100.0,6.26,4.39
2019,Norte,Secundaria,17,100.0,5.45,9.4
2019,Costa,Secundaria,12,100.0,5.23,9.95
2017,Este,Primaria,8,98.34,4.77,10.71
2010,Costa,Secundaria,12,86.58,2.96,18.34
2018,Oeste,Primaria,9,100.0,4.97,9.99
2012,Costa,Secundaria,15,88.91,3.53,16.92
2019,Oeste,Primaria,10,100.0,5.25,9.62
2011,Sur,Primaria,7,87.67,3.17,17.07
2022,Costa,Secundaria,12,100.0,6.04,6.66
2020,Costa,Secundaria,13,100.0,5.6,8.84
2016,Centro,Primaria,7,98.67,4.67,11.94
2012,Centro,Secundaria,15,90.83,3.65,16.54
2022,Norte,Secundaria,17,100.0,6.05,6.3
2022,Centro,Primaria,8,100.0,6.08,5.88
2012,Centro,Primaria,10,93.46,3.73,15.07
2013,Oeste,Primaria,7,92.55,3.73,15.95
2016,Oeste,Secundaria,16,95.52,4.42,12.54
2020,Oeste,Secundaria,13,100.0,5.55,9.03
2012,Centro,Primaria,8,92.36,3.73,15.27
2023,Norte,Primaria,11,100.0,6.21,5.07
2015,Norte,Primaria,11,96.04,4.46,12.39
2018,Sur,Primaria,8,99.44,4.87,10.15
2022,Este,Primaria,8,100.0,6.1,4.73
2011,Este,Primaria,8,89.04,3.28,18.11
2023,Centro,Primaria,10,100.0,6.3,5.67
2014,Oeste,Primaria,6,92.79,3.9,14.33
2016,Centro,Secundaria,15,96.41,4.52,13.85
2011,Sur,Secundaria,16,86.36,3.1,19.1
2013,Centro,Secundaria,15,92.8,3.82,14.98
2021,Sur,Primaria,6,100.0,5.78,7.31
2014,Sur,Secundaria,16,92.29,3.93,15.11
2023,Costa,Primaria,6,100.0,6.4,4.05
2022,Centro,Primaria,7,100.0,6.08,5.49
2017,Norte,Secundaria,17,98.07,4.77,11.94
2016,Oeste,Primaria,7,96.29,4.48,12.56
2012,Costa,Primaria,11,89.55,3.63,15.7
2012,Centro,Secundaria,13,90.58,3.54,16.53
2022,Oeste,Primaria,6,100.0,5.98,5.23
2021,Costa,Primaria,7,100.0,5.83,6.26
2010,Oeste,Primaria,11,87.0,2.94,18.69
2017,Este,Primaria,7,98.8,4.82,10.66
2023,Costa,Secundaria,14,100.0,6.24,5.68
2015,Costa,Secundaria,16,93.6,4.24,13.57
2018,Costa,Primaria,9,98.5,4.99,10.09
2022,Costa,Primaria,7,100.0,5.98,5.33
2011,Sur,Secundaria,15,88.14,3.26,17.45
2020,Centro,Secundaria,14,100.0,5.48,7.87
2017,Sur,Secundaria,12,97.05,4.6,13.64
2010,Este,Secundaria,16,88.29,2.99,19.1
2019,Oeste,Secundaria,17,99.36,5.1,9.94
2023,Oeste,Secundaria,13,100.0,6.15,6.27
2019,Costa,Primaria,8,100.0,5.15,9.93
2016,Sur,Secundaria,14,95.2,4.44,14.51
2014,Oeste,Secundaria,12,90.98,3.84,16.12
2012,Centro,Secundaria,13,90.79,3.58,15.71
2019,Este,Primaria,7,100.0,5.22,9.45
2022,Costa,Primaria,8,100.0,6.08,6.5
2013,Centro,Primaria,8,92.53,3.72,15.29
2015,Norte,Secundaria,15,94.27,4.19,12.93
2020,Norte,Secundaria,15,100.0,5.45,8.09
2019,Centro,Primaria,10,100.0,5.26,10.59
2017,Este,Primaria,6,98.56,4.7,11.5
2020,Centro,Secundaria,16,100.0,5.64,7.56
2023,Centro,Secundaria,12,100.0,6.28,4.84
2012,Norte,Secundaria,12,90.56,3.55,15.34
2011,Centro,Secundaria,13,90.79,3.34,17.06
2023,Costa,Primaria,7,100.0,6.29,4.33
2013,Centro,Secundaria,16,92.4,3.73,15.27
2017,Este,Primaria,10,97.63,4.71,12.34
2021,Este,Primaria,8,100.0,5.77,8.25
2010,Sur,Primaria,8,87.45,3.05,17.52
2019,Este,Primaria,7,100.0,5.22,7.56
2017,Norte,Secundaria,13,97.82,4.76,10.7
2018,Sur,Primaria,6,99.33,5.0,10.3
2010,Centro,Primaria,7,88.24,3.1,18.56
2019,Sur,Primaria,8,99.77,5.19,8.39
2023,Este,Secundaria,12,100.0,6.41,4.84
2021,Centro,Primaria,6,100.0,5.79,6.76
2019,Oeste,Secundaria,13,99.86,5.28,10.38
2011,Este,Secundaria,14,89.6,3.42,17.34
2015,Sur,Primaria,6,95.2,4.16,13.23
2014,Este,Secundaria,13,94.27,4.2,13.23
2021,Oeste,Primaria,7,100.0,5.78,7.45
2018,Oeste,Secundaria,16,98.82,5.0,11.03
2021,Este,Secundaria,15,100.0,5.89,6.48
2015,Centro,Secundaria,12,95.63,4.36,12.14
2019,Centro,Secundaria,17,100.0,5.15,11.69
2015,Norte,Primaria,6,95.05,4.34,11.28
2013,Oeste,Primaria,8,93.28,3.71,15.41
2015,Centro,Secundaria,13,95.32,4.23,13.32
2011,Centro,Secundaria,15,89.24,3.4,16.64
2022,Sur,Secundaria,15,100.0,5.9,7.09
2021,Sur,Secundaria,13,100.0,5.63,9.41
2014,Este,Primaria,11,96.21,4.2,13.52
2022,Norte,Secundaria,12,100.0,6.16,5.79
2014,Sur,Primaria,8,93.87,4.07,14.78
2014,Costa,Secundaria,15,94.26,4.14,13.37
2012,Costa,Secundaria,15,90.53,3.4,17.86
2015,Costa,Secundaria,13,96.53,4.4,13.98
2016,Norte,Secundaria,17,96.91,4.49,12.8
2015,Oeste,Primaria,11,94.67,4.14,13.57
2022,Norte,Primaria,7,100.0,6.1,6.08
2013,Costa,Secundaria,16,91.64,3.72,17.2
2018,Oeste,Secundaria,15,99.97,5.11,11.14
2023,Centro,Secundaria,12,100.0,6.32,5.15
2015,Sur,Primaria,9,93.47,4.25,12.75
2017,Oeste,Secundaria,14,96.8,4.72,11.42
2022,Costa,Primaria,10,100.0,5.94,5.35
2019,Este,Primaria,9,100.0,5.25,8.54
2019,Centro,Primaria,10,100.0,5.32,8.05
2018,Este,Secundaria,12,99.32,5.04,9.92
2013,Sur,Primaria,11,91.53,3.69,15.62
2011,Este,Secundaria,14,89.84,3.34,17.65
2014,Centro,Secundaria,13,93.54,4.08,14.71
2011,Sur,Primaria,7,89.05,3.22,17.49
2018,Oeste,Secundaria,17,98.75,5.1,10.83
2012,Este,Primaria,10,92.08,3.56,15.84
2018,Costa,Primaria,9,100.0,5.22,9.53
2016,Oeste,Secundaria,17,95.83,4.49,11.81
2023,Norte,Secundaria,17,100.0,6.35,5.41
2018,Norte,Primaria,9,100.0,5.12,9.34
2023,Oeste,Primaria,9,100.0,6.32,5.42
2023,Este,Secundaria,13,100.0,6.34,5.44
2013,Norte,Secundaria,16,92.55,3.82,14.72
2022,Sur,Primaria,10,100.0,5.94,7.15
2017,Este,Secundaria,13,98.74,4.75,11.54
2020,Oeste,Secundaria,13,100.0,5.48,9.38
2015,Sur,Secundaria,12,92.84,4.08,14.96
2015,Centro,Secundaria,12,96.04,4.26,14.25
2010,Centro,Secundaria,15,87.74,3.01,19.38
2014,Oeste,Primaria,11,94.42,4.09,13.08
2013,Centro,Primaria,10,93.79,3.87,13.61
2019,Oeste,Primaria,7,100.0,5.31,8.64
2015,Norte,Secundaria,15,95.48,4.31,12.24
2014,Oeste,Primaria,10,94.84,4.0,14.76
2011,Sur,Secundaria,16,86.78,3.14,18.46
2020,Sur,Primaria,9,100.0,5.3,8.61
2016,Centro,Secundaria,13,96.55,4.58,11.8
2020,Este,Primaria,9,100.0,5.49,6.92
2014,Centro,Primaria,11,94.99,4.05,14.81
2011,Costa,Secundaria,17,87.02,3.14,18.62
2012,Sur,Secundaria,14,90.19,3.5,16.17
2021,Costa,Secundaria,14,100.0,5.81,6.94
2019,Este,Secundaria,16,100.0,5.32,10.46
2011,Sur,Secundaria,14,87.77,3.28,17.86
2012,Sur,Secundaria,16,89.14,3.39,17.06
2014,Norte,Primaria,8,96.6,4.12,13.78
2018,Sur,Secundaria,16,97.53,4.95,11.07
2023,Costa,Primaria,6,100.0,6.21,4.32
2020,Norte,Secundaria,16,100.0,5.58,9.61
2019,Costa,Secundaria,16,98.97,5.18,10.8
2014,Oeste,Secundaria,13,91.18,3.95,15.11
2021,Oeste,Secundaria,13,100.0,5.72,6.61
2023,Costa,Secundaria,16,100.0,6.11,6.84
2022,Centro,Secundaria,12,100.0,6.22,5.6
2021,Oeste,Secundaria,16,100.0,5.8,7.97
2013,Oeste,Secundaria,12,92.02,3.79,15.97
2010,Costa,Secundaria,15,87.88,3.13,17.28
2021,Costa,Primaria,6,100.0,5.8,7.08
2015,Este,Secundaria,13,94.87,4.32,13.29
2015,Sur,Secundaria,12,94.05,4.33,12.87
2020,Norte,Primaria,9,100.0,5.54,8.32
2010,Este,Secundaria,14,87.25,2.92,18.97
2010,Oeste,Primaria,10,88.03,3.05,18.67
2011,Centro,Secundaria,15,89.91,3.33,17.82
2013,Costa,Primaria,9,92.55,3.83,13.85
2011,Sur,Secundaria,12,87.46,3.25,17.91
2018,Este,Secundaria,12,97.62,4.97,10.27
2018,Centro,Primaria,11,99.99,5.1,9.9
2020,Norte,Secundaria,15,100.0,5.49,8.84
2018,Sur,Primaria,6,98.97,4.95,11.01
2017,Centro,Primaria,10,99.24,4.84,10.48
2021,Centro,Primaria,11,100.0,5.91,5.51
2020,Sur,Secundaria,14,100.0,5.6,8.08
2014,Centro,Primaria,11,96.65,4.12,12.95
2012,Costa,Secundaria,17,89.84,3.48,15.3
2020,Este,Secundaria,17,100.0,5.54,8.02
2015,Sur,Primaria,11,94.31,4.19,14.08
2013,Costa,Primaria,11,92.08,3.72,14.09
2013,Sur,Secundaria,14,91.44,3.72,16.23
2014,Oeste,Primaria,6,93.21,3.89,13.95
2011,Este,Secundaria,13,89.04,3.21,18.34
2019,Centro,Secundaria,14,100.0,5.37,9.41
2015,Oeste,Secundaria,12,94.85,4.3,13.36
2015,Norte,Secundaria,13,97.16,4.37,12.18
2012,Norte,Primaria,10,92.25,3.55,14.93
2023,Norte,Secundaria,15,100.0,6.41,4.64
2020,Costa,Secundaria,15,100.0,5.53,10.0
2014,Centro,Primaria,11,96.99,4.24,14.17
2012,Sur,Primaria,6,90.8,3.49,14.99
2013,Costa,Secundaria,14,92.33,3.75,15.83
2016,Sur,Secundaria,13,93.52,4.36,12.29
2022,Oeste,Secundaria,17,100.0,6.08,6.21
2021,Este,Secundaria,15,100.0,5.85,8.44
2022,Costa,Secundaria,15,100.0,6.11,7.02
2016,Este,Primaria,8,97.08,4.48,12.3
2012,Norte,Primaria,7,91.46,3.49,14.76
2013,Este,Primaria,11,93.79,3.88,13.85
2014,Costa,Secundaria,12,92.04,4.0,14.02
2011,Este,Primaria,10,88.28,3.08,19.19
2017,Costa,Secundaria,17,97.62,4.8,11.51
2010,Norte,Secundaria,14,87.73,2.98,19.75
2010,Oeste,Secundaria,13,87.28,3.09,18.7
2019,Norte,Secundaria,16,100.0,5.41,9.04
2015,Este,Primaria,10,95.63,4.12,13.07
2023,Oeste,Primaria,7,100.0,6.25,6.02
2020,Centro,Secundaria,12,100.0,5.6,8.31
2013,Centro,Secundaria,14,93.56,3.9,15.51
2020,Sur,Secundaria,13,100.0,5.36,9.43
2018,Centro,Secundaria,13,100.0,4.99,10.3
2012,Centro,Primaria,10,92.71,3.67,15.79
2018,Norte,Secundaria,14,98.35,4.92,10.49
2014,Centro,Primaria,8,95.68,4.09,13.74
2010,Costa,Primaria,9,88.62,3.03,17.16
2013,Oeste,Primaria,8,93.14,3.78,13.51
2013,Sur,Secundaria,14,91.44,3.73,16.63
2019,Sur,Secundaria,14,100.0,5.38,9.89
2015,Centro,Secundaria,14,97.69,4.45,13.1
2011,Norte,Secundaria,13,89.02,3.31,16.37
2016,Sur,Secundaria,14,94.72,4.44,12.19
2023,Sur,Primaria,9,100.0,6.14,5.64
2020,Sur,Secundaria,16,100.0,5.47,7.91
2011,Costa,Secundaria,14,90.44,3.42,19.2
2013,Norte,Primaria,7,93.2,3.88,13.74
2017,Sur,Secundaria,12,96.92,4.69,11.67
2017,Costa,Primaria,10,98.09,4.66,12.25
2019,Norte,Primaria,6,100.0,5.13,10.13
2014,Sur,Secundaria,17,90.88,3.94,15.45
2023,Sur,Primaria,6,100.0,6.14,6.0
2014,Centro,Secundaria,12,94.8,4.13,14.98
2018,Oeste,Secundaria,13,98.12,4.89,11.37
2017,Norte,Secundaria,12,98.53,4.88,10.99
2021,Oeste,Secundaria,12,100.0,5.71,7.88
2014,Costa,Secundaria,17,92.2,3.95,15.2
2017,Costa,Secundaria,16,96.25,4.77,12.0
2021,Costa,Secundaria,14,100.0,5.71,8.73
2013,Costa,Secundaria,16,91.22,3.75,16.24
2016,Costa,Primaria,7,97.61,4.44,12.93
2015,Costa,Primaria,6,95.62,4.29,12.61
2013,Oeste,Secundaria,16,91.54,3.59,15.99
2018,Costa,Secundaria,14,98.5,4.99,10.38
2010,Sur,Secundaria,16,86.02,2.99,18.71
2017,Este,Primaria,8,98.65,4.84,9.66
2022,Sur,Secundaria,13,100.0,5.99,6.36
2020,Norte,Primaria,9,100.0,5.68,7.6
2019,Norte,Primaria,6,100.0,5.34,8.27
2017,Costa,Primaria,8,100.0,4.95,9.4
2022,Centro,Secundaria,17,100.0,6.06,5.65
2015,Sur,Primaria,11,93.34,4.04,13.17
2012,Este,Secundaria,14,90.03,3.35,16.72
2017,Oeste,Primaria,7,95.45,4.58,12.81
2017,Norte,Primaria,7,99.72,4.82,11.72
2017,Sur,Primaria,7,98.55,4.56,13.0
2019,Norte,Primaria,8,100.0,5.21,8.93
2010,Centro,Secundaria,16,89.34,3.15,17.5
2013,Este,Secundaria,15,91.9,3.63,15.78
2014,Sur,Secundaria,12,92.54,3.95,14.07
2018,Sur,Primaria,7,100.0,5.02,9.98
2018,Este,Primaria,8,100.0,5.12,8.99
2022,Centro,Primaria,10,100.0,6.12,6.14
2019,Sur,Secundaria,14,100.0,5.09,9.79
2015,Sur,Secundaria,14,93.45,4.12,14.43
2015,Costa,Primaria,6,96.22,4.36,10.57
2022,Norte,Secundaria,15,100.0,6.2,5.76
2020,Oeste,Secundaria,12,100.0,5.44,8.96
2010,Norte,Primaria,11,88.44,3.14,17.45
2017,Oeste,Primaria,10,98.63,4.78,10.49
2013,Sur,Primaria,10,91.12,3.67,15.31
2015,Sur,Primaria,11,95.1,4.28,12.91
2022,Oeste,Secundaria,12,100.0,5.9,7.24
2013,Sur,Secundaria,12,91.04,3.75,16.8
2016,Centro,Primaria,6,98.24,4.65,11.19
2021,Costa,Secundaria,17,100.0,5.74,8.46
2021,Este,Secundaria,12,100.0,5.73,8.86
2022,Centro,Secundaria,13,100.0,6.22,6.64
2019,Centro,Primaria,10,100.0,5.29,9.25
2020,Centro,Primaria,7,100.0,5.53,8.26
2015,Centro,Secundaria,12,94.94,4.24,14.76
2013,Costa,Primaria,6,92.26,3.73,16.04
2019,Sur,Secundaria,14,98.94,5.18,9.71
2019,Oeste,Secundaria,16,100.0,5.16,10.12
2020,Costa,Primaria,7,100.0,5.59,8.74
2017,Sur,Secundaria,16,95.44,4.71,12.3
2011,Este,Primaria,7,90.07,3.32,15.93
2022,Oeste,Primaria,11,100.0,5.86,6.68
2019,Norte,Secundaria,15,100.0,5.3,10.18
2010,Sur,Primaria,7,87.78,3.07,18.11
2012,Sur,Primaria,8,92.23,3.53,15.96
2020,Oeste,Primaria,6,100.0,5.51,7.88
2019,Oeste,Primaria,7,100.0,5.32,8.56
2016,Este,Primaria,7,96.98,4.58,10.9
2015,Centro,Primaria,9,98.31,4.38,12.88
2021,Oeste,Primaria,9,100.0,5.76,7.25
2018,Centro,Secundaria,12,100.0,5.14,9.77
2018,Costa,Primaria,11,99.1,4.97,9.62
2012,Oeste,Secundaria,16,90.11,3.62,15.87
2010,Centro,Secundaria,12,88.88,3.29,17.42
2020,Este,Secundaria,16,100.0,5.54,9.91
2019,Este,Primaria,10,100.0,5.28,9.02
2023,Norte,Primaria,9,100.0,6.52,4.35
2017,Centro,Primaria,9,100.0,4.89,10.52
2019,Norte,Primaria,9,100.0,5.38,8.63
2013,Costa,Primaria,11,92.3,3.79,14.79
2016,Norte,Secundaria,16,97.56,4.59,11.3
2011,Centro,Secundaria,17,89.05,3.33,18.29
2011,Costa,Secundaria,16,89.57,3.32,18.02
2015,Oeste,Secundaria,16,92.61,4.11,14.79
2011,Centro,Primaria,9,92.04,3.44,16.65
2017,Costa,Primaria,11,100.0,4.88,11.29
2013,Costa,Primaria,7,91.44,3.74,14.8
2016,Este,Secundaria,14,96.99,4.5,13.36
2020,Costa,Secundaria,17,100.0,5.66,10.0
2010,Norte,Primaria,10,90.27,3.07,18.85
2015,Norte,Secundaria,13,96.5,4.29,13.93
2012,Sur,Primaria,11,91.38,3.53,14.86
2011,Costa,Secundaria,17,88.63,3.17,16.42
2019,Oeste,Secundaria,12,98.78,5.07,10.25
2016,Sur,Secundaria,12,96.9,4.46,13.45
2017,Este,Primaria,6,98.81,4.74,10.82
2020,Norte,Primaria,6,100.0,5.52,8.26
2020,Este,Primaria,8,100.0,5.47,8.57
2011,Oeste,Primaria,8,89.01,3.18,18.01
2015,Este,Primaria,11,94.97,4.26,13.98
2017,Oeste,Primaria,8,97.7,4.55,12.16
2013,Sur,Primaria,10,92.43,3.77,14.75
2017,Norte,Secundaria,15,97.78,4.8,11.49
2021,Norte,Secundaria,12,100.0,5.8,7.12
2019,Centro,Secundaria,16,100.0,5.33,11.57
2013,Norte,Secundaria,17,92.73,3.9,15.98
2018,Sur,Secundaria,16,98.18,4.98,11.52
2010,Centro,Secundaria,14,90.64,3.28,16.82
2012,Centro,Primaria,6,91.2,3.43,15.49
2015,Sur,Secundaria,16,94.04,4.27,13.97
2017,Este,Secundaria,17,96.94,4.86,11.91
2016,Este,Primaria,9,95.92,4.3,13.37
2013,Centro,Primaria,8,93.83,3.9,15.54
2012,Costa,Secundaria,17,90.81,3.5,17.33
2014,Costa,Secundaria,13,94.12,3.99,14.77
2023,Oeste,Secundaria,15,100.0,6.23,5.91
2015,Centro,Secundaria,12,95.03,4.39,13.91
2013,Centro,Secundaria,17,93.1,3.82,16.46
2018,Costa,Secundaria,14,99.93,4.95,12.07
2011,Centro,Secundaria,12,90.32,3.43,17.65
2010,Centro,Primaria,7,89.4,3.1,19.2
2019,Costa,Primaria,8,100.0,5.32,8.48
2010,Este,Primaria,11,88.63,3.24,17.4
2012,Norte,Secundaria,15,90.23,3.47,16.49
2014,Este,Primaria,9,93.92,3.96,14.1
2013,Este,Primaria,9,92.82,3.72,16.46
2018,Norte,Secundaria,14,100.0,5.07,9.77
2015,Costa,Primaria,6,96.46,4.39,12.47
2018,Costa,Secundaria,15,99.04,5.04,10.61
2013,Este,Secundaria,14,94.03,3.87,15.56
2012,Centro,Secundaria,14,93.45,3.75,16.31
2019,Costa,Secundaria,14,100.0,5.09,9.95
2011,Este,Primaria,8,90.01,3.25,16.7
2011,Sur,Secundaria,17,88.77,3.15,17.82
2016,Norte,Secundaria,17,96.77,4.61,11.68
2019,Norte,Primaria,6,100.0,5.25,9.0
2017,Norte,Primaria,6,100.0,4.96,9.81
2011,Costa,Primaria,9,89.32,3.21,16.85
2022,Centro,Secundaria,12,100.0,6.04,5.97
2018,Este,Secundaria,13,97.8,4.94,10.12
2018,Costa,Primaria,6,100.0,4.9,9.62
2023,Oeste,Secundaria,17,100.0,6.22,5.11
2020,Este,Primaria,6,100.0,5.48,7.44
2021,Costa,Secundaria,16,100.0,5.78,6.74
2011,Centro,Secundaria,16,89.48,3.31,16.79
2023,Sur,Secundaria,13,100.0,6.24,7.07
2022,Centro,Secundaria,16,100.0,6.12,5.49
2017,Costa,Primaria,10,99.77,4.84,11.08
2018,Este,Primaria,11,100.0,5.09,11.7
2012,Este,Primaria,9,90.43,3.48,16.99
2014,Oeste,Primaria,7,93.93,4.08,14.17
2015,Sur,Secundaria,16,94.61,4.16,14.02
2016,Costa,Primaria,10,96.71,4.43,13.84
2020,Sur,Primaria,6,100.0,5.52,7.92
2022,Centro,Primaria,9,100.0,6.0,6.14
2011,Oeste,Secundaria,14,87.61,3.17,17.0
2017,Oeste,Secundaria,15,96.14,4.6,12.61
2019,Este,Secundaria,14,100.0,5.16,10.58
2011,Centro,Primaria,8,91.08,3.37,15.34
2014,Costa,Secundaria,13,91.31,3.93,15.32
2022,Oeste,Secundaria,17,100.0,6.11,6.74
2022,Norte,Secundaria,14,100.0,6.19,6.32
2020,Centro,Primaria,7,100.0,5.63,6.65
2014,Norte,Secundaria,17,92.66,4.02,14.47
2013,Oeste,Primaria,9,91.21,3.72,16.06
2014,Norte,Primaria,11,94.56,4.06,14.3
2017,Centro,Secundaria,13,99.79,4.94,10.16
2013,Oeste,Secundaria,16,90.29,3.57,16.74
2015,Oeste,Secundaria,16,93.64,4.21,12.71
2017,Centro,Secundaria,17,98.66,4.86,11.82
2019,Sur,Secundaria,13,99.43,5.23,10.81
2023,Este,Primaria,9,100.0,6.33,6.32
2010,Sur,Primaria,11,86.65,2.92,18.03
2017,Oeste,Secundaria,15,97.6,4.77,11.71
2018,Este,Primaria,7,99.03,4.93,10.22
2020,Oeste,Secundaria,13,100.0,5.56,7.96
2012,Oeste,Primaria,7,91.09,3.51,15.37
2017,Norte,Secundaria,15,97.83,4.82,11.93
2011,Sur,Secundaria,17,88.02,3.29,17.26
2011,Sur,Secundaria,15,87.92,3.14,18.19
2013,Este,Primaria,6,91.91,3.64,15.1
2018,Costa,Primaria,6,100.0,5.04,9.46
2016,Este,Secundaria,15,96.28,4.53,11.98
2018,Sur,Primaria,8,99.27,4.92,10.02
2016,Costa,Secundaria,17,93.66,4.45,13.73
2018,Costa,Secundaria,17,99.49,5.04,11.63
2019,Sur,Primaria,9,100.0,5.27,10.34
2014,Este,Primaria,10,95.38,3.95,13.09
2012,Norte,Primaria,7,90.22,3.46,15.3
2013,Sur,Secundaria,16,92.13,3.75,16.4
2022,Oeste,Primaria,6,100.0,5.89,6.89
2014,Norte,Secundaria,15,94.42,4.18,13.64
2023,Centro,Secundaria,15,100.0,6.46,5.44
2010,Sur,Secundaria,17,86.03,2.9,19.25
2021,Oeste,Primaria,10,100.0,5.91,5.33
2012,Sur,Secundaria,15,89.47,3.43,17.44
2011,Sur,Primaria,6,89.2,3.19,17.43
2014,Este,Primaria,10,93.47,4.02,13.99
2011,Centro,Secundaria,14,90.68,3.39,17.5
2017,Este,Secundaria,13,98.36,4.84,10.29
2019,Centro,Primaria,11,100.0,5.38,9.13
2022,Oeste,Secundaria,15,100.0,5.92,7.19
2017,Centro,Secundaria,14,98.84,4.82,12.46
2019,Este,Primaria,9,100.0,5.15,9.61
2019,Oeste,Primaria,11,100.0,5.14,9.67
2017,Norte,Secundaria,13,97.49,4.84,10.96
2022,Sur,Primaria,11,100.0,5.95,5.37
2020,Sur,Primaria,9,100.0,5.41,8.65
2012,Oeste,Secundaria,16,89.81,3.49,16.19
2016,Costa,Primaria,9,96.41,4.44,12.54
2019,Norte,Secundaria,15,99.78,5.32,9.44
2010,Norte,Primaria,7,87.75,3.08,16.22
2011,Oeste,Secundaria,17,90.29,3.3,17.88
2019,Centro,Secundaria,17,100.0,5.43,9.72
2016,Costa,Primaria,7,94.7,4.42,11.76
2019,Este,Secundaria,16,99.83,5.24,9.15
2013,Centro,Secundaria,14,91.67,3.71,16.14
2019,Centro,Primaria,9,100.0,5.51,7.63
2023,Norte,Secundaria,13,100.0,6.16,6.14
2021,Sur,Secundaria,15,100.0,5.69,7.16
2014,Centro,Secundaria,14,93.54,3.98,14.51
2020,Este,Secundaria,16,100.0,5.53,8.42
2022,Oeste,Primaria,10,100.0,5.99,5.74
2021,Oeste,Primaria,8,100.0,5.77,7.83
2019,Oeste,Primaria,10,99.13,5.17,8.76
2010,Costa,Primaria,11,88.16,3.06,16.64
2019,Costa,Primaria,8,100.0,5.19,8.4
2023,Sur,Secundaria,17,100.0,6.12,5.67
2014,Este,Secundaria,14,93.23,3.96,15.27
2018,Norte,Primaria,10,98.75,5.01,10.91
2014,Centro,Secundaria,16,95.09,4.23,13.89
2018,Norte,Secundaria,15,100.0,5.14,10.97
2014,Este,Secundaria,16,92.66,4.07,13.95
2018,Costa,Primaria,6,97.4,4.84,11.26
2015,Costa,Secundaria,14,95.38,4.24,13.79
2013,Sur,Secundaria,14,91.71,3.75,15.75
2020,Costa,Primaria,7,100.0,5.36,8.2
2014,Norte,Primaria,9,94.87,4.15,13.27
2017,Centro,Secundaria,12,97.65,4.76,12.47
2022,Oeste,Primaria,10,100.0,5.97,5.83
2022,Centro,Secundaria,14,100.0,6.12,6.63
2018,Costa,Secundaria,17,99.35,4.99,10.67
2021,Este,Secundaria,12,100.0,5.77,7.41
2023,Oeste,Secundaria,17,100.0,6.26,5.76
2013,Centro,Secundaria,14,93.35,3.94,13.6
2012,Norte,Secundaria,14,92.98,3.7,16.18
2013,Oeste,Secundaria,13,90.91,3.83,15.69
2018,Este,Primaria,7,100.0,5.04,8.97
2011,Este,Primaria,9,89.35,3.11,17.4
2018,Sur,Primaria,8,98.67,4.86,10.64
2013,Este,Secundaria,13,91.9,3.74,15.08
2010,Norte,Secundaria,13,88.06,3.12,18.32
2010,Oeste,Secundaria,12,86.09,3.07,19.05
2018,Costa,Secundaria,14,98.61,4.97,11.43
2016,Este,Secundaria,12,96.68,4.47,12.98
2015,Este,Primaria,7,94.09,4.28,14.02
2015,Este,Primaria,11,97.19,4.29,13.5
2016,Norte,Secundaria,15,96.23,4.63,11.86
2018,Oeste,Secundaria,15,99.52,5.04,10.74
2012,Costa,Primaria,10,89.91,3.48,17.19
2023,Costa,Secundaria,16,100.0,6.05,7.01
2018,Costa,Secundaria,14,98.15,4.97,10.85
2012,Sur,Secundaria,14,88.01,3.21,18.57
2019,Centro,Primaria,11,100.0,5.34,8.78
2015,Oeste,Primaria,11,96.45,4.44,11.82
2022,Sur,Primaria,7,100.0,6.05,5.4
2023,Centro,Secundaria,15,100.0,6.38,5.05
2021,Sur,Primaria,6,100.0,5.88,5.15
2020,Este,Primaria,10,100.0,5.44,7.98
2023,Oeste,Secundaria,16,100.0,6.26,5.15
2015,Oeste,Primaria,10,95.33,4.27,12.68
2023,Oeste,Primaria,10,100.0,6.17,5.04
2013,Norte,Primaria,8,92.62,3.78,15.14
2019,Costa,Secundaria,14,100.0,5.31,9.5
2022,Sur,Secundaria,16,100.0,5.97,6.72
2013,Costa,Secundaria,13,91.23,3.7,16.04
2018,Costa,Primaria,9,99.8,4.99,10.22
2017,Costa,Secundaria,17,97.43,4.8,11.18
2021,Sur,Secundaria,15,100.0,5.68,7.68
2011,Este,Primaria,9,89.95,3.22,17.06
2017,Centro,Primaria,9,98.95,4.88,10.67
2017,Oeste,Primaria,8,97.43,4.71,11.41
2015,Costa,Secundaria,16,94.46,4.26,12.61
2014,Norte,Secundaria,14,93.61,3.98,14.37
2020,Oeste,Secundaria,15,100.0,5.47,8.61
2017,Oeste,Primaria,10,98.3,4.7,10.07
2021,Costa,Primaria,6,100.0,5.63,7.39
2020,Norte,Secundaria,15,100.0,5.7,8.56
2021,Este,Secundaria,16,100.0,5.79,6.97
2010,Norte,Secundaria,17,87.58,3.1,17.95
2019,Centro,Primaria,10,100.0,5.42,9.04
2022,Norte,Secundaria,17,100.0,6.19,5.65
2021,Costa,Secundaria,12,100.0,5.83,7.22
2010,Sur,Secundaria,16,85.61,2.9,19.24
2010,Este,Secundaria,13,87.58,3.04,18.51
2016,Sur,Primaria,7,94.16,4.4,12.71
2021,Este,Primaria,7,100.0,5.76,7.18
2013,Centro,Primaria,6,95.16,3.88,13.58
2016,Este,Secundaria,17,98.41,4.62,12.76
2010,Norte,Primaria,9,88.42,2.99,18.14
2016,Norte,Secundaria,14,97.48,4.64,13.21
2016,Norte,Primaria,6,98.96,4.61,11.96
2015,Costa,Secundaria,15,94.06,4.17,13.73
2013,Oeste,Primaria,7,93.76,3.96,14.93
2019,Costa,Secundaria,12,100.0,5.24,9.61
2011,Centro,Secundaria,13,89.76,3.45,16.66
2020,Centro,Secundaria,17,100.0,5.6,8.38
2021,Centro,Primaria,8,100.0,5.88,6.41
2011,Costa,Secundaria,14,89.01,3.32,17.18
2013,Centro,Secundaria,17,92.45,3.86,15.4
2017,Este,Primaria,9,100.0,4.78,10.38
2023,Oeste,Secundaria,16,100.0,6.33,4.96
2022,Este,Secundaria,17,100.0,6.12,7.56
2018,Oeste,Secundaria,14,100.0,5.17,9.11
2010,Norte,Secundaria,16,86.37,3.1,19.15
2014,Centro,Secundaria,12,94.54,3.96,15.1
2017,Norte,Secundaria,13,97.36,4.71,11.05
2010,Norte,Secundaria,17,88.28,3.12,17.8
2015,Sur,Primaria,8,94.32,4.12,12.19
2021,Sur,Secundaria,12,100.0,5.59,7.91
2010,Centro,Primaria,10,88.86,3.19,17.99
2011,Centro,Secundaria,13,89.49,3.22,16.04
2020,Sur,Secundaria,15,100.0,5.32,9.88
2020,Sur,Primaria,6,100.0,5.47,8.1
2023,Este,Primaria,6,100.0,6.37,3.62
2017,Oeste,Secundaria,15,98.02,4.79,11.19
2014,Centro,Primaria,6,94.07,4.01,14.78
2016,Sur,Secundaria,14,95.65,4.51,12.28
2014,Centro,Primaria,9,93.6,4.02,13.94
2011,Este,Primaria,8,87.87,3.3,16.1
2022,Norte,Secundaria,13,100.0,5.83,7.17
2015,Costa,Secundaria,15,93.86,4.15,14.34
2015,Sur,Secundaria,13,94.91,4.23,14.31
2010,Oeste,Primaria,7,87.71,2.96,17.19
2014,Sur,Primaria,8,93.72,3.98,14.53
2020,Este,Primaria,10,100.0,5.21,9.81
2010,Oeste,Primaria,8,88.76,3.09,17.25
2019,Sur,Primaria,11,100.0,5.27,9.32
2014,Norte,Primaria,8,95.17,4.24,12.44
2011,Centro,Secundaria,12,89.96,3.31,17.97
2015,Norte,Primaria,6,95.33,4.4,12.51
2017,Oeste,Secundaria,13,97.66,4.78,11.59
2020,Oeste,Primaria,9,100.0,5.46,8.74
2012,Este,Primaria,7,93.22,3.57,16.34
2021,Sur,Primaria,7,100.0,5.71,7.29
2019,Costa,Secundaria,15,100.0,5.31,9.46
2019,Este,Primaria,9,100.0,5.26,9.55
2012,Centro,Secundaria,16,90.74,3.61,16.32
2012,Costa,Primaria,11,91.42,3.44,17.86
2012,Costa,Primaria,10,90.65,3.47,14.4
2019,Centro,Secundaria,17,100.0,5.37,10.02
2013,Oeste,Secundaria,12,91.6,3.75,16.72
2020,Costa,Secundaria,12,100.0,5.53,8.68
2023,Costa,Secundaria,16,100.0,6.32,4.25
2021,Norte,Secundaria,17,100.0,5.77,8.17
2021,Oeste,Primaria,6,100.0,5.67,7.34
2018,Sur,Secundaria,16,97.71,4.82,11.96
2015,Centro,Secundaria,14,95.9,4.46,13.91
2014,Norte,Secundaria,12,94.94,4.23,13.83
2021,Costa,Primaria,9,100.0,5.78,6.7
2018,Costa,Primaria,6,100.0,5.05,10.26
2015,Norte,Secundaria,13,95.47,4.27,13.39
2015,Centro,Primaria,10,98.22,4.36,12.18
2012,Este,Primaria,11,91.51,3.64,15.56
2011,Costa,Secundaria,17,88.06,3.28,17.83
2022,Oeste,Secundaria,15,100.0,5.86,7.98
2023,Costa,Secundaria,17,100.0,6.28,6.57
2010,Norte,Secundaria,12,88.27,3.08,18.62
2011,Oeste,Secundaria,17,88.37,3.3,17.11
2021,Centro,Primaria,11,100.0,5.99,7.49
2015,Norte,Secundaria,14,95.3,4.33,15.05
2023,Centro,Primaria,7,100.0,6.39,5.13
2022,Costa,Primaria,6,100.0,6.08,4.65
2011,Costa,Secundaria,16,86.98,3.18,16.96
2017,Oeste,Secundaria,17,97.49,4.71,12.1
2022,Este,Secundaria,12,100.0,5.89,6.21
2010,Costa,Primaria,11,89.87,3.02,18.42
2020,Este,Primaria,10,100.0,5.59,7.9
2013,Sur,Secundaria,17,89.77,3.73,16.38
2010,Costa,Primaria,11,87.81,3.04,17.93
2019,Centro,Secundaria,16,100.0,5.29,9.46
2016,Este,Secundaria,16,95.43,4.46,12.16
2012,Norte,Primaria,9,92.29,3.68,14.02
2013,Costa,Secundaria,15,90.74,3.81,16.69
2020,Sur,Secundaria,13,100.0,5.43,9.69
2015,Este,Primaria,8,95.48,4.33,11.41
2022,Norte,Primaria,8,100.0,6.02,6.12
2015,Este,Secundaria,13,93.99,4.2,13.73
2010,Costa,Secundaria,12,87.33,3.03,19.11
2015,Sur,Primaria,7,94.82,4.2,13.55
2012,Norte,Primaria,10,92.22,3.6,16.86
2010,Sur,Secundaria,13,87.3,3.15,17.36
2022,Sur,Primaria,7,100.0,5.99,5.65
2013,Este,Primaria,9,92.79,3.79,15.8
2023,Norte,Secundaria,12,100.0,6.49,4.52
2014,Norte,Secundaria,14,93.66,4.02,15.42
2023,Sur,Secundaria,13,100.0,6.19,6.84
2019,Centro,Primaria,10,100.0,5.32,8.57
2011,Sur,Primaria,7,88.81,3.2,17.09
2019,Costa,Secundaria,14,100.0,5.44,9.64
2010,Centro,Secundaria,14,87.24,2.95,18.21
2020,Norte,Primaria,7,100.0,5.68,5.9
2016,Este,Secundaria,17,94.91,4.42,13.34
2018,Norte,Primaria,8,100.0,4.95,9.34
2011,Sur,Primaria,10,88.35,3.19,17.01
2022,Norte,Primaria,9,100.0,6.07,6.42
2012,Este,Secundaria,14,90.35,3.5,17.5
2017,Costa,Secundaria,17,97.44,4.66,13.43
2010,Costa,Secundaria,15,87.21,3.06,18.93
2014,Norte,Primaria,6,93.99,3.98,14.3
2023,Sur,Secundaria,16,100.0,6.25,5.2
2010,Centro,Secundaria,12,89.89,3.33,16.94
2010,Centro,Secundaria,15,87.37,3.0,16.75
2020,Sur,Secundaria,12,100.0,5.48,9.95
2015,Este,Primaria,8,97.12,4.29,12.45
2017,Sur,Secundaria,12,95.05,4.58,11.98
2019,Oeste,Secundaria,15,99.29,5.23,8.92
2012,Sur,Primaria,7,90.56,3.53,15.48
2018,Sur,Secundaria,12,99.28,5.03,10.41
2017,Centro,Primaria,8,99.33,4.91,9.63
2015,Norte,Primaria,8,97.3,4.28,13.02
2023,Norte,Primaria,10,100.0,6.32,4.45
2011,Este,Secundaria,13,89.81,3.21,17.7
2018,Costa,Primaria,9,100.0,5.1,8.17
2011,Este,Primaria,10,89.91,3.22,16.39
2014,Oeste,Secundaria,16,92.83,3.89,15.85
2015,Sur,Primaria,7,94.21,4.16,12.92
2021,Sur,Primaria,7,100.0,5.84,5.27
2020,Norte,Secundaria,16,100.0,5.45,8.03
2015,Sur,Secundaria,15,93.01,4.28,14.58
2021,Oeste,Secundaria,16,100.0,5.79,8.14
2010,Oeste,Primaria,7,87.34,2.94,18.16
2019,Sur,Secundaria,14,100.0,5.22,10.41
2011,Oeste,Primaria,11,89.15,3.11,17.05
2014,Este,Secundaria,16,94.64,4.06,14.88
2023,Sur,Primaria,7,100.0,6.24,5.16
2012,Norte,Secundaria,12,89.59,3.52,16.27
2011,Este,Secundaria,16,90.1,3.3,17.16
2011,Sur,Secundaria,13,87.95,3.21,18.04
2020,Este,Secundaria,16,100.0,5.58,7.46
2016,Costa,Secundaria,12,95.23,4.56,13.23
2010,Costa,Primaria,7,87.68,3.09,17.85
2015,Sur,Primaria,11,95.34,4.2,11.99
2015,Oeste,Primaria,9,94.91,4.28,11.84
2011,Norte,Secundaria,15,90.99,3.4,15.7
2013,Costa,Primaria,6,92.54,3.89,13.6
2016,Este,Secundaria,13,97.49,4.54,12.65
2014,Oeste,Primaria,6,92.43,3.94,12.94
2017,Costa,Secundaria,16,95.99,4.7,11.18
2011,Oeste,Secundaria,16,87.9,3.22,17.61
2015,Costa,Primaria,7,94.15,4.12,13.24
2015,Este,Secundaria,14,93.75,4.2,13.77
2022,Costa,Primaria,8,100.0,6.06,5.22
2020,Centro,Secundaria,12,100.0,5.77,8.74
2019,Oeste,Primaria,8,100.0,5.34,8.06
2017,Este,Secundaria,15,98.25,4.73,12.31
2021,Costa,Primaria,9,100.0,5.86,5.66
2011,Centro,Primaria,9,92.11,3.39,16.7
2020,Oeste,Secundaria,16,100.0,5.44,10.17
2021,Sur,Primaria,9,100.0,5.82,7.03
2020,Costa,Primaria,10,100.0,5.58,6.09
2022,Sur,Primaria,9,100.0,6.03,6.39
2021,Norte,Secundaria,16,100.0,5.88,7.59
2016,Costa,Primaria,7,96.32,4.59,11.14
2022,Centro,Secundaria,16,100.0,6.08,7.0
2015,Este,Secundaria,15,94.98,4.26,14.32
2013,Oeste,Primaria,9,91.97,3.69,14.86
2010,Costa,Secundaria,13,86.47,3.08,18.83
2010,Sur,Primaria,10,86.23,3.0,18.06
2010,Costa,Secundaria,17,87.21,3.09,18.82
2011,Norte,Primaria,9,90.74,3.31,16.82
2015,Oeste,Secundaria,12,94.81,4.21,12.64
2014,Centro,Secundaria,12,94.02,4.11,14.5
2011,Norte,Primaria,7,89.41,3.34,15.77
2018,Sur,Secundaria,14,97.33,4.94,10.15
2023,Centro,Secundaria,15,100.0,6.47,5.79
2010,Oeste,Primaria,7,88.29,3.0,17.91
2019,Oeste,Secundaria,14,97.52,5.02,10.49
2021,Centro,Primaria,8,100.0,5.81,4.74
2014,Sur,Secundaria,13,91.86,3.98,14.49
2015,Norte,Secundaria,14,95.6,4.35,13.58
2018,Costa,Primaria,11,99.81,5.01,9.5
2014,Norte,Primaria,8,94.2,4.07,13.13
2012,Este,Primaria,8,92.8,3.66,15.45
2021,Costa,Secundaria,13,100.0,5.69,7.55
2022,Norte,Primaria,9,100.0,6.15,4.69
2021,Centro,Secundaria,14,100.0,5.94,6.03
2017,Norte,Secundaria,16,99.7,4.91,10.33
2022,Norte,Primaria,6,100.0,6.26,4.91
2019,Sur,Secundaria,17,99.54,5.14,11.05
2019,Este,Primaria,9,100.0,5.23,8.74
2012,Oeste,Primaria,6,91.04,3.52,15.18
2010,Este,Primaria,8,89.07,3.08,17.54
2016,Centro,Secundaria,16,97.32,4.66,11.12
2012,Norte,Secundaria,13,91.5,3.53,16.14
2019,Norte,Primaria,11,100.0,5.31,8.31
2018,Sur,Primaria,10,99.24,5.09,9.8
2015,Norte,Secundaria,17,96.78,4.39,13.32
2017,Sur,Primaria,6,97.52,4.77,11.09
2010,Oeste,Secundaria,15,87.44,3.06,18.06
2017,Centro,Primaria,11,99.97,5.01,10.9
2016,Este,Primaria,11,96.36,4.53,11.86
2011,Sur,Secundaria,12,88.41,3.24,17.34
2021,Este,Secundaria,14,100.0,5.66,8.21
2017,Oeste,Primaria,11,97.71,4.71,10.67
2016,Centro,Primaria,6,98.34,4.64,11.81
2019,Norte,Secundaria,14,100.0,5.39,8.73
2023,Costa,Primaria,11,100.0,6.2,5.18
2016,Este,Primaria,8,96.51,4.43,13.42
2017,Costa,Primaria,10,98.33,4.69,11.95
2019,Sur,Secundaria,15,98.6,5.04,11.1
2022,Centro,Secundaria,13,100.0,6.02,6.47
2015,Este,Primaria,11,96.0,4.27,12.42
2010,Norte,Secundaria,16,87.7,3.12,18.01
2019,Norte,Primaria,11,100.0,5.45,8.66
2018,Norte,Primaria,9,100.0,5.1,10.21
2012,Oeste,Primaria,6,90.44,3.42,16.48
2017,Oeste,Secundaria,16,98.87,4.75,12.42
2018,Norte,Primaria,11,100.0,5.05,9.02
2015,Costa,Primaria,9,96.68,4.34,13.31
2011,Sur,Primaria,8,89.21,3.3,15.3
2022,Norte,Secundaria,16,100.0,5.95,6.23
2018,Oeste,Secundaria,15,98.76,4.96,10.46
2011,Oeste,Secundaria,14,89.92,3.4,16.75
2011,Norte,Primaria,10,91.09,3.43,16.24
2016,Este,Secundaria,12,96.67,4.52,14.79
2021,Oeste,Primaria,6,100.0,5.49,7.77
2014,Este,Primaria,6,94.38,4.09,14.85
2013,Este,Primaria,7,93.57,3.82,14.19
2023,Sur,Secundaria,12,100.0,6.2,6.88
2019,Este,Secundaria,17,100.0,5.35,8.91
2020,Sur,Primaria,11,100.0,5.48,8.66
2014,Sur,Secundaria,13,92.05,4.01,14.93
2012,Sur,Secundaria,17,88.24,3.44,17.54
2011,Norte,Primaria,6,91.42,3.32,16.7
2011,Norte,Secundaria,16,90.17,3.36,16.3
2017,Sur,Primaria,9,97.22,4.68,10.63
2010,Oeste,Secundaria,15,87.38,2.89,19.25
2017,Norte,Secundaria,14,97.92,4.73,12.39
2012,Este,Secundaria,15,92.55,3.55,16.21
2020,Oeste,Primaria,6,100.0,5.41,8.1
2023,Centro,Primaria,9,100.0,6.29,5.33
2020,Este,Primaria,10,100.0,5.48,7.46
2022,Oeste,Primaria,11,100.0,6.04,5.93
2022,Oeste,Secundaria,17,100.0,5.81,7.53
2021,Costa,Secundaria,15,100.0,5.56,9.07
2016,Costa,Primaria,9,97.21,4.52,10.67
2015,Este,Secundaria,14,95.24,4.26,13.48
2016,Norte,Primaria,8,99.57,4.7,12.24
2016,Costa,Secundaria,12,95.61,4.48,11.67
2012,Norte,Secundaria,16,90.35,3.46,16.75
2018,Este,Primaria,8,99.29,5.05,9.57
2011,Sur,Primaria,6,89.91,3.23,16.51
2021,Oeste,Secundaria,16,100.0,5.76,7.22
2011,Norte,Secundaria,17,90.26,3.36,16.69
2010,Centro,Secundaria,15,89.76,3.28,18.95
2022,Oeste,Secundaria,16,100.0,5.95,7.06
2012,Este,Secundaria,17,90.4,3.56,16.92
2010,Norte,Primaria,9,89.67,3.07,17.25
2018,Este,Secundaria,12,99.12,4.89,10.16
2010,Oeste,Secundaria,12,85.39,2.88,19.9
2011,Oeste,Secundaria,12,87.74,3.15,18.71
2015,Este,Secundaria,14,94.95,4.25,13.14
2023,Norte,Secundaria,15,100.0,6.23,5.06
2021,Sur,Secundaria,14,100.0,5.82,8.58
2010,Oeste,Primaria,6,88.58,2.97,18.53
2014,Sur,Primaria,8,93.9,3.87,14.41
2023,Norte,Secundaria,17,100.0,6.27,6.2
2012,Este,Primaria,10,89.02,3.53,17.09
2013,Sur,Primaria,10,92.18,3.65,15.99
2021,Este,Secundaria,12,100.0,5.69,8.81
2012,Oeste,Primaria,10,90.07,3.38,17.05
2011,Norte,Primaria,9,90.71,3.32,16.63
2015,Costa,Secundaria,15,94.98,4.39,12.73
2022,Norte,Secundaria,12,100.0,5.85,8.68
2018,Costa,Secundaria,15,99.48,4.97,9.3
2023,Este,Secundaria,12,100.0,6.28,5.24
2023,Sur,Primaria,6,100.0,6.13,5.66
2018,Centro,Primaria,10,100.0,5.28,8.43
2016,Norte,Secundaria,17,95.94,4.59,12.38
2023,Oeste,Secundaria,15,100.0,6.09,6.46
2022,Oeste,Secundaria,16,100.0,5.99,6.97
2017,Centro,Secundaria,12,99.42,4.75,12.23
2022,Este,Primaria,10,100.0,6.09,6.62
2016,Sur,Primaria,10,95.93,4.45,13.59
2023,Este,Primaria,8,100.0,6.37,4.93
2015,Norte,Secundaria,14,95.98,4.25,13.97
2015,Centro,Primaria,10,98.63,4.38,12.7
2015,Norte,Secundaria,13,95.73,4.45,12.62
2016,Centro,Primaria,7,98.0,4.58,11.38
2010,Este,Secundaria,13,86.68,2.94,19.11
2010,Oeste,Primaria,6,88.11,2.94,18.73
2017,Este,Secundaria,13,97.43,4.79,12.39
2015,Oeste,Secundaria,14,94.77,4.19,13.64
2023,Centro,Secundaria,13,100.0,6.38,5.62
2014,Oeste,Secundaria,17,93.46,4.06,14.79
2017,Oeste,Primaria,10,98.58,4.65,12.76
2011,Centro,Primaria,9,89.51,3.22,17.86
2011,Este,Secundaria,16,87.88,3.2,18.78
2021,Costa,Primaria,9,100.0,5.62,6.76
2018,Norte,Primaria,6,100.0,5.01,9.25
2013,Costa,Secundaria,13,90.9,3.73,15.91
2022,Sur,Secundaria,13,100.0,5.81,8.0
2011,Costa,Primaria,6,88.78,3.25,16.03
2019,Oeste,Secundaria,16,100.0,5.21,10.23
2011,Costa,Primaria,11,88.17,3.12,17.86
2011,Norte,Primaria,11,91.08,3.28,17.25
2010,Norte,Primaria,11,88.94,2.94,19.33
2018,Norte,Primaria,11,100.0,5.11,8.56
2020,Este,Secundaria,17,100.0,5.49,8.12
2013,Norte,Primaria,8,93.88,3.85,14.97
2017,Centro,Secundaria,16,99.94,4.95,10.68
2020,Costa,Secundaria,14,100.0,5.54,8.97
2017,Sur,Secundaria,15,96.27,4.69,12.57
2011,Sur,Primaria,7,88.02,3.21,15.91
2015,Oeste,Secundaria,12,94.24,4.18,15.39
2020,Costa,Primaria,9,100.0,5.49,9.22
2023,Norte,Primaria,7,100.0,6.45,3.17
2021,Oeste,Primaria,6,100.0,5.67,6.97
2015,Sur,Primaria,11,95.46,4.18,13.92
2011,Este,Secundaria,12,90.49,3.28,17.4
2016,Este,Primaria,11,97.58,4.54,12.18
2014,Este,Primaria,11,94.68,4.07,13.11
2019,Norte,Secundaria,14,100.0,5.22,10.83
2013,Costa,Primaria,6,92.91,3.7,14.32
2023,Este,Secundaria,13,100.0,6.25,5.69
2011,Costa,Secundaria,16,88.25,3.26,17.93
2022,Sur,Secundaria,15,100.0,5.99,5.89
2013,Costa,Primaria,7,92.35,3.77,15.1
2022,Costa,Secundaria,14,100.0,5.99,7.0
2023,Centro,Primaria,11,100.0,6.26,5.42
2012,Sur,Primaria,9,89.27,3.35,15.59
2023,Centro,Secundaria,14,100.0,6.24,6.77
2023,Este,Primaria,8,100.0,6.33,4.12
2014,Costa,Primaria,7,95.21,4.11,13.02
2021,Centro,Primaria,11,100.0,5.77,6.57
2011,Este,Primaria,8,89.16,3.15,17.84
2014,Oeste,Primaria,7,93.15,3.93,14.08
2010,Costa,Primaria,8,88.14,3.0,17.82
2021,Norte,Primaria,8,100.0,5.77,7.28
2013,Sur,Primaria,6,91.36,3.67,15.17
2023,Sur,Secundaria,14,100.0,6.24,5.45
2019,Norte,Secundaria,14,100.0,5.34,8.97
2020,Oeste,Secundaria,12,100.0,5.42,8.88
2014,Centro,Secundaria,14,94.16,3.98,14.99
2020,Sur,Primaria,6,100.0,5.42,9.14
2022,Centro,Primaria,6,100.0,6.17,5.37
2021,Sur,Primaria,8,100.0,5.55,8.53
2010,Costa,Primaria,7,88.58,3.11,18.12
2022,Oeste,Primaria,10,100.0,5.97,7.13
2017,Este,Secundaria,13,99.39,4.88,11.46
2020,Este,Primaria,9,100.0,5.46,7.93
2022,Sur,Primaria,9,100.0,5.87,5.06
2011,Sur,Secundaria,12,87.34,3.08,18.34
2017,Sur,Primaria,9,97.21,4.7,11.51
2012,Oeste,Primaria,8,90.11,3.47,16.56
2015,Este,Primaria,7,95.56,4.24,11.95
2011,Oeste,Secundaria,14,87.63,3.22,17.4
2018,Centro,Secundaria,13,100.0,5.12,9.72
2016,Norte,Primaria,7,98.51,4.5,11.67
2010,Centro,Primaria,10,88.81,3.16,17.91
2010,Sur,Secundaria,15,85.03,2.81,19.95
2016,Norte,Secundaria,14,96.29,4.52,13.55
2017,Sur,Secundaria,14,96.68,4.71,10.92
2018,Centro,Primaria,11,100.0,5.06,8.62
2022,Costa,Primaria,10,100.0,6.0,5.99
2015,Centro,Primaria,8,97.21,4.21,12.65
2023,Norte,Primaria,10,100.0,6.29,4.85
2023,Norte,Secundaria,14,100.0,6.31,5.58
2010,Este,Primaria,9,87.1,2.9,18.97
2012,Norte,Secundaria,14,93.29,3.6,17.13
2019,Sur,Primaria,10,100.0,5.09,9.27
2012,Sur,Secundaria,13,89.14,3.37,17.57
2012,Centro,Secundaria,12,90.66,3.48,17.24
2021,Oeste,Primaria,11,100.0,5.72,8.09
2022,Centro,Primaria,8,100.0,6.02,6.13
2019,Norte,Secundaria,13,100.0,5.36,8.22
2010,Norte,Primaria,8,89.0,3.12,17.76
2020,Centro,Secundaria,15,100.0,5.56,8.36
2011,Costa,Primaria,7,89.77,3.28,15.92
2018,Oeste,Secundaria,16,99.99,5.1,11.13
2014,Centro,Secundaria,15,94.08,3.95,14.58
2023,Costa,Primaria,11,100.0,6.1,5.64
2010,Sur,Secundaria,12,87.05,3.07,18.12
2010,Centro,Primaria,8,89.26,3.01,17.99
2019,Costa,Secundaria,12,100.0,5.46,9.2
2010,Costa,Secundaria,16,86.57,3.05,18.93
2012,Sur,Primaria,8,89.32,3.25,18.4
2023,Norte,Secundaria,15,100.0,6.38,6.59
2020,Centro,Primaria,10,100.0,5.57,7.33
2013,Norte,Secundaria,14,92.03,3.82,16.21
2023,Norte,Primaria,10,100.0,6.38,5.45
2021,Oeste,Secundaria,12,100.0,5.66,8.77
2016,Este,Primaria,10,96.98,4.49,12.46
2011,Centro,Secundaria,13,89.72,3.35,17.52
2016,Oeste,Primaria,8,96.63,4.33,12.52
2013,Sur,Primaria,9,90.98,3.66,14.84
2023,Costa,Secundaria,13,100.0,6.26,5.32
2018,Este,Primaria,11,100.0,5.01,10.37
2014,Costa,Secundaria,13,93.66,4.0,14.47
2018,Oeste,Primaria,8,99.39,4.96,10.84
2022,Oeste,Secundaria,13,100.0,5.81,6.94
2012,Sur,Secundaria,13,88.74,3.37,18.03
2019,Norte,Primaria,8,100.0,5.16,8.8
2014,Norte,Secundaria,14,93.53,4.09,13.79
2010,Este,Primaria,10,89.79,3.09,17.34
2014,Este,Secundaria,16,93.36,4.02,15.91
2014,Este,Secundaria,17,92.05,3.85,16.18
2013,Costa,Primaria,6,93.47,3.71,14.2
2020,Costa,Primaria,9,100.0,5.55,8.86
2020,Norte,Primaria,10,100.0,5.6,7.42
2010,Centro,Primaria,8,90.13,3.15,16.2
2020,Centro,Primaria,9,100.0,5.65,8.73
2022,Este,Secundaria,15,100.0,5.93,6.91
2017,Este,Secundaria,17,96.82,4.78,11.1
2022,Este,Primaria,6,100.0,6.04,6.59
2015,Este,Secundaria,12,93.77,4.18,14.93
2020,Centro,Secundaria,14,100.0,5.54,7.61
2010,Costa,Primaria,8,86.96,2.98,18.66
2021,Norte,Primaria,7,100.0,5.97,5.5
2020,Norte,Secundaria,12,100.0,5.65,7.35
2018,Centro,Secundaria,16,98.95,5.09,10.31
2013,Norte,Secundaria,12,92.47,3.82,15.61
2021,Centro,Secundaria,12,100.0,5.71,7.61
2015,Norte,Secundaria,13,97.71,4.32,12.82
2016,Este,Primaria,11,98.11,4.59,11.58
2019,Norte,Primaria,7,100.0,5.28,9.77
2015,Centro,Primaria,8,97.11,4.38,12.23
2012,Oeste,Primaria,9,91.18,3.58,16.58
2019,Este,Secundaria,13,100.0,5.24,9.46
2012,Centro,Secundaria,12,91.04,3.47,17.07
2016,Norte,Primaria,10,97.72,4.56,11.9
2017,Oeste,Primaria,8,97.87,4.7,10.54
2014,Este,Primaria,8,94.23,4.23,14.24
2015,Este,Secundaria,15,95.31,4.26,14.1
2013,Norte,Secundaria,14,92.54,3.81,15.75
2019,Costa,Primaria,6,100.0,5.32,8.81
2016,Norte,Primaria,11,97.8,4.51,12.18
2018,Sur,Primaria,6,100.0,4.91,10.95
2015,Este,Primaria,6,93.69,4.25,13.97
2021,Centro,Primaria,7,100.0,5.83,6.93
2020,Centro,Secundaria,17,100.0,5.62,8.55
2011,Norte,Secundaria,13,89.3,3.33,17.31
2020,Sur,Secundaria,13,100.0,5.26,9.07
2017,Este,Secundaria,17,99.01,4.85,11.77
2021,Oeste,Secundaria,14,100.0,5.68,7.14
2019,Norte,Primaria,9,100.0,5.37,9.23
2021,Costa,Primaria,11,100.0,5.75,7.1
2022,Sur,Primaria,6,100.0,5.99,5.33
2015,Centro,Secundaria,12,96.42,4.45,13.15
2010,Centro,Secundaria,13,90.72,3.08,17.51
2015,Costa,Secundaria,17,93.32,4.21,13.44
2020,Costa,Primaria,10,100.0,5.52,6.53
2021,Centro,Primaria,7,100.0,5.83,7.77
2019,Sur,Secundaria,15,100.0,5.33,9.27
2012,Oeste,Primaria,8,90.87,3.45,15.35
2010,Sur,Primaria,7,85.21,2.9,18.77
2019,Oeste,Secundaria,12,99.7,5.37,8.71
2021,Sur,Secundaria,15,100.0,5.64,7.72
2017,Oeste,Secundaria,12,97.24,4.78,11.77
2012,Centro,Secundaria,13,89.86,3.55,17.37
2019,Este,Secundaria,14,100.0,5.32,10.22
2018,Centro,Primaria,6,100.0,5.22,9.27
2019,Este,Primaria,10,100.0,5.38,8.04
2010,Oeste,Secundaria,16,86.9,2.94,18.74
2019,Sur,Primaria,8,100.0,5.24,8.67
2023,Este,Primaria,7,100.0,6.36,4.69
2013,Norte,Secundaria,17,93.2,3.83,15.17
2022,Costa,Secundaria,13,100.0,6.14,5.53
2010,Este,Primaria,11,88.75,3.14,17.84
2010,Centro,Secundaria,13,89.24,3.23,17.4
2023,Centro,Primaria,8,100.0,6.35,3.63
2014,Oeste,Secundaria,15,93.47,4.0,15.66
2022,Oeste,Primaria,10,100.0,5.88,7.21
2017,Centro,Primaria,9,100.0,4.78,9.78
2017,Norte,Secundaria,17,98.58,4.87,11.18
2010,Norte,Secundaria,13,85.66,3.01,18.13
2019,Centro,Primaria,7,100.0,5.35,9.4
2015,Costa,Primaria,7,95.17,4.16,13.18
2011,Norte,Primaria,7,89.22,3.27,17.27
2015,Oeste,Primaria,7,96.07,4.13,12.56
2016,Costa,Secundaria,13,95.76,4.52,12.97
2019,Este,Primaria,6,100.0,5.21,10.98
2018,Oeste,Primaria,11,99.98,4.98,11.12
2020,Este,Secundaria,14,100.0,5.57,9.4
2019,Oeste,Primaria,11,100.0,5.19,10.29
2022,Este,Primaria,8,100.0,6.02,5.74
2013,Este,Primaria,9,94.86,3.95,14.59
2022,Centro,Primaria,9,100.0,6.14,5.66
2011,Centro,Secundaria,17,91.87,3.47,16.64
2011,Sur,Secundaria,17,89.59,3.32,17.54
2023,Norte,Secundaria,16,100.0,6.39,6.34
2010,Costa,Secundaria,16,87.15,3.04,19.4
2021,Norte,Secundaria,15,100.0,5.69,7.96
2014,Oeste,Secundaria,16,92.77,4.01,15.46
2012,Oeste,Primaria,8,90.44,3.39,18.02
2012,Oeste,Secundaria,12,89.47,3.37,16.92
2021,Sur,Secundaria,17,100.0,5.69,7.91
2011,Norte,Primaria,7,92.01,3.41,15.97
2021,Este,Secundaria,14,100.0,5.82,8.79
2014,Costa,Secundaria,14,94.45,4.06,14.22
2012,Oeste,Secundaria,16,88.97,3.54,16.51
2011,Este,Primaria,10,89.41,3.33,15.74
2021,Norte,Primaria,10,100.0,5.74,6.88
2014,Costa,Secundaria,15,93.01,3.91,15.48
2015,Costa,Primaria,11,94.26,4.25,12.51
2018,Norte,Secundaria,15,98.94,5.16,9.65
2014,Centro,Secundaria,15,95.09,4.09,13.91
2011,Centro,Secundaria,17,89.28,3.29,18.65
2012,Norte,Primaria,6,92.3,3.53,17.0
2019,Este,Secundaria,16,100.0,5.23,12.16
2018,Centro,Secundaria,15,100.0,5.05,9.66
2019,Costa,Primaria,9,100.0,5.16,9.92
2018,Oeste,Secundaria,14,100.0,5.1,9.34
2010,Sur,Primaria,10,87.07,2.96,17.87
2017,Centro,Secundaria,12,98.76,4.72,11.51
2012,Este,Primaria,8,90.24,3.54,15.61
2011,Centro,Secundaria,12,90.51,3.39,16.04
2012,Norte,Secundaria,15,91.4,3.64,17.52
2021,Costa,Primaria,6,100.0,5.67,7.73
2015,Sur,Primaria,7,94.42,4.05,13.8
2014,Norte,Primaria,10,96.41,4.26,12.86
2016,Norte,Primaria,9,97.5,4.47,11.77
2013,Costa,Primaria,10,92.09,3.63,16.56
2018,Costa,Primaria,7,99.38,5.01,10.22
2018,Este,Primaria,6,100.0,5.11,9.22
2018,Centro,Primaria,7,100.0,5.18,10.28
2012,Sur,Secundaria,12,87.97,3.38,18.13
2015,Costa,Primaria,10,95.55,4.25,13.92
2022,Este,Primaria,6,100.0,5.96,5.99
2017,Oeste,Secundaria,14,96.47,4.72,12.14
2019,Este,Secundaria,13,99.66,5.22,9.9
2021,Norte,Primaria,8,100.0,6.02,7.24
2021,Costa,Primaria,11,100.0,5.84,7.77
2023,Centro,Primaria,7,100.0,6.33,6.03
2014,Oeste,Secundaria,12,93.88,3.96,15.36
2015,Costa,Secundaria,17,94.11,4.36,13.71
2015,Norte,Secundaria,17,95.0,4.27,14.32
2015,Este,Primaria,9,96.53,4.25,12.0
2013,Centro,Primaria,8,93.83,3.81,15.51
2015,Este,Primaria,9,95.83,4.27,12.77
2013,Este,Primaria,8,94.8,3.91,14.72
2021,Sur,Secundaria,12,100.0,5.65,7.88
2015,Centro,Primaria,10,97.25,4.25,13.29
2013,Sur,Primaria,6,90.87,3.61,16.73
2021,Norte,Secundaria,15,100.0,5.77,8.11
2020,Sur,Primaria,9,100.0,5.34,7.74
2017,Costa,Secundaria,17,96.37,4.65,11.98
2011,Oeste,Secundaria,16,88.45,3.15,18.42
2021,Costa,Secundaria,17,100.0,5.79,8.06
2020,Oeste,Primaria,8,100.0,5.49,7.95
2011,Norte,Primaria,7,90.5,3.29,16.54
2022,Centro,Secundaria,17,100.0,6.13,6.85
2014,Este,Secundaria,14,93.43,4.03,14.72
2018,Norte,Secundaria,12,99.87,5.06,10.49
2010,Norte,Secundaria,16,86.14,3.0,19.23
2021,Norte,Primaria,9,100.0,5.89,6.55
2022,Oeste,Primaria,10,100.0,5.97,5.77
2021,Centro,Primaria,11,100.0,5.83,5.94
2010,Norte,Primaria,7,89.34,3.04,18.46
2012,Oeste,Primaria,9,90.59,3.48,15.53
2017,Costa,Secundaria,17,97.96,4.74,12.53
2010,Costa,Primaria,8,87.63,2.9,17.85
2019,Sur,Secundaria,16,99.25,5.15,10.56
2022,Sur,Primaria,10,100.0,5.85,6.6
2012,Centro,Primaria,6,90.66,3.36,15.89
2012,Centro,Secundaria,17,89.72,3.49,15.59
2023,Oeste,Secundaria,13,100.0,6.43,5.49
2022,Oeste,Primaria,6,100.0,5.83,6.25
2023,Sur,Secundaria,14,100.0,6.19,6.54
2015,Costa,Primaria,6,96.18,4.31,13.48
2013,Sur,Secundaria,14,91.12,3.68,17.05
2021,Oeste,Primaria,7,100.0,5.71,7.02
2011,Costa,Primaria,8,88.11,3.16,17.7
2014,Oeste,Secundaria,13,91.79,3.91,14.42
2019,Norte,Secundaria,15,100.0,5.26,10.23
2011,Sur,Secundaria,15,88.59,3.1,18.83
2017,Sur,Primaria,8,97.14,4.68,11.77
2012,Costa,Primaria,6,90.7,3.55,15.33
2018,Sur,Primaria,6,99.15,5.02,10.51
2011,Sur,Primaria,11,89.46,3.33,15.79
2018,Oeste,Secundaria,15,99.42,5.02,11.26
2022,Este,Secundaria,14,100.0,6.29,6.1
2023,Este,Primaria,8,100.0,6.29,5.78
2015,Norte,Secundaria,13,94.56,4.23,13.4
2020,Norte,Secundaria,14,100.0,5.46,10.03
2023,Sur,Secundaria,16,100.0,6.22,4.82
2014,Oeste,Secundaria,16,93.92,4.04,15.36
2015,Norte,Primaria,7,97.86,4.4,13.03
2020,Centro,Secundaria,12,100.0,5.6,8.59
2014,Sur,Secundaria,12,93.17,4.06,15.78
2016,Centro,Secundaria,16,97.22,4.6,12.87
2011,Oeste,Primaria,6,88.71,3.19,15.84
2023,Este,Secundaria,17,100.0,6.26,6.38
2017,Oeste,Secundaria,17,96.54,4.73,12.52
2016,Sur,Secundaria,17,95.11,4.5,13.02
2015,Sur,Primaria,9,94.74,4.1,13.68
2010,Norte,Secundaria,17,87.17,2.99,18.53
2022,Oeste,Secundaria,15,100.0,6.07,7.1
2022,Oeste,Primaria,10,100.0,5.95,6.44
2020,Norte,Secundaria,17,100.0,5.67,7.6
2013,Oeste,Primaria,8,92.13,3.78,15.18
2012,Sur,Primaria,7,89.67,3.48,16.27
2021,Este,Primaria,6,100.0,5.87,5.64
2015,Este,Secundaria,16,94.41,4.26,13.6
2018,Costa,Secundaria,12,99.52,5.05,10.26
2011,Oeste,Secundaria,14,87.66,3.29,17.42
2020,Sur,Primaria,7,100.0,5.54,8.18
2020,Sur,Primaria,7,99.33,5.37,7.05
2020,Centro,Secundaria,12,100.0,5.6,9.4
2015,Norte,Primaria,9,98.97,4.45,12.22
2022,Centro,Primaria,7,100.0,6.16,5.58
2023,Este,Primaria,8,100.0,6.39,3.44
2021,Costa,Primaria,9,100.0,5.88,6.42
2016,Este,Secundaria,15,96.8,4.48,12.46
2019,Costa,Secundaria,13,100.0,5.25,10.46
2011,Norte,Secundaria,14,89.9,3.44,17.43
2014,Sur,Primaria,7,94.58,4.0,13.83
2023,Este,Primaria,8,100.0,6.21,4.65
2016,Costa,Secundaria,12,95.19,4.54,12.97
2013,Costa,Secundaria,16,91.16,3.78,15.37
2013,Este,Primaria,8,92.78,3.73,14.47
2010,Costa,Secundaria,13,86.7,2.97,19.92
2014,Centro,Primaria,6,95.67,4.18,13.54
2022,Costa,Secundaria,15,100.0,6.06,7.58
2016,Costa,Secundaria,14,97.05,4.41,13.42
2022,Centro,Secundaria,15,100.0,6.03,6.92
2015,Oeste,Secundaria,13,94.37,4.2,14.14
2012,Este,Secundaria,13,89.55,3.53,16.62
2014,Oeste,Primaria,6,93.23,3.97,13.89
2012,Centro,Secundaria,15,91.84,3.53,17.79
2014,Norte,Secundaria,14,94.6,4.1,13.99
2014,Este,Primaria,11,93.84,3.86,14.55
2014,Oeste,Secundaria,16,92.06,3.91,15.82
2011,Centro,Secundaria,14,88.75,3.35,18.58
2012,Sur,Primaria,10,90.08,3.45,17.45
2010,Sur,Secundaria,13,85.94,2.94,18.62
2018,Este,Primaria,8,100.0,5.05,10.14
2016,Centro,Primaria,8,97.63,4.61,11.66
2011,Este,Secundaria,12,88.18,3.25,17.09
2023,Norte,Primaria,7,100.0,6.45,4.41
2013,Costa,Secundaria,15,91.23,3.74,14.9
2022,Este,Secundaria,14,100.0,6.24,5.12
2012,Oeste,Secundaria,17,89.52,3.34,17.03
2020,Este,Primaria,8,100.0,5.6,8.73
2019,Centro,Secundaria,13,100.0,5.25,8.78
2019,Centro,Secundaria,12,100.0,5.21,10.87
2013,Sur,Secundaria,14,90.82,3.62,14.18
2015,Norte,Primaria,10,94.88,4.09,13.8
2011,Sur,Primaria,6,88.74,3.16,17.14
2019,Norte,Secundaria,12,100.0,5.32,9.72
2021,Costa,Secundaria,12,100.0,5.67,8.12
2013,Costa,Secundaria,14,91.31,3.71,15.41
2016,Norte,Primaria,6,97.7,4.61,11.31
2018,Sur,Secundaria,16,98.45,4.9,10.88
2021,Costa,Primaria,8,100.0,5.82,6.21
2017,Oeste,Secundaria,17,95.07,4.67,11.43
2014,Este,Primaria,11,96.65,4.17,14.34
2019,Norte,Primaria,7,100.0,5.32,8.6
2014,Este,Primaria,9,94.37,3.92,15.5
2017,Este,Secundaria,14,98.67,4.83,11.21
2017,Oeste,Primaria,11,98.3,4.74,10.89
2019,Oeste,Primaria,6,100.0,5.1,9.27
2010,Este,Primaria,9,89.66,3.18,16.91
2011,Sur,Secundaria,15,86.88,3.16,17.73
2023,Este,Secundaria,16,100.0,6.32,5.58
2014,Oeste,Secundaria,15,93.11,4.19,14.01
2011,Este,Secundaria,15,89.45,3.22,17.78
2011,Costa,Secundaria,14,87.64,3.19,16.7
2022,Centro,Secundaria,14,100.0,6.14,7.76
2021,Costa,Primaria,11,100.0,5.56,7.68
2019,Sur,Secundaria,12,100.0,5.29,9.7
2020,Este,Secundaria,15,100.0,5.45,9.5
2020,Norte,Primaria,6,100.0,5.69,7.51
2020,Costa,Secundaria,12,100.0,5.6,6.47
2012,Este,Primaria,11,91.03,3.43,15.76
2022,Centro,Secundaria,17,100.0,5.99,6.81
2022,Norte,Secundaria,16,100.0,6.18,5.6
2013,Centro,Secundaria,13,90.01,3.75,16.7
2017,Este,Secundaria,15,97.71,4.78,12.19
2010,Costa,Primaria,8,87.82,3.04,16.93
2015,Este,Primaria,7,96.45,4.35,12.81
2018,Norte,Primaria,10,100.0,5.08,10.61
2012,Centro,Primaria,11,91.63,3.54,15.8
2019,Centro,Primaria,8,100.0,5.42,7.15
2012,Norte,Primaria,11,92.16,3.61,15.91
2016,Norte,Secundaria,12,96.87,4.67,11.82
2022,Este,Secundaria,12,100.0,5.94,5.81
2020,Centro,Secundaria,14,100.0,5.73,7.39
2023,Centro,Primaria,11,100.0,6.39,4.25
2010,Norte,Primaria,7,88.78,3.05,17.72
2015,Este,Primaria,10,96.84,4.33,13.19
2022,Costa,Secundaria,17,100.0,5.99,7.1
2020,Costa,Secundaria,16,100.0,5.35,8.53
2021,Norte,Primaria,7,100.0,5.77,6.87
2019,Centro,Secundaria,17,100.0,5.38,9.79
2014,Costa,Secundaria,16,93.06,4.02,14.26
2016,Norte,Secundaria,12,96.89,4.59,12.07
2011,Este,Secundaria,17,89.78,3.21,17.76
2016,Este,Primaria,7,96.44,4.44,11.86
2018,Centro,Secundaria,16,99.67,5.07,9.64
2017,Centro,Primaria,7,99.15,4.87,10.77
2010,Oeste,Primaria,6,86.71,2.97,18.32
2014,Oeste,Secundaria,13,93.41,4.0,15.17
2010,Norte,Secundaria,15,88.85,3.02,18.56
2020,Centro,Primaria,6,100.0,5.55,7.3
2010,Este,Secundaria,13,86.01,2.98,19.19
2015,Costa,Secundaria,13,93.75,4.23,14.05
2011,Norte,Secundaria,14,88.01,3.28,17.51
2017,Centro,Primaria,9,99.63,4.84,11.45
2010,Oeste,Secundaria,17,87.51,2.94,19.68
2012,Oeste,Primaria,11,90.47,3.58,14.58
2011,Costa,Secundaria,13,88.06,3.19,17.86
2023,Costa,Secundaria,14,100.0,6.17,5.84
2022,Este,Primaria,11,100.0,6.06,6.73
2011,Este,Primaria,9,90.43,3.41,15.61
2020,Este,Secundaria,13,100.0,5.51,8.48
2020,Norte,Primaria,8,100.0,5.48,8.11
2016,Sur,Secundaria,14,95.75,4.51,14.14
2019,Sur,Primaria,11,100.0,5.11,8.46
2014,Oeste,Primaria,9,91.64,3.97,13.2
2014,Oeste,Secundaria,16,91.87,3.95,14.14
2020,Costa,Secundaria,15,100.0,5.4,7.95
2023,Costa,Primaria,9,100.0,6.32,3.69
2015,Centro,Primaria,9,97.49,4.38,11.93
2010,Oeste,Primaria,9,87.73,2.96,17.52
2017,Sur,Secundaria,14,97.28,4.72,11.77
2013,Sur,Secundaria,13,90.18,3.6,15.9
2021,Este,Primaria,11,100.0,5.75,5.85
2014,Costa,Secundaria,12,92.71,4.03,15.01
2020,Centro,Secundaria,13,100.0,5.66,8.57
2018,Este,Primaria,7,99.91,4.87,9.7
2020,Oeste,Primaria,10,100.0,5.51,8.9
2018,Sur,Primaria,7,97.38,4.86,9.87
2011,Norte,Secundaria,16,88.96,3.15,18.37
2019,Oeste,Secundaria,17,100.0,5.29,8.8
2015,Sur,Secundaria,17,94.77,4.29,13.13
2022,Este,Primaria,10,100.0,5.94,6.5
2016,Costa,Primaria,10,97.41,4.56,11.79
2010,Norte,Primaria,7,87.62,3.08,18.4
2015,Oeste,Secundaria,12,94.06,4.29,13.89
2017,Centro,Primaria,11,99.08,5.0,9.61
2012,Este,Primaria,11,91.68,3.62,16.55
2015,Centro,Primaria,6,97.07,4.36,11.99
2021,Norte,Secundaria,17,100.0,5.73,7.24
2019,Costa,Secundaria,16,100.0,5.19,10.34
2014,Costa,Primaria,6,93.94,3.97,13.93
2017,Norte,Secundaria,15,99.3,4.77,11.28
2023,Oeste,Primaria,11,100.0,6.25,4.99
2014,Costa,Primaria,8,93.82,4.05,12.86
2018,Norte,Primaria,11,100.0,5.22,9.62
2010,Centro,Secundaria,14,87.58,3.19,17.74
2010,Este,Primaria,11,87.45,2.92,18.01
2014,Sur,Primaria,7,94.24,4.15,13.72
2017,Costa,Primaria,10,97.77,4.75,9.75
2016,Este,Secundaria,17,96.05,4.49,13.25
2010,Sur,Primaria,8,85.89,2.81,18.86
2014,Oeste,Secundaria,13,94.19,3.99,15.13
2017,Oeste,Secundaria,15,97.04,4.91,11.9
2015,Sur,Primaria,9,95.57,4.2,12.98
2010,Centro,Primaria,9,89.13,3.15,17.55
2019,Norte,Secundaria,17,100.0,5.36,10.39
2012,Oeste,Secundaria,17,90.41,3.56,16.86
2014,Costa,Primaria,9,91.93,3.94,13.88
2010,Centro,Primaria,9,88.51,3.04,16.99
2021,Norte,Primaria,11,100.0,5.88,6.29
2010,Centro,Secundaria,17,87.66,3.18,18.74
2015,Este,Secundaria,13,93.3,4.22,14.04
2016,Norte,Primaria,9,96.13,4.61,12.03
2016,Este,Primaria,8,97.34,4.61,12.13
2013,Sur,Secundaria,16,89.68,3.73,15.65
2016,Costa,Primaria,10,96.42,4.47,10.69
2015,Este,Primaria,7,96.29,4.45,11.3
2022,Oeste,Primaria,11,100.0,6.1,6.49
2018,Oeste,Primaria,9,100.0,5.03,9.21
2018,Este,Secundaria,17,97.91,5.01,11.28
2022,Norte,Secundaria,15,100.0,5.97,7.34
2023,Costa,Primaria,7,100.0,6.22,4.71
2022,Sur,Secundaria,17,100.0,5.96,5.98
2010,Este,Secundaria,13,86.5,2.95,19.89
2014,Este,Secundaria,14,93.01,4.11,14.25
2023,Centro,Primaria,7,100.0,6.25,5.84
2012,Norte,Secundaria,14,92.03,3.71,15.77
2012,Sur,Secundaria,17,87.98,3.42,16.32
2017,Costa,Primaria,7,97.37,4.69,11.12
2022,Centro,Primaria,9,100.0,6.08,5.72
2012,Oeste,Secundaria,15,89.9,3.52,16.69
2010,Centro,Primaria,7,89.97,3.19,18.04
2010,Este,Primaria,10,88.09,2.94,18.47
2021,Centro,Primaria,6,100.0,5.9,5.97
2012,Centro,Secundaria,17,90.16,3.56,15.92
2018,Este,Secundaria,13,98.23,4.92,10.4
2019,Centro,Secundaria,16,100.0,5.26,10.61
2019,Sur,Primaria,8,100.0,5.3,8.75
2018,Sur,Secundaria,17,97.97,4.84,12.23
2015,Oeste,Primaria,6,94.76,4.17,13.67
2010,Norte,Secundaria,17,88.23,3.08,19.08
2015,Costa,Secundaria,15,94.85,4.37,13.89
2019,Centro,Primaria,10,100.0,5.17,8.72
2012,Sur,Primaria,8,91.01,3.46,15.35
2014,Sur,Primaria,8,92.07,3.96,13.59
2011,Norte,Primaria,6,89.87,3.19,16.59
2012,Este,Primaria,11,91.97,3.49,15.85
2018,Sur,Primaria,10,98.36,4.92,9.75
2021,Costa,Primaria,11,100.0,5.8,6.54
2014,Costa,Secundaria,17,92.8,3.97,16.15
2014,Sur,Secundaria,13,91.76,3.9,14.86
2010,Norte,Secundaria,16,88.72,3.09,18.86
2016,Sur,Secundaria,14,96.02,4.54,11.78
2012,Norte,Primaria,7,91.39,3.47,15.3
2021,Centro,Secundaria,14,100.0,5.85,9.06
2012,Norte,Secundaria,12,89.97,3.56,17.41
2011,Sur,Primaria,11,89.21,3.19,17.45
2012,Costa,Primaria,6,91.21,3.57,15.33
2019,Centro,Secundaria,14,100.0,5.3,8.87
2016,Este,Secundaria,16,95.31,4.4,12.81
2017,Norte,Secundaria,17,99.81,4.81,13.03
2022,Centro,Primaria,7,100.0,5.99,5.46
2012,Sur,Secundaria,15,90.77,3.58,15.75
2018,Centro,Secundaria,15,100.0,5.21,9.62
2016,Centro,Primaria,6,96.98,4.51,11.84
2020,Este,Primaria,8,100.0,5.52,7.83
2019,Norte,Primaria,11,100.0,5.19,8.98
2011,Centro,Primaria,11,90.8,3.33,16.1
2012,Costa,Primaria,6,91.95,3.46,15.84
2019,Este,Secundaria,16,100.0,5.43,10.86
2010,Este,Primaria,11,88.36,3.06,18.25
2022,Oeste,Primaria,10,100.0,5.99,4.89
2016,Costa,Secundaria,12,96.0,4.59,13.49
2023,Sur,Primaria,10,100.0,6.17,6.27
2012,Sur,Primaria,8,90.8,3.5,16.47
2019,Norte,Primaria,11,100.0,5.27,9.18
2019,Norte,Primaria,10,100.0,5.27,10.32
2018,Oeste,Secundaria,12,99.32,5.13,9.2
2013,Costa,Primaria,9,89.61,3.52,15.85
2023,Sur,Secundaria,13,100.0,6.25,5.21
2010,Sur,Secundaria,15,87.24,2.89,20.22
2011,Sur,Secundaria,16,88.85,3.28,17.02
2015,Sur,Secundaria,13,93.55,4.14,14.81
2021,Costa,Primaria,11,100.0,5.76,5.95
2018,Costa,Primaria,6,98.69,4.89,11.42
2020,Este,Primaria,9,100.0,5.61,7.29
2010,Este,Secundaria,17,87.11,2.96,18.23
2020,Norte,Secundaria,13,100.0,5.45,8.26
2018,Sur,Primaria,9,97.34,4.68,10.82
2014,Oeste,Primaria,10,91.32,3.82,14.5
2011,Norte,Secundaria,13,88.65,3.38,17.32
2011,Oeste,Primaria,9,88.71,3.12,16.68
2011,Oeste,Secundaria,13,87.99,3.11,19.42
2011,Norte,Secundaria,17,89.38,3.32,17.81
2012,Este,Secundaria,12,90.49,3.51,16.23
2019,Este,Primaria,6,100.0,5.28,9.42
2019,Norte,Secundaria,14,100.0,5.3,10.45
2014,Oeste,Secundaria,12,92.82,4.12,14.59
2016,Costa,Secundaria,14,94.62,4.4,12.16
2023,Sur,Primaria,10,100.0,6.14,5.41
2018,Oeste,Primaria,6,99.5,4.95,9.93
2011,Costa,Secundaria,16,88.8,3.29,16.58
2015,Costa,Secundaria,17,94.03,4.37,13.35
2021,Centro,Primaria,10,100.0,5.85,5.91
2019,Este,Primaria,9,100.0,5.34,8.13
2016,Oeste,Secundaria,16,95.19,4.51,13.07
2011,Norte,Primaria,8,92.19,3.57,14.33
2014,Costa,Secundaria,12,91.77,3.94,15.45
2012,Norte,Primaria,10,92.84,3.69,14.47
2013,Norte,Secundaria,16,91.56,3.82,16.41
2013,Norte,Secundaria,16,92.71,3.84,15.05
2014,Sur,Secundaria,14,91.41,4.01,13.82
2017,Costa,Primaria,10,97.77,4.85,12.35
2015,Costa,Primaria,7,95.77,4.19,15.06
2010,Oeste,Primaria,8,87.52,2.96,16.56
2013,Oeste,Primaria,7,91.03,3.65,15.81
2021,Sur,Primaria,9,100.0,5.47,6.29
2013,Sur,Secundaria,14,90.09,3.87,15.53
2017,Oeste,Secundaria,15,97.76,4.74,11.49
2023,Oeste,Primaria,8,100.0,6.22,5.09
2023,Este,Primaria,9,100.0,6.21,5.05
2015,Centro,Secundaria,16,95.83,4.33,13.09
2017,Sur,Secundaria,14,97.84,4.73,10.97
2018,Oeste,Secundaria,16,99.67,5.07,10.61
2013,Centro,Secundaria,16,93.03,3.87,15.75
2019,Norte,Primaria,9,100.0,5.33,8.35
2019,Este,Secundaria,14,100.0,5.18,11.0
2014,Norte,Primaria,6,94.06,4.02,13.35
2012,Norte,Primaria,10,92.54,3.57,16.24
2023,Este,Primaria,8,100.0,6.12,6.36
2012,Este,Secundaria,14,91.24,3.48,15.97
2014,Norte,Primaria,9,95.49,4.08,14.05
2020,Norte,Primaria,11,100.0,5.71,6.68
2012,Norte,Primaria,9,91.57,3.43,15.9
2011,Costa,Secundaria,12,87.42,3.13,20.1
2010,Oeste,Primaria,8,88.21,3.04,18.29
2018,Sur,Secundaria,16,96.18,4.74,11.82
2013,Este,Secundaria,12,93.46,3.96,14.1
2010,Este,Primaria,6,88.64,3.04,18.07
2010,Norte,Secundaria,17,88.55,3.15,17.91
2014,Sur,Secundaria,12,92.89,4.0,14.7
2018,Costa,Primaria,9,98.77,4.86,10.43
2016,Sur,Primaria,11,96.73,4.5,13.68
2018,Este,Primaria,11,100.0,4.94,10.72
2015,Este,Secundaria,17,94.12,4.25,13.97
2010,Costa,Primaria,8,87.5,3.0,18.38
2017,Costa,Secundaria,17,98.98,4.77,11.0
2023,Oeste,Primaria,10,100.0,6.29,5.34
2013,Centro,Secundaria,16,92.97,3.85,15.43
2020,Oeste,Primaria,6,100.0,5.57,7.04
2012,Oeste,Secundaria,13,88.67,3.5,17.41
2017,Este,Primaria,10,99.48,4.73,9.41
2010,Este,Primaria,10,89.38,3.06,17.6
2023,Centro,Secundaria,14,100.0,6.31,5.12
2011,Sur,Primaria,7,87.42,3.27,16.08
2017,Sur,Secundaria,14,95.88,4.67,11.72
2013,Oeste,Primaria,11,93.73,3.69,15.08
2012,Sur,Secundaria,15,90.16,3.53,17.19
2012,Este,Primaria,6,90.45,3.37,17.19
2020,Costa,Secundaria,14,100.0,5.54,9.07
2017,Norte,Primaria,11,99.29,4.78,11.83
2023,Sur,Secundaria,17,100.0,6.26,4.22
2013,Costa,Secundaria,15,92.59,3.8,14.49
2010,Este,Secundaria,12,87.07,2.94,19.17
2013,Este,Primaria,9,93.98,3.81,13.95
2017,Centro,Primaria,6,100.0,4.98,10.0
2010,Costa,Secundaria,16,88.03,2.97,19.35
2013,Sur,Primaria,7,92.32,3.76,16.07
2020,Este,Primaria,9,100.0,5.72,7.6
2022,Este,Primaria,10,100.0,5.87,6.92
2015,Costa,Primaria,11,94.78,4.23,13.34
2011,Costa,Primaria,11,90.73,3.4,15.82
2012,Norte,Secundaria,15,91.63,3.56,16.22
2021,Sur,Secundaria,14,100.0,5.69,7.15
2022,Oeste,Primaria,10,100.0,5.89,6.42
2012,Sur,Secundaria,16,89.42,3.22,18.06
2021,Norte,Primaria,10,100.0,5.89,5.71
2018,Costa,Primaria,7,100.0,5.05,10.26
2012,Costa,Secundaria,15,90.55,3.6,15.8
2019,Sur,Secundaria,15,99.21,5.25,10.94
2022,Oeste,Secundaria,13,100.0,5.89,7.25
2020,Sur,Primaria,10,100.0,5.29,8.3
2021,Norte,Primaria,6,100.0,5.84,7.16
2010,Costa,Secundaria,17,87.01,3.12,19.35
2017,Norte,Secundaria,13,98.2,4.86,11.52
2016,Sur,Secundaria,13,94.75,4.49,12.81
2023,Norte,Primaria,8,100.0,6.47,3.41
2011,Costa,Primaria,11,89.25,3.21,16.45
2016,Oeste,Secundaria,12,95.81,4.46,11.95
2011,Centro,Secundaria,12,90.42,3.43,16.9
2015,Este,Primaria,8,96.65,4.24,14.33
2012,Costa,Secundaria,17,90.49,3.44,16.86
2015,Oeste,Primaria,8,94.75,4.19,12.15
2012,Sur,Secundaria,15,89.88,3.5,16.98
2015,Norte,Primaria,7,96.44,4.26,12.95
2023,Sur,Primaria,6,100.0,6.17,6.05
2018,Costa,Primaria,11,99.72,5.02,10.3
2017,Centro,Secundaria,12,99.91,4.78,10.49
2022,Costa,Primaria,8,100.0,5.95,6.31
2013,Centro,Primaria,7,94.99,3.86,14.63
2014,Oeste,Primaria,6,93.08,3.99,13.39
2016,Sur,Primaria,9,95.64,4.38,13.35
2013,Este,Secundaria,16,90.61,3.73,15.92
2010,Sur,Primaria,6,87.71,3.02,17.51
2014,Costa,Primaria,6,93.38,3.96,14.03
2013,Sur,Secundaria,14,90.28,3.69,16.51
2018,Centro,Primaria,7,100.0,5.09,10.5
2018,Norte,Primaria,8,100.0,5.02,10.27
2012,Este,Primaria,8,91.89,3.58,15.69
2019,Este,Primaria,11,100.0,5.25,9.38
2013,Centro,Primaria,11,91.83,3.7,14.48
2018,Oeste,Secundaria,15,100.0,5.11,10.26
2012,Centro,Primaria,11,92.75,3.58,15.34
2023,Oeste,Primaria,7,100.0,6.23,4.74
2013,Norte,Primaria,7,92.92,3.85,16.06
2023,Norte,Secundaria,12,100.0,6.29,6.17
2021,Este,Secundaria,15,100.0,5.68,8.07
2021,Sur,Secundaria,17,100.0,5.62,6.97
2011,Sur,Primaria,7,89.38,3.15,18.08
2016,Norte,Secundaria,15,98.59,4.63,12.36
2022,Costa,Secundaria,13,100.0,5.97,6.5
2020,Sur,Primaria,6,100.0,5.48,7.65
2013,Centro,Primaria,6,92.13,3.65,15.58
2013,Sur,Secundaria,15,90.39,3.61,14.94
2016,Norte,Primaria,10,97.1,4.58,10.87
2022,Costa,Primaria,6,100.0,5.9,6.76
2010,Este,Secundaria,13,86.94,3.08,18.05
2013,Este,Primaria,9,93.12,3.75,14.5
2018,Sur,Secundaria,13,99.0,4.92,10.44
2023,Norte,Secundaria,13,100.0,6.24,6.87
2016,Norte,Secundaria,13,97.7,4.55,12.07
2010,Oeste,Primaria,8,86.72,2.85,18.7
2019,Norte,Primaria,9,100.0,5.39,8.93
2021,Costa,Secundaria,15,100.0,5.77,7.36
2012,Sur,Primaria,6,89.73,3.42,15.76
2017,Centro,Secundaria,17,98.79,4.76,13.31
2010,Sur,Primaria,7,87.01,2.98,18.5
2021,Oeste,Secundaria,16,100.0,5.65,8.8
2018,Oeste,Primaria,11,100.0,5.05,9.38
2017,Este,Primaria,6,99.81,4.83,12.65
2011,Sur,Primaria,6,89.62,3.14,17.94
2021,Este,Primaria,7,100.0,5.75,6.28
2020,Sur,Primaria,6,100.0,5.59,6.51
2019,Sur,Primaria,8,100.0,5.25,9.83
2016,Sur,Secundaria,12,96.3,4.52,11.91
2018,Centro,Secundaria,12,99.84,5.05,11.5
2022,Este,Secundaria,16,100.0,6.08,5.22
2023,Centro,Primaria,6,100.0,6.24,4.66
2012,Oeste,Secundaria,14,88.58,3.52,17.76
2011,Este,Secundaria,15,90.03,3.35,17.11
2017,Centro,Primaria,11,98.82,4.83,11.17
2022,Costa,Primaria,9,100.0,6.03,5.82
2019,Norte,Secundaria,16,100.0,5.29,10.43
2017,Oeste,Primaria,8,98.0,4.7,11.27
2017,Sur,Primaria,11,99.02,4.71,11.13
2019,Centro,Primaria,8,100.0,5.38,9.23
2023,Este,Primaria,10,100.0,6.28,4.69
2019,Sur,Primaria,9,100.0,5.23,9.38
2018,Este,Secundaria,15,98.21,4.94,12.87
2015,Sur,Primaria,7,94.76,4.08,13.64
2023,Centro,Secundaria,17,100.0,6.38,6.14
2017,Sur,Secundaria,13,94.82,4.5,12.44
2012,Costa,Secundaria,16,89.02,3.36,16.79
2023,Costa,Primaria,10,100.0,6.13,5.34
2020,Sur,Primaria,6,100.0,5.51,8.7
2016,Centro,Secundaria,17,97.5,4.65,13.05
2021,Este,Primaria,9,100.0,6.02,6.35
2022,Costa,Secundaria,17,100.0,5.97,6.66
2023,Oeste,Primaria,6,100.0,6.19,5.64
2010,Centro,Primaria,8,90.46,3.08,17.64
2016,Costa,Primaria,7,97.41,4.38,13.79
2018,Centro,Primaria,10,100.0,5.18,9.8
2021,Este,Primaria,10,100.0,5.7,7.39
2019,Este,Primaria,6,100.0,5.2,9.2
2018,Sur,Primaria,10,99.87,4.96,9.88
2015,Centro,Secundaria,14,95.83,4.3,13.66
2022,Norte,Primaria,6,100.0,6.11,6.91
2011,Norte,Primaria,8,88.84,3.38,15.54
2013,Norte,Primaria,9,94.35,3.88,14.84
2021,Oeste,Secundaria,14,100.0,5.72,8.37
2011,Este,Secundaria,16,89.04,3.2,17.14
2020,Norte,Primaria,9,100.0,5.57,8.33
2021,Este,Secundaria,17,100.0,5.68,8.6
2015,Costa,Primaria,9,93.61,4.12,12.46
2011,Este,Secundaria,14,87.97,3.14,18.99
2011,Costa,Secundaria,15,89.4,3.33,17.31
2019,Este,Primaria,10,100.0,5.16,9.04
2021,Norte,Secundaria,14,100.0,5.91,6.54
2018,Norte,Primaria,6,100.0,5.06,9.8
2020,Centro,Primaria,10,100.0,5.57,8.59
2010,Este,Primaria,10,89.24,3.02,17.46
2021,Centro,Primaria,9,100.0,5.97,7.09
2019,Centro,Primaria,8,100.0,5.23,10.61
2021,Norte,Primaria,9,100.0,5.86,7.42
2013,Oeste,Primaria,6,91.33,3.68,14.72
2013,Oeste,Primaria,7,92.35,3.63,15.82
2017,Norte,Secundaria,12,98.87,4.65,11.89
2018,Este,Secundaria,17,99.59,4.94,10.03
2016,Este,Secundaria,15,97.82,4.44,13.23
2016,Oeste,Secundaria,12,95.32,4.47,11.48
2021,Oeste,Primaria,7,100.0,5.79,6.88
2015,Costa,Secundaria,13,94.02,4.28,12.89
2018,Norte,Secundaria,13,100.0,5.05,9.49
2015,Centro,Secundaria,15,96.93,4.48,12.59
2013,Sur,Primaria,6,91.54,3.64,14.95
2019,Sur,Secundaria,13,100.0,5.2,10.88
2010,Este,Primaria,10,87.6,2.99,18.88
2023,Oeste,Secundaria,14,100.0,6.27,7.22
2018,Norte,Primaria,8,100.0,5.11,9.72
2016,Oeste,Primaria,7,95.19,4.47,11.88
2017,Centro,Secundaria,12,99.62,4.9,11.24
2015,Norte,Secundaria,13,96.34,4.34,14.21
2023,Costa,Primaria,8,100.0,6.19,5.21
2018,Norte,Primaria,9,100.0,5.15,10.32
2012,Centro,Secundaria,13,91.49,3.56,16.37
2018,Este,Primaria,8,99.67,4.97,9.76
2020,Este,Secundaria,16,100.0,5.58,9.42
2015,Sur,Primaria,11,94.26,4.16,13.92
2023,Oeste,Primaria,7,100.0,6.22,5.55
2019,Sur,Secundaria,14,100.0,5.41,9.15
2014,Sur,Secundaria,15,92.94,4.02,14.55
2019,Centro,Secundaria,16,100.0,5.3,9.75
2023,Centro,Primaria,6,100.0,6.3,4.1
2020,Costa,Primaria,11,100.0,5.58,7.51
2010,Oeste,Primaria,10,87.89,3.0,17.32
2012,Este,Secundaria,13,89.44,3.45,17.25
2010,Centro,Primaria,10,90.91,3.15,16.68
2019,Oeste,Secundaria,17,97.72,5.09,9.27
2023,Costa,Secundaria,13,100.0,6.35,5.05
2015,Centro,Secundaria,16,97.81,4.45,12.33
2016,Costa,Secundaria,13,96.31,4.63,11.84
2022,Centro,Primaria,7,100.0,5.99,5.06
2013,Costa,Secundaria,13,91.52,3.8,17.46
2018,Oeste,Primaria,11,100.0,5.13,9.41
2023,Oeste,Secundaria,13,100.0,6.26,6.98
2021,Norte,Secundaria,17,100.0,5.81,7.89
2023,Sur,Primaria,11,100.0,6.31,4.72
2021,Costa,Primaria,11,100.0,5.63,6.64
2019,Oeste,Primaria,7,100.0,5.22,9.79
2012,Norte,Primaria,6,92.69,3.61,15.88
2022,Norte,Secundaria,16,100.0,6.04,6.78
2011,Sur,Secundaria,16,88.51,3.2,18.02
2022,Sur,Secundaria,13,100.0,6.02,6.01
2020,Oeste,Primaria,11,100.0,5.54,7.07
2022,Sur,Secundaria,16,100.0,5.94,7.11
2010,Oeste,Primaria,10,87.26,2.88,18.87
2020,Centro,Primaria,6,100.0,5.48,9.31
2023,Centro,Primaria,10,100.0,6.27,3.51
2022,Centro,Secundaria,15,100.0,6.06,6.91
2019,Sur,Primaria,8,99.9,5.14,9.4
2023,Costa,Secundaria,17,100.0,6.48,4.32
2015,Costa,Primaria,10,96.44,4.23,12.88
2010,Norte,Primaria,9,89.44,3.06,18.22
2019,Oeste,Secundaria,12,100.0,5.28,9.42
2021,Este,Primaria,6,100.0,5.67,7.21
2011,Costa,Primaria,6,90.37,3.2,16.97
2015,Centro,Secundaria,13,96.11,4.4,13.12
2018,Este,Secundaria,16,99.13,4.97,12.84
2011,Este,Primaria,10,90.96,3.35,18.23
2022,Norte,Primaria,10,100.0,6.02,6.75
2010,Este,Secundaria,12,87.86,3.04,17.42
2010,Norte,Primaria,10,90.16,3.19,18.59
2010,Costa,Secundaria,13,87.84,3.09,18.24
2023,Oeste,Secundaria,15,100.0,6.24,6.1
2017,Oeste,Primaria,10,98.6,4.74,10.71
2014,Este,Primaria,8,94.95,4.08,14.03
2022,Oeste,Secundaria,15,100.0,5.94,6.28
2015,Este,Primaria,7,95.48,4.19,14.05
2011,Costa,Secundaria,17,88.88,3.33,17.9
2023,Sur,Primaria,8,100.0,6.29,4.48
2014,Este,Secundaria,15,93.22,4.05,14.53
2021,Sur,Secundaria,12,100.0,5.68,7.44
2011,Centro,Primaria,6,90.27,3.26,16.98
2015,Este,Secundaria,15,94.83,4.22,13.79
2012,Sur,Primaria,6,90.29,3.42,15.96
2023,Sur,Primaria,10,100.0,6.22,4.5
2020,Costa,Secundaria,17,100.0,5.57,8.49
2010,Costa,Secundaria,16,85.98,3.0,18.55
2013,Sur,Primaria,7,91.88,3.73,15.02
2019,Sur,Primaria,10,100.0,5.1,9.13
2017,Oeste,Primaria,10,98.17,4.73,12.11
2017,Costa,Secundaria,13,98.77,4.84,11.08
2011,Oeste,Secundaria,17,88.18,3.17,19.01
2022,Costa,Primaria,7,100.0,5.85,6.69
2015,Centro,Primaria,10,95.97,4.4,12.96
2010,Este,Secundaria,14,88.4,3.14,16.77
2016,Sur,Primaria,11,97.3,4.51,13.3
2014,Centro,Secundaria,16,94.38,4.06,13.31
2011,Oeste,Secundaria,14,87.12,3.27,17.4
2016,Oeste,Secundaria,12,95.43,4.31,13.07
2015,Norte,Secundaria,16,96.19,4.33,14.2
2011,Este,Primaria,7,88.53,3.21,17.73
2021,Centro,Primaria,6,100.0,5.94,5.53
2019,Centro,Primaria,10,100.0,5.27,9.39
2020,Oeste,Secundaria,17,100.0,5.64,8.88
2021,Centro,Secundaria,14,100.0,6.04,6.23
2018,Centro,Secundaria,13,100.0,5.26,9.58
2022,Sur,Secundaria,15,100.0,6.03,6.56
2011,Centro,Secundaria,12,89.08,3.29,17.62
2012,Costa,Primaria,9,90.42,3.48,16.52
2013,Este,Primaria,7,93.85,3.85,15.1
2017,Norte,Secundaria,12,97.32,4.86,10.97
2014,Costa,Primaria,10,94.2,3.95,14.24
2023,Norte,Primaria,7,100.0,6.31,4.98
2019,Norte,Secundaria,17,100.0,5.26,9.78
2011,Este,Secundaria,17,89.5,3.31,16.49
2021,Sur,Primaria,7,100.0,5.69,6.4
2019,Sur,Secundaria,13,100.0,5.3,9.07
2018,Costa,Primaria,9,100.0,5.06,9.46
2014,Este,Primaria,9,94.81,4.0,14.5
2014,Norte,Primaria,7,95.19,4.19,12.6
2022,Este,Secundaria,16,100.0,5.84,9.1
2021,Sur,Secundaria,13,100.0,5.58,7.61
2018,Este,Secundaria,14,98.88,4.98,10.9
2014,Costa,Secundaria,13,94.2,4.04,14.61
2022,Costa,Primaria,6,100.0,6.15,4.59
2016,Centro,Secundaria,12,98.12,4.66,12.79
2010,Costa,Secundaria,14,87.92,3.02,18.94
2014,Sur,Secundaria,17,92.11,3.95,14.62
2018,Este,Secundaria,17,97.99,4.88,11.02
2019,Centro,Secundaria,16,100.0,5.3,8.76
2015,Sur,Secundaria,17,93.77,4.29,14.36
2016,Oeste,Primaria,6,97.98,4.5,12.05
2011,Oeste,Primaria,10,89.27,3.18,16.75
2020,Sur,Secundaria,17,100.0,5.45,9.61
2015,Sur,Secundaria,16,93.29,4.15,12.85
2011,Norte,Secundaria,14,87.91,3.17,18.4
2020,Este,Primaria,11,100.0,5.51,8.36
2016,Este,Primaria,10,96.52,4.47,12.09
2018,Centro,Primaria,6,100.0,5.0,10.3
2012,Centro,Primaria,6,91.64,3.58,16.35
2018,Norte,Primaria,6,100.0,5.05,10.53
2017,Este,Secundaria,17,98.56,4.79,11.16
2013,Centro,Secundaria,13,92.78,3.85,16.04
2010,Costa,Secundaria,14,86.82,3.01,18.43
2017,Centro,Primaria,9,100.0,4.83,10.31
2023,Sur,Secundaria,12,100.0,6.14,6.55
2016,Este,Primaria,9,98.15,4.51,11.57
2020,Este,Secundaria,12,100.0,5.52,9.21
2022,Sur,Primaria,11,100.0,6.03,6.33
2020,Norte,Primaria,6,100.0,5.58,8.19
2022,Oeste,Secundaria,15,100.0,5.92,6.5
2016,Sur,Primaria,7,96.93,4.51,12.13
2016,Sur,Secundaria,13,94.05,4.45,13.64
2015,Este,Secundaria,15,95.86,4.34,14.17
2017,Centro,Secundaria,12,99.84,5.02,12.06
2013,Centro,Secundaria,17,93.43,3.91,15.95
2014,Oeste,Secundaria,15,91.58,3.87,14.41
2016,Centro,Primaria,6,97.7,4.52,11.84
2017,Sur,Primaria,7,98.52,4.74,11.15
2012,Este,Secundaria,12,90.03,3.39,16.33
2011,Centro,Primaria,10,89.89,3.31,16.4
2021,Oeste,Secundaria,17,100.0,5.74,6.98
2023,Oeste,Secundaria,17,100.0,6.18,5.76
2019,Sur,Secundaria,13,100.0,5.13,11.35
2015,Norte,Primaria,7,96.1,4.32,12.75
2021,Sur,Secundaria,14,100.0,5.67,7.4
2010,Este,Secundaria,17,87.05,2.98,17.8
2023,Sur,Secundaria,14,100.0,6.24,5.43
2014,Este,Secundaria,12,93.73,3.97,16.48
2015,Sur,Secundaria,15,93.97,4.18,13.75
2023,Costa,Secundaria,12,100.0,6.35,5.18
2017,Costa,Primaria,6,99.62,4.82,12.72
2014,Sur,Secundaria,12,93.35,3.95,15.35
2018,Centro,Primaria,8,100.0,5.08,9.34
2015,Este,Primaria,7,96.31,4.29,12.77
2021,Centro,Primaria,6,100.0,5.87,5.74
2023,Costa,Secundaria,12,100.0,6.14,6.9
2022,Centro,Secundaria,16,100.0,6.04,6.64
2020,Este,Secundaria,14,100.0,5.61,7.43
2023,Este,Secundaria,16,100.0,6.2,5.1
2015,Centro,Primaria,11,97.43,4.48,11.55
2023,Este,Secundaria,16,100.0,6.33,4.71
2012,Norte,Primaria,11,91.3,3.57,15.89
2023,Este,Primaria,8,100.0,6.24,3.58
2015,Este,Primaria,8,95.66,4.28,13.79
2018,Norte,Secundaria,12,100.0,5.14,10.95
2015,Sur,Secundaria,12,94.08,4.24,12.33
2021,Este,Secundaria,12,100.0,5.88,6.44
2022,Costa,Primaria,9,100.0,6.04,5.91
2013,Este,Primaria,9,92.46,3.72,15.56
2017,Oeste,Primaria,11,98.39,4.77,11.61
2018,Sur,Secundaria,13,98.15,5.01,10.74
2022,Sur,Secundaria,16,100.0,5.94,7.12
2012,Sur,Primaria,9,90.34,3.38,15.72
2023,Norte,Secundaria,15,100.0,6.26,6.1
2012,Norte,Secundaria,13,91.36,3.62,15.73
2022,Este,Primaria,6,100.0,5.95,5.96
2016,Oeste,Primaria,11,96.18,4.62,11.04
2015,Norte,Primaria,8,96.57,4.39,12.59
2021,Costa,Primaria,6,100.0,5.61,8.68
2015,Este,Secundaria,14,94.42,4.19,14.44
2016,Costa,Secundaria,13,96.82,4.51,12.04
2017,Centro,Secundaria,13,97.49,4.75,12.62
2022,Este,Primaria,8,100.0,6.01,6.7
2019,Sur,Secundaria,17,99.47,5.27,8.83
2023,Sur,Primaria,7,100.0,6.25,4.58
2021,Sur,Primaria,7,100.0,5.61,8.25
2011,Oeste,Primaria,8,89.4,3.29,16.45
2021,Este,Primaria,9,100.0,5.85,6.36
2015,Este,Primaria,8,95.59,4.22,13.96
2014,Norte,Secundaria,14,94.11,4.13,14.94
2020,Centro,Primaria,7,100.0,5.55,8.74
2020,Costa,Secundaria,14,100.0,5.39,8.64
2013,Oeste,Primaria,9,93.29,3.82,16.02
2015,Norte,Primaria,8,97.12,4.42,10.72
2010,Norte,Secundaria,14,86.7,3.0,19.06
2020,Centro,Primaria,6,100.0,5.39,8.66
2012,Sur,Primaria,10,91.13,3.53,15.35
2010,Este,Primaria,8,88.12,2.98,17.08
2013,Costa,Secundaria,15,92.53,3.78,15.63
2021,Centro,Primaria,11,100.0,5.74,7.51
2017,Este,Primaria,10,99.09,4.81,10.15
2019,Centro,Primaria,11,100.0,5.44,8.53
2023,Sur,Primaria,6,100.0,6.21,5.4
2012,Norte,Secundaria,14,91.5,3.64,15.98
2015,Este,Secundaria,14,94.89,4.3,13.1
2013,Centro,Primaria,11,94.66,3.93,15.25
2020,Sur,Primaria,11,100.0,5.41,7.72
2014,Costa,Secundaria,16,94.17,3.95,15.69
2019,Sur,Secundaria,16,97.74,5.04,10.06
2017,Oeste,Primaria,9,97.98,4.69,11.12
2023,Sur,Secundaria,14,100.0,6.17,6.14
2022,Oeste,Secundaria,12,100.0,5.88,8.21
2015,Sur,Primaria,8,94.1,4.28,12.56
2023,Sur,Primaria,10,100.0,6.18,5.88
2012,Norte,Primaria,8,93.76,3.81,14.34
2018,Sur,Primaria,9,98.57,5.0,11.02
2016,Norte,Primaria,6,97.02,4.51,11.36
2011,Centro,Secundaria,15,89.43,3.35,18.2
2017,Centro,Secundaria,14,99.48,4.91,11.99
2023,Centro,Secundaria,14,100.0,6.44,4.26
2011,Sur,Secundaria,17,87.03,3.32,18.38
2023,Sur,Primaria,7,100.0,6.16,4.78
2016,Sur,Primaria,7,98.05,4.53,11.39
2011,Norte,Secundaria,15,90.54,3.32,16.79
2017,Norte,Secundaria,13,99.41,4.9,10.61
2019,Este,Secundaria,15,99.72,5.26,9.58
2018,Norte,Secundaria,14,100.0,5.07,11.06
2019,Oeste,Secundaria,15,99.72,5.25,11.25
2016,Oeste,Primaria,8,96.47,4.42,12.45
2019,Este,Primaria,6,100.0,5.27,8.02
2012,Norte,Secundaria,13,91.11,3.61,16.95
2020,Costa,Secundaria,12,100.0,5.35,8.31
2015,Sur,Secundaria,13,93.63,4.16,14.55
2010,Centro,Secundaria,14,87.95,3.06,18.04
2021,Costa,Secundaria,15,100.0,5.83,6.99
2014,Costa,Primaria,6,93.79,4.01,12.99
2014,Oeste,Primaria,10,93.05,3.97,14.76
2014,Oeste,Secundaria,17,91.38,3.92,15.29
2023,Centro,Primaria,10,100.0,6.38,4.4
2019,Centro,Secundaria,13,100.0,5.32,8.22
2013,Centro,Secundaria,15,93.43,3.93,14.61
2011,Costa,Primaria,10,88.38,3.23,16.54
2010,Sur,Secundaria,16,85.81,2.95,19.81
2013,Norte,Primaria,9,93.77,3.87,15.55
2018,Oeste,Secundaria,13,98.02,5.01,11.42
2012,Oeste,Primaria,7,89.8,3.35,17.69
2015,Costa,Secundaria,17,94.83,4.27,14.59
2010,Sur,Primaria,8,86.24,2.94,17.95
2016,Norte,Primaria,9,95.85,4.43,12.41
2016,Centro,Primaria,6,98.39,4.5,10.82
2021,Costa,Secundaria,14,100.0,5.83,7.95
2012,Sur,Secundaria,15,90.05,3.48,17.36
2017,Sur,Secundaria,12,96.15,4.66,11.25
2016,Centro,Primaria,6,98.47,4.67,11.92
2012,Oeste,Primaria,9,91.24,3.34,16.49
2012,Sur,Secundaria,15,90.56,3.56,15.18
2021,Oeste,Secundaria,14,100.0,5.68,7.99
2021,Oeste,Secundaria,13,100.0,5.84,7.98
2012,Norte,Secundaria,16,90.3,3.54,16.23
2011,Centro,Primaria,11,90.8,3.31,16.8
2017,Oeste,Secundaria,17,95.56,4.75,12.11
2020,Costa,Primaria,6,100.0,5.48,7.75
2019,Sur,Secundaria,13,98.59,5.28,9.26
2019,Costa,Primaria,9,100.0,5.31,7.61
2022,Centro,Primaria,6,100.0,6.07,5.92
2012,Este,Secundaria,15,91.06,3.51,16.82
2021,Norte,Primaria,11,100.0,5.82,7.91
2015,Centro,Primaria,8,97.8,4.49,12.41
2017,Costa,Secundaria,14,97.43,4.75,11.7
2015,Sur,Primaria,8,95.46,4.28,11.91
2010,Norte,Secundaria,17,88.33,3.07,17.08
2016,Norte,Secundaria,15,96.84,4.51,12.41
2020,Sur,Primaria,11,100.0,5.32,8.38
2019,Centro,Secundaria,17,100.0,5.37,9.67
2019,Sur,Primaria,11,100.0,5.24,9.05
2010,Costa,Primaria,8,89.26,3.02,17.93
2022,Costa,Primaria,6,100.0,6.1,6.41
2012,Centro,Secundaria,14,92.35,3.66,16.4
2010,Norte,Secundaria,17,88.27,3.22,18.21
2019,Oeste,Primaria,10,100.0,5.27,9.05
2021,Sur,Secundaria,16,100.0,5.63,8.6
2011,Oeste,Secundaria,13,89.38,3.32,17.45
2017,Oeste,Secundaria,14,98.29,4.64,13.36
2021,Centro,Primaria,11,100.0,5.84,6.74
2018,Centro,Secundaria,12,100.0,5.0,11.26
2015,Oeste,Secundaria,15,93.6,4.3,14.54
2011,Centro,Secundaria,12,90.13,3.46,16.75
2010,Este,Primaria,11,87.91,2.91,17.91
2023,Costa,Secundaria,12,100.0,6.18,6.53
2020,Costa,Primaria,7,100.0,5.44,9.17
2014,Norte,Secundaria,12,92.81,3.92,16.37
2013,Este,Primaria,9,92.01,3.76,14.96
2023,Oeste,Primaria,8,100.0,6.2,6.41
2023,Costa,Primaria,9,100.0,6.13,5.34
2019,Costa,Primaria,6,100.0,5.06,9.69
2022,Centro,Primaria,10,100.0,5.98,6.56
2019,Norte,Secundaria,15,100.0,5.34,9.36
2022,Centro,Secundaria,12,100.0,5.97,6.27
2021,Norte,Secundaria,15,100.0,5.82,7.23
2022,Costa,Secundaria,12,100.0,6.01,8.75
2017,Centro,Secundaria,13,98.82,4.9,11.6
2011,Costa,Secundaria,13,88.86,3.24,18.33
2020,Costa,Primaria,7,100.0,5.51,7.22
2010,Costa,Secundaria,13,88.76,3.11,18.1
2020,Oeste,Secundaria,16,100.0,5.42,9.0
2015,Oeste,Primaria,10,95.07,4.22,13.23
2014,Sur,Secundaria,12,92.74,4.05,15.09
2015,Este,Secundaria,15,95.68,4.18,13.13
2022,Norte,Primaria,11,100.0,6.12,5.71
2015,Centro,Secundaria,13,94.01,4.14,15.03
2017,Este,Secundaria,16,95.71,4.64,13.08
2018,Costa,Primaria,11,97.33,4.87,8.54
2018,Costa,Secundaria,14,97.58,4.98,11.67
2020,Oeste,Secundaria,15,100.0,5.47,8.61
2018,Costa,Primaria,8,97.95,4.81,10.24
2021,Norte,Secundaria,16,100.0,5.97,7.94
2018,Este,Primaria,9,100.0,5.19,10.38
2023,Norte,Primaria,8,100.0,6.42,4.01
2019,Norte,Primaria,10,100.0,5.3,8.77
2019,Este,Secundaria,15,100.0,5.31,9.07
2013,Centro,Secundaria,17,92.23,3.79,15.29
2022,Centro,Primaria,7,100.0,6.05,5.5
2017,Centro,Primaria,10,99.62,4.78,9.56
2011,Costa,Secundaria,14,87.45,3.27,17.53
2012,Costa,Secundaria,13,89.44,3.45,18.01
2010,Este,Primaria,8,88.85,2.98,17.49
2020,Norte,Primaria,10,100.0,5.71,6.78
2016,Oeste,Primaria,7,95.41,4.44,12.05
2020,Costa,Primaria,9,100.0,5.55,7.62
2022,Oeste,Secundaria,12,100.0,6.0,6.65
2022,Costa,Secundaria,15,100.0,5.96,7.21
2015,Norte,Secundaria,17,95.17,4.29,14.01
2017,Este,Primaria,7,100.0,4.86,10.71
2011,Norte,Secundaria,17,88.53,3.28,18.0
2010,Centro,Primaria,10,90.64,3.15,17.91
2011,Oeste,Secundaria,13,88.58,3.19,18.93
2010,Sur,Secundaria,14,84.92,2.92,18.9
2013,Oeste,Secundaria,12,91.38,3.84,14.57
2020,Oeste,Secundaria,17,100.0,5.33,10.27
2022,Costa,Primaria,11,100.0,5.94,5.51
2016,Costa,Secundaria,17,95.83,4.45,12.39
2014,Sur,Primaria,8,93.8,3.98,14.39
2023,Norte,Primaria,6,100.0,6.27,4.24
2022,Costa,Secundaria,15,100.0,6.01,6.38
2014,Oeste,Primaria,9,92.95,4.03,14.34
2023,Sur,Primaria,8,100.0,6.35,4.73
2020,Oeste,Secundaria,17,100.0,5.55,9.47
2020,Oeste,Secundaria,13,100.0,5.36,9.67
2021,Centro,Primaria,8,100.0,5.99,5.14
2022,Centro,Secundaria,14,100.0,6.1,7.29
2021,Costa,Primaria,9,100.0,5.67,7.86
2013,Norte,Secundaria,15,93.85,3.84,14.22
2019,Costa,Primaria,9,100.0,5.17,8.88
2012,Costa,Secundaria,15,89.08,3.47,16.79
2020,Este,Secundaria,14,100.0,5.45,10.25
2013,Costa,Secundaria,12,90.95,3.71,15.93
2013,Oeste,Primaria,6,91.93,3.52,15.98
2010,Costa,Primaria,8,88.92,3.1,18.27
2014,Oeste,Primaria,6,93.29,3.98,14.27
2023,Norte,Primaria,10,100.0,6.39,4.21
2020,Sur,Secundaria,16,100.0,5.48,9.1
2012,Oeste,Secundaria,17,89.53,3.46,17.13
2022,Costa,Primaria,7,100.0,6.1,6.04
2018,Centro,Primaria,7,100.0,5.2,8.95
2016,Centro,Secundaria,17,97.27,4.57,12.65
2013,Costa,Secundaria,16,91.48,3.81,16.05
2021,Sur,Primaria,8,100.0,5.67,6.56
2017,Sur,Secundaria,13,97.62,4.66,11.24
2023,Costa,Primaria,9,100.0,6.28,6.01
2016,Norte,Secundaria,12,96.18,4.58,10.59
2020,Sur,Secundaria,14,100.0,5.44,9.59
2020,Centro,Secundaria,17,100.0,5.43,8.25
2013,Sur,Primaria,10,90.71,3.63,15.85
2012,Sur,Primaria,7,91.09,3.45,16.59
2017,Costa,Primaria,7,98.88,4.8,10.1
2014,Norte,Primaria,10,95.05,4.12,13.33
2021,Centro,Secundaria,12,100.0,5.8,7.34
2011,Norte,Secundaria,12,90.09,3.36,17.22
2021,Norte,Secundaria,17,100.0,5.72,8.14
2014,Oeste,Primaria,10,93.74,4.01,14.29
2012,Oeste,Secundaria,17,91.01,3.62,16.57
2021,Oeste,Secundaria,16,100.0,5.7,7.96
2011,Sur,Secundaria,17,86.77,3.11,18.7
2023,Centro,Secundaria,15,100.0,6.43,6.04
2019,Norte,Secundaria,13,100.0,5.31,9.07
2010,Centro,Secundaria,14,88.24,3.1,19.8
2015,Oeste,Secundaria,17,95.28,4.26,14.35
2021,Norte,Primaria,6,100.0,5.79,6.85
2011,Este,Secundaria,16,89.77,3.33,17.84
2020,Costa,Secundaria,12,100.0,5.44,9.15
2017,Este,Secundaria,15,99.48,4.71,10.28
2011,Costa,Secundaria,13,89.9,3.27,17.17
2018,Norte,Secundaria,15,100.0,5.11,9.53
2012,Costa,Secundaria,17,90.08,3.51,17.29
2016,Sur,Secundaria,17,93.96,4.5,13.36
2022,Centro,Primaria,11,100.0,6.09,6.98
2020,Norte,Secundaria,16,100.0,5.52,9.66
2012,Este,Primaria,7,91.88,3.56,16.43
2018,Centro,Primaria,9,99.59,4.97,10.89
2022,Sur,Secundaria,17,100.0,5.95,6.95
2014,Costa,Primaria,9,95.26,4.07,13.88
2017,Costa,Primaria,8,99.32,4.79,11.6
2016,Este,Primaria,6,100.0,4.61,12.74
2023,Este,Secundaria,12,100.0,6.25,5.91
2019,Costa,Secundaria,15,100.0,5.23,9.69
2017,Este,Secundaria,16,98.02,4.73,12.37
2022,Costa,Primaria,7,100.0,5.96,6.89
2011,Centro,Primaria,8,90.85,3.36,16.19
2022,Este,Secundaria,12,100.0,6.1,5.33
2018,Centro,Primaria,9,100.0,5.09,9.26
2014,Oeste,Secundaria,16,95.28,4.1,14.74
2016,Centro,Primaria,8,98.76,4.63,11.88
2010,Este,Secundaria,17,85.63,2.86,19.56
2010,Oeste,Primaria,10,88.09,3.02,19.15
2012,Oeste,Primaria,10,89.09,3.43,14.99
2021,Oeste,Secundaria,16,100.0,5.73,7.31
2023,Oeste,Primaria,11,100.0,6.16,5.69
2022,Centro,Secundaria,17,100.0,6.05,7.54
2018,Sur,Secundaria,13,99.68,5.11,9.12
2023,Este,Secundaria,12,100.0,6.36,6.96
2013,Oeste,Primaria,7,91.41,3.69,15.1
2019,Sur,Primaria,9,100.0,5.14,9.01
2012,Centro,Primaria,6,92.6,3.57,15.15
2018,Costa,Primaria,6,100.0,4.95,10.83
2011,Oeste,Primaria,11,88.63,3.27,18.82
2012,Costa,Primaria,9,91.52,3.59,15.49
2020,Norte,Primaria,6,100.0,5.45,9.43
2023,Centro,Primaria,7,100.0,6.38,4.21
2010,Este,Primaria,8,87.76,3.02,18.49
2020,Sur,Primaria,10,100.0,5.43,8.93
2021,Costa,Primaria,11,100.0,5.81,6.77
2019,Norte,Primaria,7,100.0,5.26,8.15
2015,Costa,Primaria,6,94.83,4.18,13.12
2019,Costa,Secundaria,12,100.0,5.24,8.65
2010,Centro,Secundaria,17,87.89,3.04,18.34
2021,Costa,Primaria,7,100.0,5.71,8.42
2022,Centro,Primaria,6,100.0,6.16,5.63
2014,Sur,Primaria,9,92.89,3.85,14.24
2015,Costa,Primaria,10,96.8,4.35,11.97
2011,Oeste,Primaria,9,88.62,3.33,16.23
2019,Oeste,Primaria,11,100.0,5.2,7.75
2023,Norte,Secundaria,12,100.0,6.38,5.28
2013,Este,Primaria,10,91.76,3.69,14.81
2010,Este,Primaria,6,88.24,3.0,17.95
2012,Sur,Secundaria,13,88.97,3.42,17.33
2013,Centro,Primaria,8,93.98,3.79,14.2
2021,Costa,Primaria,8,100.0,5.83,7.74
2016,Este,Primaria,10,97.12,4.56,11.6
2010,Sur,Secundaria,14,86.94,3.03,17.29
2010,Centro,Primaria,8,89.12,2.98,18.77
2012,Este,Secundaria,13,91.44,3.52,16.55
2014,Costa,Primaria,7,92.96,3.97,13.06
2011,Centro,Primaria,11,90.35,3.23,17.52
2022,Norte,Primaria,10,100.0,6.16,5.26
2016,Este,Primaria,11,97.94,4.54,12.09
2018,Centro,Primaria,10,100.0,5.13,8.38
2023,Norte,Secundaria,13,100.0,6.45,4.54
2018,Este,Secundaria,16,98.88,4.99,10.62
2010,Norte,Primaria,10,90.2,3.21,16.53
2010,Sur,Primaria,11,86.94,2.81,18.8
2012,Costa,Secundaria,12,89.29,3.62,16.64
2015,Este,Secundaria,13,97.64,4.34,13.8
2013,Centro,Primaria,9,93.11,3.76,15.59
2011,Este,Secundaria,14,87.96,3.18,18.07
2013,Costa,Primaria,10,93.86,3.96,13.77
2015,Costa,Primaria,9,95.75,4.21,12.71
2014,Centro,Primaria,6,96.05,4.2,12.65
2015,Centro,Secundaria,14,97.08,4.39,13.0
2010,Norte,Secundaria,17,88.24,3.09,19.25
2015,Norte,Primaria,10,96.5,4.32,12.27
2012,Costa,Secundaria,15,89.09,3.41,18.33
2014,Norte,Primaria,8,94.85,3.99,13.71
2023,Norte,Secundaria,17,100.0,6.27,5.22
2020,Costa,Secundaria,13,100.0,5.58,8.23
2021,Norte,Secundaria,17,100.0,5.68,7.35
2016,Oeste,Primaria,10,96.22,4.39,11.35
2017,Norte,Secundaria,12,100.0,4.86,10.5
2022,Oeste,Secundaria,13,100.0,5.97,7.59
2022,Sur,Primaria,11,100.0,5.92,7.09
2014,Este,Secundaria,16,92.4,3.95,13.49
2016,Norte,Primaria,6,97.09,4.44,12.85
2012,Centro,Secundaria,14,91.0,3.54,16.54
2011,Costa,Primaria,8,89.44,3.16,17.33
2014,Oeste,Primaria,10,93.15,3.94,14.82
2015,Sur,Secundaria,16,92.51,4.13,14.92
2022,Oeste,Primaria,9,100.0,5.85,7.25
2021,Sur,Secundaria,17,100.0,5.81,7.69
2015,Sur,Primaria,9,95.01,4.03,12.97
2023,Centro,Secundaria,14,100.0,6.41,5.82
2021,Centro,Secundaria,17,100.0,5.82,6.27
2018,Norte,Primaria,6,100.0,5.03,10.25
2019,Sur,Secundaria,12,98.8,5.1,9.81
2015,Costa,Secundaria,14,94.82,4.17,12.95
2013,Norte,Primaria,8,93.25,3.79,15.09
2011,Este,Secundaria,16,86.99,3.11,18.22
2012,Oeste,Secundaria,14,90.59,3.55,15.79
2016,Norte,Secundaria,15,97.04,4.59,12.68
2011,Centro,Primaria,6,90.67,3.35,16.14
2010,Centro,Secundaria,17,89.0,3.09,18.67
2016,Sur,Secundaria,13,94.78,4.54,11.82
2018,Costa,Primaria,6,100.0,5.0,10.26
2019,Sur,Primaria,6,100.0,5.26,9.3
2014,Centro,Secundaria,16,94.13,4.04,13.78
2014,Norte,Primaria,6,95.91,4.21,14.07
2011,Centro,Primaria,11,90.06,3.29,15.77
2023,Oeste,Secundaria,17,100.0,6.14,6.58
2019,Centro,Primaria,7,100.0,5.29,8.25
2010,Centro,Secundaria,14,88.91,3.17,17.66
2023,Oeste,Secundaria,17,100.0,6.35,4.6
2020,Norte,Primaria,9,100.0,5.6,7.46
2015,Este,Secundaria,14,96.62,4.44,12.83
2012,Oeste,Secundaria,14,90.6,3.39,16.65
2023,Costa,Primaria,10,100.0,6.19,5.51
2023,Oeste,Primaria,11,100.0,6.18,5.61
2016,Costa,Primaria,7,97.98,4.6,11.41
2011,Norte,Primaria,9,90.02,3.25,17.3
2014,Este,Secundaria,14,93.36,4.02,13.75
2022,Oeste,Secundaria,13,100.0,5.88,7.44
2022,Costa,Secundaria,13,100.0,6.01,6.81
2015,Sur,Secundaria,13,94.18,4.13,16.14
2014,Este,Primaria,7,96.14,4.26,12.29
2014,Sur,Secundaria,12,93.48,4.01,15.02
2021,Costa,Secundaria,17,100.0,5.71,7.6
2010,Costa,Primaria,11,86.38,3.06,18.46
2018,Costa,Secundaria,16,99.4,4.99,11.12
2013,Norte,Secundaria,14,91.16,3.77,16.23
2016,Centro,Primaria,10,98.99,4.64,11.74
2015,Este,Primaria,11,94.96,4.15,12.21
2018,Oeste,Primaria,7,99.37,5.09,9.2
2023,Oeste,Primaria,10,100.0,6.32,4.56
2017,Oeste,Secundaria,13,97.38,4.63,11.82
2023,Este,Secundaria,12,100.0,6.26,5.33
2017,Oeste,Secundaria,16,95.18,4.57,14.28
2011,Norte,Primaria,9,91.21,3.37,15.98
2022,Oeste,Secundaria,17,100.0,6.0,7.44
2017,Costa,Primaria,9,98.99,4.77,10.97
2023,Costa,Secundaria,12,100.0,6.2,5.9
2010,Sur,Primaria,9,87.26,2.94,19.29
2022,Norte,Secundaria,14,100.0,6.02,6.74
2011,Este,Secundaria,14,87.98,3.25,16.93
2010,Sur,Secundaria,15,86.29,2.89,19.34
2018,Costa,Primaria,11,98.79,4.94,9.73
2010,Centro,Secundaria,16,88.72,3.04,19.79
2017,Costa,Secundaria,12,95.61,4.54,13.03
2022,Oeste,Secundaria,16,100.0,5.91,7.11
2022,Costa,Secundaria,14,100.0,6.07,6.84
2020,Centro,Secundaria,15,100.0,5.71,8.64
2022,Este,Primaria,11,100.0,5.97,5.49
2022,Norte,Primaria,6,100.0,6.08,5.67
2012,Centro,Primaria,8,92.76,3.7,14.93
2010,Norte,Secundaria,13,86.95,2.94,19.23
2018,Costa,Secundaria,17,98.39,5.03,10.58
2020,Sur,Primaria,6,100.0,5.31,9.71
2021,Sur,Secundaria,14,100.0,5.73,7.26
2011,Oeste,Primaria,8,87.73,3.2,17.89
2020,Costa,Secundaria,12,100.0,5.49,8.57
2013,Centro,Primaria,6,93.1,3.83,14.02
2017,Norte,Primaria,8,99.86,4.98,10.08
2023,Sur,Secundaria,12,100.0,5.98,7.13
2017,Oeste,Secundaria,17,95.65,4.61,12.06
2020,Sur,Secundaria,12,100.0,5.46,8.12
2017,Sur,Secundaria,15,96.56,4.72,11.48
2022,Este,Secundaria,14,100.0,5.96,7.78
2015,Sur,Secundaria,14,93.96,4.22,14.25
2010,Oeste,Primaria,11,87.24,2.97,16.03
2017,Norte,Secundaria,14,99.59,4.83,10.88
2012,Sur,Primaria,10,91.78,3.54,15.82
2022,Costa,Primaria,8,100.0,5.93,6.12
2023,Centro,Primaria,7,100.0,6.36,5.06
2014,Norte,Secundaria,12,94.76,4.15,14.32
2021,Sur,Primaria,7,100.0,5.65,6.89
2016,Costa,Secundaria,14,96.08,4.6,12.25
2023,Costa,Primaria,7,100.0,6.18,4.72
2016,Norte,Secundaria,17,96.17,4.44,13.98
2020,Costa,Secundaria,15,100.0,5.41,9.31
2022,Sur,Secundaria,17,100.0,5.95,6.55
2015,Norte,Secundaria,12,95.91,4.4,12.5
2013,Sur,Primaria,10,92.02,3.66,15.09
2016,Oeste,Primaria,11,96.29,4.47,12.36
2016,Costa,Primaria,9,95.76,4.49,12.31
2015,Costa,Primaria,9,95.62,4.3,12.79
2020,Norte,Primaria,6,100.0,5.49,9.18
2016,Este,Secundaria,12,95.28,4.51,12.49
2015,Costa,Secundaria,13,94.02,4.17,15.07
2017,Costa,Primaria,7,98.99,4.78,12.22
2021,Sur,Secundaria,13,100.0,5.76,8.05
2012,Sur,Primaria,7,88.06,3.26,16.21
2017,Costa,Secundaria,13,97.99,4.76,12.24
2010,Este,Primaria,8,89.86,3.0,17.21
2011,Centro,Primaria,10,92.7,3.4,16.3
2023,Este,Primaria,7,100.0,6.21,4.74
2015,Sur,Secundaria,12,93.2,4.2,13.94
2013,Costa,Secundaria,14,89.88,3.65,17.08
2012,Oeste,Primaria,9,91.12,3.53,15.61
2019,Oeste,Secundaria,13,100.0,5.41,10.63
2016,Norte,Primaria,7,97.79,4.59,11.64
2015,Sur,Secundaria,15,95.24,4.32,12.8
2015,Este,Secundaria,13,95.42,4.4,13.4
2021,Oeste,Secundaria,14,100.0,5.7,7.3
2014,Norte,Primaria,8,94.91,4.08,13.72
2010,Sur,Secundaria,12,86.21,2.96,20.42
2021,Centro,Primaria,11,100.0,5.93,7.51
2014,Oeste,Primaria,9,94.45,3.92,13.52
2022,Oeste,Secundaria,16,100.0,6.03,6.0
2021,Costa,Secundaria,14,100.0,5.68,7.29
2020,Sur,Secundaria,17,100.0,5.5,8.7
2014,Norte,Secundaria,14,94.02,4.07,14.29
2020,Norte,Secundaria,17,100.0,5.43,9.29
2022,Costa,Secundaria,17,100.0,5.96,5.94
2022,Costa,Secundaria,12,100.0,6.04,6.55
2022,Oeste,Secundaria,15,100.0,5.96,6.31
2022,Norte,Primaria,10,100.0,6.09,4.79
2014,Norte,Secundaria,13,95.56,4.25,14.41
2012,Sur,Primaria,6,89.0,3.34,16.19
2012,Norte,Secundaria,14,90.27,3.51,18.02
2022,Norte,Secundaria,12,100.0,6.01,5.9
2012,Sur,Secundaria,13,90.01,3.45,17.27
2012,Este,Secundaria,13,89.53,3.48,17.1
2022,Centro,Secundaria,14,100.0,6.08,7.6
2013,Este,Secundaria,15,91.65,3.7,17.7
2019,Centro,Secundaria,15,100.0,5.28,11.35
2021,Oeste,Secundaria,14,100.0,5.88,8.08
2011,Costa,Secundaria,13,89.16,3.45,17.71
2012,Sur,Secundaria,15,88.98,3.43,17.81
2020,Costa,Primaria,7,100.0,5.5,8.66
2023,Sur,Secundaria,12,100.0,6.06,5.89
2010,Norte,Primaria,6,89.0,3.04,16.53
2023,Centro,Primaria,6,100.0,6.41,3.72
2023,Oeste,Secundaria,17,100.0,6.26,4.97
2010,Sur,Secundaria,14,86.93,2.93,19.52
2023,Norte,Secundaria,13,100.0,6.47,5.49
2018,Sur,Primaria,8,100.0,5.19,9.06
2019,Oeste,Primaria,9,100.0,5.21,8.7
2022,Este,Primaria,6,100.0,5.94,6.78
2014,Norte,Primaria,7,95.49,4.12,14.26
2017,Sur,Primaria,9,98.78,4.77,11.2
2013,Oeste,Primaria,8,92.26,3.65,16.05
2017,Centro,Secundaria,17,98.32,4.84,10.79
2016,Oeste,Primaria,6,97.91,4.56,11.22
2018,Norte,Secundaria,13,100.0,5.1,11.33
2019,Norte,Secundaria,16,100.0,5.25,9.36
2017,Sur,Secundaria,15,95.78,4.77,12.74
2012,Centro,Secundaria,16,91.54,3.53,18.45
2018,Este,Secundaria,14,100.0,5.15,10.35
2016,Norte,Secundaria,14,97.5,4.57,13.28
2019,Sur,Secundaria,15,97.79,5.04,10.9
2016,Oeste,Secundaria,13,96.15,4.4,13.4
2023,Costa,Secundaria,12,100.0,6.31,5.43
2010,Sur,Secundaria,14,85.94,3.1,19.16
2011,Este,Secundaria,13,88.31,3.3,17.83
2022,Sur,Secundaria,15,100.0,5.92,7.3
2013,Este,Primaria,6,95.29,3.96,12.88
2018,Este,Primaria,8,99.84,4.91,10.16
2010,Este,Secundaria,14,87.42,3.11,18.21
2022,Norte,Primaria,7,100.0,5.95,5.91
2010,Centro,Primaria,10,89.54,2.95,17.4
2013,Oeste,Secundaria,17,88.66,3.63,16.06
2012,Sur,Secundaria,14,89.76,3.51,17.83
2023,Este,Primaria,6,100.0,6.29,4.85
2022,Centro,Secundaria,14,100.0,6.08,5.42
2010,Centro,Primaria,6,91.15,3.13,16.45
2014,Costa,Primaria,10,93.19,3.94,14.38
2020,Oeste,Secundaria,14,100.0,5.6,8.86
2018,Sur,Primaria,11,99.15,4.96,10.41
2022,Norte,Primaria,9,100.0,6.12,5.98
2014,Sur,Primaria,11,93.01,3.84,14.45
2020,Oeste,Primaria,9,100.0,5.47,8.69
2023,Centro,Primaria,6,100.0,6.25,5.32
2014,Centro,Primaria,8,96.71,4.15,12.19
2012,Sur,Secundaria,15,88.92,3.31,18.52
2018,Sur,Secundaria,14,100.0,5.01,11.25
2015,Sur,Secundaria,15,93.23,4.28,12.78
2023,Sur,Secundaria,14,100.0,6.24,5.92
2015,Norte,Primaria,6,97.56,4.43,12.45
2010,Sur,Primaria,9,87.94,3.07,17.09
2012,Oeste,Primaria,11,88.88,3.45,15.91
2012,Sur,Secundaria,12,87.89,3.41,17.91
2011,Costa,Primaria,7,87.64,3.21,16.85
2011,Norte,Primaria,10,90.4,3.32,16.76
2015,Costa,Secundaria,14,94.66,4.23,13.73
2017,Costa,Primaria,9,95.7,4.73,10.7
2012,Oeste,Secundaria,17,90.52,3.61,16.22
2017,Sur,Secundaria,16,97.51,4.7,12.38
2010,Este,Secundaria,13,86.61,2.99,18.98
2020,Oeste,Secundaria,12,100.0,5.59,7.89
2022,Costa,Primaria,7,100.0,5.9,7.03
2023,Sur,Secundaria,12,100.0,6.19,5.86
2014,Oeste,Secundaria,14,93.16,4.02,13.82
2021,Costa,Primaria,7,100.0,5.8,7.13
2010,Costa,Primaria,11,87.39,2.89,19.31
2015,Este,Secundaria,14,94.74,4.16,14.2
2018,Centro,Primaria,9,100.0,5.0,10.82
2017,Oeste,Secundaria,14,96.5,4.65,12.85
2016,Centro,Secundaria,15,98.48,4.69,11.99
2010,Este,Secundaria,15,87.46,3.01,19.36
2019,Centro,Primaria,7,100.0,5.37,8.18
2022,Costa,Primaria,6,100.0,5.93,6.57
2015,Norte,Primaria,7,97.85,4.28,12.11
2016,Costa,Secundaria,14,95.8,4.55,12.64
2011,Sur,Primaria,8,89.91,3.22,17.29
2017,Norte,Primaria,9,98.4,4.8,11.6
2018,Norte,Secundaria,12,100.0,5.15,10.14
2022,Oeste,Secundaria,13,100.0,5.92,7.05
2015,Costa,Secundaria,15,93.71,4.2,15.76
2020,Sur,Primaria,6,100.0,5.41,8.32
2022,Costa,Secundaria,12,100.0,5.95,7.29
2019,Norte,Secundaria,16,100.0,5.39,9.39
2014,Oeste,Primaria,7,93.88,3.85,13.46
2016,Oeste,Primaria,8,98.2,4.51,11.82
2013,Norte,Primaria,11,93.34,3.67,15.94
2022,Costa,Secundaria,13,100.0,5.85,8.35
2012,Norte,Primaria,11,91.3,3.57,15.72
2018,Norte,Secundaria,12,99.8,5.09,11.11
2013,Este,Secundaria,16,92.12,3.76,14.97
2010,Este,Secundaria,14,85.57,2.85,19.22
2013,Este,Primaria,6,94.25,3.87,14.94
2016,Este,Primaria,10,97.0,4.61,11.31
2017,Sur,Primaria,7,97.59,4.63,11.33
2012,Oeste,Secundaria,13,90.09,3.58,15.96
2015,Norte,Secundaria,15,95.53,4.27,14.71
2015,Oeste,Secundaria,16,92.44,4.22,14.02
2023,Oeste,Primaria,11,100.0,6.16,5.54
2019,Este,Secundaria,17,99.76,5.19,10.65
2012,Centro,Primaria,10,90.59,3.47,15.6
2011,Oeste,Primaria,11,88.62,3.2,17.87
2023,Norte,Primaria,6,100.0,6.37,3.53
2011,Este,Secundaria,12,89.16,3.24,17.54
2014,Sur,Primaria,8,91.78,4.0,14.66
2011,Sur,Secundaria,16,88.7,3.26,16.35
2016,Sur,Primaria,6,98.22,4.57,10.63
2017,Centro,Secundaria,16,99.13,4.93,10.93
2023,Oeste,Primaria,9,100.0,6.22,5.74
2015,Sur,Secundaria,17,93.68,4.22,14.44
2020,Oeste,Primaria,8,100.0,5.46,8.65
2016,Este,Secundaria,17,96.03,4.45,12.45
2023,Este,Secundaria,17,100.0,6.17,5.91
2013,Norte,Secundaria,15,93.74,3.96,14.93
2017,Costa,Secundaria,15,97.05,4.67,12.62
2011,Costa,Primaria,6,89.03,3.29,16.97
2014,Este,Primaria,6,95.26,4.14,13.15
2017,Sur,Primaria,8,98.21,4.71,10.59
2019,Sur,Primaria,10,100.0,5.15,9.7
2010,Este,Primaria,9,89.54,3.05,17.88
2019,Centro,Secundaria,14,100.0,5.47,8.36
2023,Costa,Secundaria,13,100.0,6.17,6.3
2010,Costa,Primaria,6,89.21,2.93,18.07
2012,Oeste,Secundaria,16,87.69,3.43,18.25
2011,Costa,Primaria,7,87.98,3.31,16.07
2022,Norte,Secundaria,15,100.0,6.14,5.84
2023,Sur,Secundaria,12,100.0,6.15,6.19
2014,Sur,Primaria,11,93.24,3.95,13.27
2020,Sur,Primaria,11,100.0,5.52,7.2
2020,Centro,Secundaria,15,100.0,5.5,7.86
2021,Este,Primaria,7,100.0,5.76,6.4
2015,Sur,Secundaria,14,93.46,4.23,13.59
2012,Costa,Primaria,11,90.72,3.55,17.27
2014,Sur,Primaria,9,94.19,4.0,14.95
2023,Oeste,Secundaria,14,100.0,6.11,5.39
2022,Oeste,Primaria,8,100.0,5.97,5.5
2014,Oeste,Secundaria,12,92.29,3.93,15.91
2011,Costa,Primaria,10,88.09,3.27,16.59
2011,Sur,Secundaria,13,88.27,3.23,18.15
2022,Este,Primaria,9,100.0,6.01,6.01
2015,Costa,Primaria,7,96.06,4.27,13.99
2023,Oeste,Primaria,10,100.0,6.4,5.57
2014,Sur,Secundaria,17,92.5,4.1,15.18
2020,Norte,Secundaria,12,100.0,5.65,8.3
2010,Oeste,Secundaria,12,87.2,2.98,19.08
2013,Norte,Primaria,8,94.44,3.99,14.25
2021,Centro,Primaria,8,100.0,5.8,6.88
2014,Este,Primaria,8,93.26,3.88,13.33
2022,Centro,Primaria,7,100.0,6.08,5.25
2011,Norte,Secundaria,17,89.09,3.25,16.77
2012,Centro,Secundaria,13,91.19,3.41,17.21
2019,Costa,Secundaria,15,100.0,5.16,10.56
2017,Este,Primaria,9,98.15,4.74,11.47
2019,Oeste,Primaria,9,100.0,5.19,8.56
2022,Sur,Primaria,7,100.0,5.98,6.73
2011,Oeste,Primaria,6,90.83,3.27,16.0
2015,Costa,Primaria,9,95.37,4.3,13.05
2012,Norte,Secundaria,17,90.35,3.48,16.81
2017,Oeste,Primaria,9,98.48,4.78,10.78
2013,Oeste,Primaria,7,91.76,3.85,15.17
2013,Sur,Secundaria,16,90.31,3.68,16.8
2014,Sur,Primaria,11,93.25,3.93,13.79
2016,Norte,Primaria,8,96.78,4.61,11.52
2021,Norte,Secundaria,14,100.0,5.87,7.31
2014,Centro,Primaria,11,94.5,4.1,14.01
2021,Oeste,Primaria,7,100.0,5.75,5.78
2021,Costa,Secundaria,12,100.0,5.67,7.17
2020,Este,Secundaria,14,100.0,5.38,10.91
2012,Oeste,Primaria,8,90.51,3.42,16.84
2013,Costa,Secundaria,13,89.94,3.71,16.0
2010,Este,Secundaria,17,85.91,3.01,18.71
2017,Oeste,Secundaria,16,97.99,4.68,12.07
2022,Oeste,Secundaria,14,100.0,5.89,6.49
2023,Oeste,Secundaria,17,100.0,6.24,5.63
2012,Costa,Secundaria,14,89.94,3.53,16.59
2016,Centro,Secundaria,16,98.24,4.57,12.12
2017,Oeste,Secundaria,17,97.58,4.69,11.59
2023,Oeste,Primaria,8,100.0,6.23,4.68
2019,Centro,Primaria,10,100.0,5.3,10.83
2013,Centro,Secundaria,17,93.62,3.88,15.84
2014,Costa,Secundaria,14,92.72,3.95,14.2
2019,Costa,Primaria,11,100.0,5.09,9.34
2023,Centro,Primaria,10,100.0,6.49,4.2
2018,Norte,Primaria,10,100.0,5.1,9.18
2014,Este,Secundaria,16,95.11,4.09,14.84
2012,Norte,Secundaria,16,91.53,3.56,18.0
2012,Sur,Secundaria,13,88.84,3.43,15.47
2012,Sur,Secundaria,15,89.93,3.45,17.76
2010,Centro,Primaria,9,89.86,3.11,17.61
2023,Este,Secundaria,13,100.0,6.26,4.83
2022,Centro,Primaria,6,100.0,6.03,5.38
2015,Oeste,Primaria,11,95.76,4.27,11.18
2013,Costa,Secundaria,14,92.18,3.75,14.9
2017,Norte,Primaria,7,100.0,4.98,11.24
2022,Norte,Primaria,9,100.0,6.01,5.19
2017,Centro,Secundaria,16,97.68,4.82,10.06
2016,Norte,Secundaria,15,97.89,4.57,12.78
2021,Sur,Secundaria,16,100.0,5.54,9.57
2023,Oeste,Secundaria,16,100.0,6.15,7.25
2023,Este,Secundaria,17,100.0,6.11,5.32
2011,Centro,Primaria,7,92.42,3.29,16.29
2015,Norte,Primaria,6,96.16,4.33,12.51
2021,Norte,Primaria,6,100.0,5.83,7.03
2012,Costa,Primaria,9,92.34,3.58,15.0
2023,Oeste,Secundaria,12,100.0,6.24,6.3
2020,Norte,Primaria,6,100.0,5.65,8.17
2019,Sur,Primaria,10,99.99,5.24,8.92
2019,Sur,Secundaria,13,100.0,5.02,11.07
2011,Costa,Secundaria,12,87.19,3.26,18.81
2017,Sur,Primaria,10,96.53,4.57,11.52
2023,Este,Primaria,10,100.0,6.32,5.48
2015,Costa,Secundaria,15,93.74,4.35,13.09
2021,Norte,Secundaria,13,100.0,5.93,7.12
2018,Costa,Primaria,11,99.95,5.02,9.88
2012,Centro,Primaria,8,93.54,3.6,15.41
2014,Norte,Primaria,11,93.84,3.96,14.45
2023,Sur,Secundaria,13,100.0,6.26,5.99
2012,Costa,Secundaria,16,89.68,3.52,16.76
2011,Este,Secundaria,17,88.97,3.25,17.94
2011,Centro,Primaria,6,90.86,3.24,17.46
2011,Norte,Primaria,10,88.98,3.21,16.38
2017,Centro,Primaria,10,100.0,4.81,10.09
2010,Sur,Secundaria,16,87.32,3.01,18.71
2023,Sur,Primaria,7,100.0,6.2,5.67
2018,Norte,Primaria,6,100.0,5.0,9.37
2019,Centro,Primaria,8,100.0,5.41,8.77
2015,Sur,Primaria,11,96.08,4.28,12.55
2015,Oeste,Primaria,10,94.98,4.24,12.85
2011,Oeste,Primaria,6,89.61,3.2,17.58
2014,Este,Primaria,9,94.42,4.04,13.84
2016,Sur,Primaria,9,97.48,4.44,11.94
2011,Norte,Secundaria,16,88.79,3.37,17.7
2022,Centro,Primaria,11,100.0,6.01,6.06
2016,Este,Secundaria,13,96.73,4.62,11.79
2011,Costa,Primaria,9,90.04,3.25,15.26
2014,Sur,Primaria,6,94.86,4.13,14.4
2018,Oeste,Secundaria,16,96.24,4.8,11.14
2019,Norte,Secundaria,15,100.0,5.25,9.81
2012,Norte,Secundaria,14,89.8,3.45,17.2
2014,Este,Secundaria,17,94.7,4.03,13.59
2017,Costa,Secundaria,17,97.06,4.78,12.18
2021,Centro,Primaria,6,100.0,5.8,7.45
2014,Sur,Primaria,9,94.39,3.96,13.75
2019,Costa,Secundaria,14,100.0,5.26,9.75
2013,Este,Secundaria,16,90.15,3.71,17.46
2017,Este,Secundaria,17,97.02,4.77,10.92
2010,Oeste,Secundaria,15,86.25,2.88,18.5
2017,Costa,Secundaria,15,97.19,4.71,11.85
2018,Oeste,Primaria,9,98.74,4.93,10.13
2021,Este,Primaria,8,100.0,5.72,6.44
2016,Este,Primaria,10,96.79,4.43,12.28
2012,Norte,Primaria,10,92.49,3.6,15.2
2019,Este,Secundaria,14,100.0,5.27,10.53
2020,Costa,Secundaria,12,100.0,5.64,9.05
2012,Oeste,Secundaria,13,88.74,3.3,18.76
2022,Este,Secundaria,16,100.0,6.01,8.11
2023,Este,Secundaria,15,100.0,6.28,5.55
2015,Sur,Primaria,6,95.31,4.24,12.76
2010,Sur,Secundaria,14,88.36,2.97,20.01
2020,Oeste,Primaria,6,100.0,5.66,8.11
2012,Este,Secundaria,17,90.33,3.46,17.62
2011,Norte,Secundaria,17,88.21,3.19,17.28
2018,Este,Secundaria,13,99.26,5.07,11.35
2019,Oeste,Primaria,6,100.0,5.15,9.91
2011,Sur,Primaria,10,88.88,3.21,16.68
2011,Oeste,Primaria,7,88.72,3.2,17.65
2013,Oeste,Primaria,9,94.0,3.89,14.19
2013,Sur,Secundaria,16,90.26,3.62,16.53
2017,Oeste,Secundaria,16,97.31,4.85,11.67
2010,Sur,Secundaria,14,88.0,2.98,18.51
2020,Este,Primaria,11,100.0,5.54,7.94
2020,Oeste,Secundaria,15,100.0,5.48,8.51
2022,Centro,Secundaria,14,100.0,6.01,7.14
2021,Norte,Secundaria,14,100.0,5.82,7.54
2014,Centro,Secundaria,12,94.12,4.11,16.01
2018,Centro,Primaria,7,100.0,5.07,9.41
2019,Oeste,Secundaria,12,98.42,5.12,10.16
2019,Sur,Primaria,7,100.0,5.15,8.36
2010,Este,Secundaria,14,88.67,3.0,17.86
2020,Centro,Primaria,9,100.0,5.58,7.37
2022,Costa,Primaria,9,100.0,5.88,6.78
2014,Costa,Secundaria,13,92.95,4.01,13.53
2019,Norte,Secundaria,13,100.0,5.41,8.41
2012,Centro,Secundaria,16,91.95,3.58,17.36
2022,Centro,Primaria,10,100.0,6.21,6.29
2012,Centro,Primaria,8,91.11,3.62,15.42
2012,Este,Secundaria,16,90.14,3.49,17.43
2014,Centro,Secundaria,17,93.45,4.02,13.97
2016,Este,Primaria,11,96.71,4.42,13.63
2016,Norte,Secundaria,16,95.74,4.51,12.84
2020,Costa,Secundaria,16,100.0,5.48,9.72
2020,Norte,Primaria,7,100.0,5.49,8.12
2010,Oeste,Primaria,11,87.47,2.95,18.03
2014,Este,Secundaria,15,94.96,4.16,12.99
2021,Costa,Secundaria,16,100.0,5.59,8.18
2014,Este,Primaria,8,95.24,4.04,15.91
2019,Costa,Secundaria,14,100.0,5.26,10.27
2014,Sur,Primaria,8,93.61,3.98,14.73
2021,Norte,Primaria,7,100.0,5.85,6.73
2018,Este,Secundaria,15,99.97,5.02,10.93
2012,Oeste,Primaria,6,90.23,3.44,17.07
2015,Costa,Primaria,9,96.03,4.23,12.66
2020,Centro,Primaria,10,100.0,5.52,7.49
2012,Este,Primaria,8,90.18,3.47,16.55
2017,Norte,Secundaria,12,99.43,4.83,11.88
2023,Este,Primaria,6,100.0,6.28,4.78
2012,Oeste,Secundaria,14,89.8,3.49,17.24
2015,Este,Secundaria,14,94.18,4.21,14.4
2011,Costa,Primaria,6,89.38,3.15,17.38
2019,Sur,Secundaria,17,100.0,5.37,9.5
2022,Sur,Primaria,9,100.0,5.99,6.31
2018,Sur,Primaria,8,98.69,5.02,9.89
2015,Norte,Primaria,10,97.25,4.34,12.65
2010,Norte,Secundaria,14,87.77,3.13,18.58
2013,Sur,Primaria,7,91.53,3.78,13.87
2022,Sur,Secundaria,15,100.0,6.06,6.42
2015,Este,Primaria,10,95.83,4.27,13.08
2010,Centro,Primaria,8,88.86,3.14,17.71
2019,Sur,Secundaria,17,99.67,5.27,10.2
2013,Centro,Secundaria,17,92.16,3.72,15.54
2011,Este,Secundaria,13,86.44,3.27,18.35
2010,Norte,Secundaria,16,87.66,3.1,19.06
2012,Costa,Secundaria,13,88.48,3.43,17.12
2023,Sur,Secundaria,13,100.0,6.15,5.54
2019,Oeste,Primaria,8,100.0,5.31,8.51
2023,Norte,Primaria,8,100.0,6.36,4.43
2022,Oeste,Secundaria,16,100.0,5.97,7.69
2023,Centro,Primaria,9,100.0,6.31,4.54
2019,Norte,Primaria,8,100.0,5.34,9.01
2010,Este,Primaria,8,89.83,3.29,16.35
2023,Norte,Primaria,8,100.0,6.33,5.68
2016,Oeste,Secundaria,13,93.78,4.39,12.86
2013,Costa,Secundaria,17,90.44,3.62,16.12
2020,Centro,Primaria,9,100.0,5.69,7.82
2014,Este,Secundaria,12,93.17,4.06,14.72
2015,Centro,Primaria,10,97.28,4.27,11.46
2015,Costa,Primaria,6,95.39,4.36,12.5
2013,Oeste,Secundaria,13,91.07,3.83,16.44
2015,Este,Secundaria,13,93.54,4.21,12.39
2015,Norte,Secundaria,13,94.2,4.27,13.95
2013,Oeste,Secundaria,14,89.26,3.76,14.57
2020,Costa,Secundaria,16,100.0,5.5,8.13
2021,Oeste,Secundaria,12,100.0,5.76,6.31
2017,Costa,Secundaria,16,98.37,4.84,12.04
2013,Norte,Primaria,6,92.88,3.78,15.52
2016,Norte,Primaria,9,99.27,4.6,12.1
2015,Norte,Secundaria,15,94.42,4.22,16.01
2016,Costa,Primaria,7,96.67,4.55,11.49
2016,Este,Secundaria,17,96.17,4.61,12.28
2013,Oeste,Secundaria,17,90.54,3.5,17.4
2023,Norte,Primaria,10,100.0,6.23,4.08
2019,Norte,Secundaria,17,100.0,5.35,9.43
2014,Sur,Secundaria,13,91.25,3.82,14.56
2015,Centro,Primaria,8,96.48,4.35,13.22
2019,Sur,Secundaria,13,100.0,5.25,10.45
2019,Centro,Primaria,11,100.0,5.36,8.74
2014,Sur,Primaria,9,94.14,4.0,13.33
2014,Centro,Primaria,10,95.84,4.09,12.22
2021,Este,Secundaria,12,100.0,5.86,6.76
2011,Sur,Primaria,10,88.11,3.17,17.84
2015,Sur,Primaria,10,93.68,4.16,12.53
2020,Sur,Secundaria,16,100.0,5.37,9.26
2010,Este,Secundaria,16,85.91,2.88,18.89
2023,Oeste,Primaria,9,100.0,6.21,6.09
2017,Este,Primaria,11,99.12,4.78,10.14
2014,Oeste,Secundaria,16,93.36,3.96,15.76
2014,Centro,Primaria,10,94.48,4.02,13.17
2014,Este,Primaria,10,94.84,3.99,13.75
2013,Norte,Secundaria,12,93.03,3.9,15.72
2020,Oeste,Primaria,11,100.0,5.49,7.86
2014,Costa,Primaria,9,93.41,4.1,12.59
2017,Costa,Primaria,8,99.86,4.78,10.48
2010,Este,Primaria,6,88.42,2.99,18.02
2011,Costa,Primaria,7,89.95,3.43,16.12
2020,Costa,Secundaria,16,100.0,5.43,9.54
2015,Este,Primaria,8,94.28,4.14,13.67
2017,Norte,Secundaria,12,98.9,4.77,11.7
2014,Oeste,Primaria,8,94.6,3.99,14.41
2018,Norte,Secundaria,16,100.0,5.14,9.49
2022,Centro,Secundaria,12,100.0,6.12,5.97
2017,Norte,Primaria,11,99.35,4.78,9.51
2016,Sur,Primaria,11,96.88,4.56,11.04
2015,Costa,Secundaria,12,95.59,4.28,13.24
2019,Oeste,Primaria,11,100.0,5.24,7.83
2016,Este,Secundaria,12,95.72,4.49,12.85
2011,Norte,Primaria,11,91.11,3.46,17.71
2016,Costa,Primaria,6,98.53,4.6,12.75
2023,Este,Primaria,8,100.0,6.21,5.19
2022,Centro,Primaria,10,100.0,6.2,5.76
2016,Norte,Secundaria,13,96.01,4.6,11.8
2014,Norte,Primaria,11,96.6,4.06,14.19
2023,Centro,Primaria,7,100.0,6.44,3.94
2012,Este,Primaria,9,91.16,3.48,16.41
2016,Centro,Secundaria,16,97.48,4.61,11.88
2011,Sur,Primaria,7,89.47,3.3,17.46
2017,Sur,Primaria,9,99.78,4.72,11.85
2014,Este,Primaria,10,94.66,3.92,15.28
2019,Norte,Secundaria,12,100.0,5.27,9.44
2018,Centro,Primaria,7,100.0,5.12,9.03
2014,Oeste,Secundaria,15,94.15,3.92,15.86
2018,Norte,Primaria,9,100.0,5.08,9.91
2017,Costa,Secundaria,17,98.41,4.81,12.15
2020,Costa,Secundaria,17,100.0,5.46,10.09
2017,Centro,Secundaria,16,98.92,4.75,11.18
2019,Este,Primaria,8,100.0,5.3,9.08
2015,Este,Primaria,9,97.28,4.41,12.23
2011,Este,Primaria,7,89.05,3.27,16.82
2021,Oeste,Primaria,11,100.0,5.76,7.28
2015,Centro,Secundaria,17,96.22,4.4,13.72
2011,Costa,Secundaria,13,89.52,3.28,18.79
2015,Sur,Secundaria,17,93.09,4.1,15.21
2020,Centro,Secundaria,16,100.0,5.64,9.63
2011,Centro,Secundaria,14,89.42,3.4,17.52
2013,Oeste,Primaria,10,92.61,3.67,14.03
2018,Este,Secundaria,12,100.0,5.06,10.71
2010,Costa,Secundaria,16,85.81,2.94,18.25
2020,Este,Secundaria,13,100.0,5.44,9.1
2017,Este,Primaria,6,97.46,4.71,11.37
2010,Sur,Primaria,8,87.72,3.04,17.84
2015,Este,Primaria,10,94.67,4.35,13.94
2017,Sur,Secundaria,13,96.76,4.72,11.43
2011,Sur,Primaria,8,89.03,3.34,16.16
2011,Costa,Primaria,10,89.39,3.19,17.6
2014,Centro,Primaria,9,95.77,4.17,13.68
2020,Oeste,Primaria,7,100.0,5.44,8.9
2016,Costa,Secundaria,12,95.54,4.34,13.52
2017,Este,Primaria,8,99.47,4.84,10.87
2015,Este,Secundaria,14,95.4,4.3,14.19
2010,Centro,Secundaria,14,88.54,2.99,19.1
2014,Sur,Primaria,7,93.4,3.92,14.64
2017,Costa,Primaria,10,98.34,4.79,10.49
2021,Norte,Primaria,10,100.0,5.8,5.3
2013,Norte,Secundaria,15,93.51,3.89,15.08
2010,Oeste,Primaria,7,85.23,2.85,19.06
2012,Costa,Secundaria,16,90.45,3.68,15.39
2022,Centro,Primaria,10,100.0,6.09,5.2
2019,Norte,Secundaria,16,100.0,5.27,10.68
2015,Costa,Primaria,7,96.12,4.21,13.72
2015,Oeste,Primaria,10,94.99,4.17,13.65
2015,Este,Primaria,9,95.32,4.15,13.32
2022,Sur,Secundaria,16,100.0,5.86,7.02
2011,Sur,Primaria,9,88.89,3.22,17.27
2022,Sur,Secundaria,15,100.0,6.02,5.56
2014,Norte,Primaria,11,93.75,3.98,13.73
2021,Este,Primaria,7,100.0,5.81,8.03
2018,Este,Secundaria,12,98.32,4.99,11.38
2015,Oeste,Secundaria,12,94.79,4.4,12.49
2021,Centro,Primaria,11,100.0,5.9,6.74
2022,Este,Secundaria,15,100.0,6.09,7.01
2017,Este,Secundaria,13,96.11,4.8,11.25
2011,Centro,Primaria,6,92.03,3.39,16.78
2023,Centro,Primaria,11,100.0,6.33,3.74
2020,Costa,Primaria,11,100.0,5.44,7.92
2016,Oeste,Primaria,10,98.85,4.61,11.16
2015,Sur,Secundaria,16,94.0,4.31,14.53
2010,Oeste,Secundaria,16,85.29,3.06,18.41
2022,Sur,Secundaria,14,100.0,5.87,6.96
2015,Este,Primaria,9,95.75,4.28,12.46
2010,Oeste,Primaria,10,87.85,3.03,17.87
2011,Sur,Secundaria,17,88.35,3.21,19.19
2018,Este,Secundaria,14,97.67,4.88,11.72
2021,Norte,Primaria,6,100.0,5.82,6.64
2010,Sur,Primaria,9,85.51,2.84,18.62
2022,Costa,Primaria,8,100.0,5.91,7.23
2014,Oeste,Secundaria,13,92.32,4.02,13.42
2011,Oeste,Secundaria,17,86.53,2.97,16.81
2017,Centro,Primaria,7,100.0,4.94,9.97
2012,Costa,Primaria,11,89.85,3.42,15.75
2011,Costa,Secundaria,16,87.91,3.21,17.79
2011,Norte,Primaria,8,90.68,3.31,16.99
2019,Costa,Primaria,8,99.93,5.22,7.95
2016,Sur,Primaria,10,97.49,4.43,12.93
2017,Centro,Primaria,10,100.0,4.79,10.77
2013,Norte,Secundaria,14,92.54,3.84,14.47
2013,Este,Primaria,9,92.89,3.69,15.38
2014,Sur,Secundaria,12,92.73,3.94,14.74
2017,Costa,Secundaria,12,96.33,4.75,12.29
2014,Este,Secundaria,12,92.71,4.0,13.52
2016,Centro,Secundaria,13,98.09,4.7,11.08
2011,Este,Secundaria,13,88.33,3.26,19.34
2010,Sur,Primaria,9,88.29,2.91,17.84
2021,Centro,Secundaria,17,100.0,6.02,6.93
2019,Costa,Secundaria,12,100.0,5.37,10.2
2023,Costa,Primaria,6,100.0,6.3,6.01
2020,Sur,Primaria,11,100.0,5.43,9.08
2021,Centro,Primaria,6,100.0,5.97,5.61
2022,Centro,Primaria,6,100.0,6.13,5.84
2018,Este,Primaria,6,99.2,5.01,10.38
2023,Centro,Secundaria,12,100.0,6.34,6.39
2022,Oeste,Secundaria,17,100.0,6.05,7.28
2015,Costa,Primaria,8,95.09,4.27,12.41
2019,Sur,Secundaria,17,98.81,5.15,9.49
2019,Oeste,Primaria,11,99.7,5.05,10.85
2019,Norte,Primaria,9,100.0,5.39,7.59
2018,Costa,Primaria,7,97.98,5.01,10.41
2022,Sur,Secundaria,15,100.0,6.02,7.24
2010,Norte,Primaria,6,90.01,3.09,16.76
2010,Centro,Primaria,11,88.61,3.18,17.08
2020,Norte,Secundaria,13,100.0,5.62,7.67
2012,Norte,Secundaria,17,89.33,3.57,17.56
2013,Sur,Primaria,10,91.41,3.69,14.58
2017,Este,Secundaria,17,95.84,4.62,12.7
2015,Oeste,Secundaria,17,92.55,4.1,14.23
2019,Oeste,Secundaria,16,100.0,5.39,10.11
2018,Este,Primaria,6,99.32,4.96,10.58
2022,Costa,Secundaria,17,100.0,5.95,7.56
2017,Norte,Secundaria,15,97.33,4.99,10.98
2013,Sur,Primaria,6,90.62,3.72,16.19
2013,Sur,Primaria,8,91.76,3.54,15.46
2013,Norte,Primaria,7,92.79,3.62,16.22
2022,Oeste,Primaria,7,100.0,5.84,6.96
2012,Centro,Secundaria,14,91.06,3.57,16.69
2011,Este,Secundaria,12,89.33,3.34,17.51
2018,Oeste,Secundaria,13,98.82,5.01,9.4
2018,Centro,Primaria,7,100.0,5.06,10.47
2020,Centro,Secundaria,15,100.0,5.67,8.55
2012,Este,Primaria,8,90.84,3.41,17.58
2023,Centro,Secundaria,13,100.0,6.32,5.84
2022,Costa,Secundaria,13,100.0,6.09,5.95
2020,Este,Primaria,7,100.0,5.75,7.64
2023,Centro,Primaria,9,100.0,6.29,4.08
2014,Centro,Primaria,6,96.27,4.01,13.42
2019,Este,Secundaria,14,100.0,5.29,9.89
2014,Este,Secundaria,16,93.6,4.04,13.74
2022,Este,Primaria,8,100.0,6.09,6.63
2012,Costa,Secundaria,16,92.36,3.55,16.94
2020,Sur,Secundaria,16,100.0,5.58,8.23
2016,Sur,Primaria,10,97.56,4.6,10.82
2019,Sur,Primaria,6,100.0,5.26,9.89
2021,Sur,Primaria,9,100.0,5.62,7.55
2020,Este,Secundaria,17,100.0,5.51,10.4
2014,Centro,Secundaria,17,94.54,4.12,13.89
2022,Este,Secundaria,15,100.0,6.01,6.67
2019,Norte,Primaria,7,100.0,5.42,7.9
2013,Sur,Secundaria,13,92.92,3.76,15.04
2014,Este,Secundaria,16,93.51,4.05,14.61
2020,Este,Primaria,8,100.0,5.53,7.83
2019,Este,Secundaria,12,100.0,5.35,11.0
2012,Norte,Primaria,7,91.92,3.52,15.75
2015,Este,Secundaria,12,94.8,4.18,14.51
2016,Costa,Secundaria,17,96.29,4.47,13.06
2014,Este,Primaria,6,93.73,3.95,13.43
2014,Oeste,Primaria,10,94.0,3.94,13.96
2010,Centro,Secundaria,17,86.52,2.9,20.53
2018,Norte,Secundaria,14,100.0,5.07,11.11
2021,Oeste,Primaria,10,100.0,5.67,8.0
2018,Sur,Secundaria,12,100.0,5.01,10.12
2011,Este,Primaria,10,91.21,3.36,17.67
2022,Sur,Primaria,9,100.0,6.0,6.02
2019,Norte,Primaria,9,100.0,5.2,8.58
2021,Norte,Primaria,9,100.0,5.84,6.19
2015,Oeste,Primaria,10,94.81,4.25,12.97
2010,Este,Secundaria,13,85.42,2.94,19.28
2012,Norte,Secundaria,13,92.56,3.61,16.61
2012,Sur,Secundaria,12,89.11,3.38,18.24
2010,Centro,Primaria,10,88.79,2.98,18.63
2010,Norte,Primaria,7,87.27,3.11,16.66
2014,Costa,Primaria,10,95.81,3.96,14.7
2019,Centro,Primaria,10,100.0,5.52,6.18
2016,Oeste,Secundaria,14,95.98,4.49,13.1
2014,Este,Secundaria,17,92.73,3.98,14.86
2010,Sur,Primaria,10,88.07,2.96,17.6
2023,Centro,Secundaria,15,100.0,6.35,6.27
2023,Este,Primaria,11,100.0,6.26,5.02
2013,Este,Secundaria,17,90.68,3.7,16.14
2012,Centro,Primaria,11,92.48,3.54,15.3
2023,Oeste,Primaria,7,100.0,6.35,5.05
2022,Norte,Primaria,9,100.0,6.01,5.5
2020,Sur,Primaria,6,100.0,5.58,6.82
2020,Oeste,Primaria,9,100.0,5.41,8.15
2020,Este,Secundaria,17,100.0,5.59,9.03
2020,Sur,Secundaria,12,100.0,5.45,8.67
2018,Este,Secundaria,16,99.25,5.14,11.61
2021,Este,Secundaria,17,100.0,5.79,7.5
2022,Este,Primaria,7,100.0,6.03,6.65
2017,Sur,Secundaria,17,94.83,4.66,12.64
2013,Centro,Primaria,9,94.49,3.87,15.46
2018,Oeste,Primaria,8,100.0,5.03,9.6
2022,Sur,Primaria,9,100.0,6.02,6.52
2012,Centro,Secundaria,15,92.27,3.59,17.37
2022,Sur,Secundaria,17,100.0,5.95,6.34
2015,Sur,Secundaria,14,92.39,4.19,13.59
2018,Este,Primaria,7,98.67,4.86,9.36
2010,Costa,Primaria,8,88.09,3.02,17.7
2019,Centro,Secundaria,16,100.0,5.25,9.15
2020,Oeste,Primaria,6,100.0,5.48,8.9
2013,Costa,Secundaria,14,90.49,3.71,14.83
2012,Costa,Primaria,7,90.67,3.46,15.41
2016,Oeste,Secundaria,13,96.07,4.47,11.67
2011,Costa,Primaria,11,89.01,3.15,16.38
2018,Este,Secundaria,13,100.0,5.03,11.21
2022,Este,Primaria,6,100.0,6.15,4.78
2014,Oeste,Primaria,10,94.83,4.1,13.25
2019,Costa,Primaria,7,100.0,5.4,9.36
2010,Centro,Secundaria,12,88.05,3.2,18.61
2014,Costa,Secundaria,17,94.91,4.04,14.93
2023,Sur,Primaria,7,100.0,6.36,4.88
2018,Este,Primaria,7,99.93,5.03,9.98
2021,Centro,Secundaria,14,100.0,5.93,8.72
2015,Costa,Primaria,7,95.04,4.3,13.51
2015,Centro,Primaria,10,97.35,4.37,12.99
2019,Costa,Secundaria,14,99.65,5.19,10.83
2017,Este,Primaria,7,99.1,4.8,11.74
2018,Oeste,Primaria,9,100.0,5.13,9.8
2018,Norte,Secundaria,14,100.0,5.11,10.49
2018,Sur,Primaria,6,99.25,4.93,9.82
2023,Oeste,Secundaria,17,100.0,6.25,6.27
2021,Sur,Primaria,8,100.0,5.68,6.94
2017,Sur,Secundaria,13,97.34,4.7,13.27
2015,Norte,Secundaria,17,94.14,4.26,13.67
2020,Este,Secundaria,17,100.0,5.59,8.53
2018,Sur,Secundaria,16,99.02,4.93,11.12
2021,Oeste,Secundaria,13,100.0,5.72,6.83
2020,Oeste,Secundaria,16,100.0,5.47,7.93
2011,Costa,Secundaria,15,89.35,3.13,19.04
2020,Oeste,Secundaria,15,100.0,5.6,8.78
2018,Norte,Primaria,10,100.0,5.22,9.61
2011,Este,Primaria,11,89.78,3.23,16.06
2023,Norte,Primaria,8,100.0,6.54,4.13
2012,Oeste,Secundaria,14,89.98,3.49,16.47
2021,Oeste,Secundaria,17,100.0,5.69,8.69
2015,Costa,Secundaria,13,93.82,4.28,13.58
2022,Costa,Secundaria,12,100.0,6.04,6.41
2021,Costa,Secundaria,12,100.0,5.71,7.75
2012,Norte,Primaria,8,93.47,3.61,15.95
2018,Norte,Secundaria,13,99.68,4.98,11.47
2020,Oeste,Primaria,8,100.0,5.54,6.74
2022,Costa,Primaria,11,100.0,5.95,5.88
2013,Norte,Secundaria,17,91.75,3.71,15.23
2016,Centro,Primaria,6,99.03,4.6,10.93
2022,Oeste,Primaria,8,100.0,5.88,6.91
2022,Oeste,Primaria,6,100.0,6.05,5.55
2020,Norte,Primaria,6,100.0,5.7,5.31
2016,Este,Primaria,10,97.22,4.44,12.36
2015,Oeste,Secundaria,15,93.75,4.19,14.45
2020,Centro,Secundaria,13,100.0,5.51,10.68
2018,Este,Secundaria,13,99.92,4.93,11.01
2013,Centro,Secundaria,17,92.91,3.78,15.73
2016,Oeste,Secundaria,14,95.61,4.47,14.95
2017,Centro,Primaria,7,99.07,4.74,11.65
2023,Sur,Secundaria,13,100.0,6.26,5.55
2010,Costa,Secundaria,17,87.93,3.18,18.77
2017,Norte,Secundaria,15,98.49,4.75,11.78
2022,Norte,Secundaria,15,100.0,6.08,6.29
2011,Sur,Primaria,7,88.83,3.16,16.58
2020,Norte,Secundaria,16,100.0,5.37,10.78
2017,Sur,Primaria,11,97.11,4.54,12.32
2012,Oeste,Primaria,7,92.05,3.62,15.4
2010,Norte,Secundaria,14,88.92,3.07,17.63
2023,Sur,Secundaria,13,100.0,6.33,5.07
2011,Sur,Primaria,9,89.3,3.21,14.9
2021,Costa,Secundaria,15,100.0,5.82,8.81
2016,Oeste,Primaria,8,96.81,4.57,11.02
2013,Oeste,Secundaria,15,90.43,3.69,16.21
2016,Este,Secundaria,17,99.41,4.64,12.62
2012,Oeste,Primaria,10,91.21,3.58,16.26
2010,Centro,Secundaria,17,88.89,3.08,18.44
2022,Costa,Secundaria,16,100.0,6.01,6.37
2014,Este,Secundaria,17,92.19,3.94,15.95
2020,Este,Secundaria,14,100.0,5.66,9.41
2014,Oeste,Primaria,11,93.19,3.9,13.76
2013,Oeste,Secundaria,17,92.7,3.73,16.26
2014,Centro,Primaria,9,95.34,4.06,14.2
2012,Sur,Primaria,9,89.37,3.42,15.99
2016,Costa,Secundaria,16,97.08,4.58,12.88
2013,Norte,Secundaria,17,93.05,3.84,15.78
2010,Oeste,Secundaria,14,87.37,3.07,17.97
2017,Costa,Secundaria,13,96.46,4.75,11.81
2010,Norte,Primaria,6,89.52,3.17,17.23
2016,Costa,Secundaria,13,96.49,4.42,12.95
2013,Este,Secundaria,16,91.48,3.72,16.35
2023,Costa,Primaria,10,100.0,5.98,6.65
2020,Norte,Primaria,11,100.0,5.68,8.54
2013,Costa,Secundaria,13,91.83,3.84,14.03
2023,Oeste,Primaria,6,100.0,6.12,4.88
2014,Centro,Primaria,8,96.13,4.02,13.67
2020,Norte,Primaria,8,100.0,5.57,7.93
2016,Este,Secundaria,14,95.35,4.44,13.77
2011,Oeste,Secundaria,17,87.86,3.33,16.11
2022,Sur,Secundaria,12,100.0,6.09,6.52
2021,Norte,Secundaria,14,100.0,5.85,6.0
2017,Oeste,Secundaria,14,97.41,4.75,12.8
2021,Costa,Secundaria,15,100.0,5.73,8.0
2012,Sur,Secundaria,16,88.98,3.35,17.1
2021,Norte,Secundaria,13,100.0,5.7,7.36
2017,Sur,Primaria,6,98.28,4.64,11.03
2020,Oeste,Secundaria,15,100.0,5.47,8.93
2023,Este,Primaria,7,100.0,6.37,4.49
2013,Centro,Secundaria,17,92.13,3.8,15.01
2020,Costa,Primaria,8,100.0,5.53,7.63
2016,Sur,Primaria,6,98.21,4.61,12.42
2021,Centro,Primaria,11,100.0,6.0,6.78
2016,Oeste,Secundaria,17,94.36,4.56,12.23
2022,Costa,Primaria,10,100.0,6.08,5.01
2010,Sur,Primaria,10,86.66,2.76,18.47
2016,Norte,Secundaria,15,96.23,4.54,13.82
2017,Sur,Primaria,7,98.85,4.72,12.19
2014,Norte,Primaria,7,94.46,4.08,13.04
2013,Sur,Primaria,8,91.74,3.77,14.9
2022,Costa,Secundaria,13,100.0,6.08,7.17
2023,Norte,Primaria,11,100.0,6.37,4.5
2018,Sur,Secundaria,16,97.19,4.87,11.28
2019,Centro,Secundaria,17,100.0,5.31,8.4
2023,Sur,Secundaria,16,100.0,6.13,6.45
2021,Norte,Primaria,7,100.0,5.92,7.1
2012,Oeste,Secundaria,14,89.76,3.51,16.59
2010,Sur,Secundaria,13,87.23,3.06,17.82
2019,Centro,Primaria,11,100.0,5.37,8.92
2019,Norte,Primaria,10,100.0,5.24,9.61
2010,Norte,Primaria,11,88.08,3.07,17.3
2021,Centro,Primaria,11,100.0,5.77,5.82
2010,Oeste,Secundaria,17,86.59,2.86,19.53
2016,Oeste,Secundaria,12,96.1,4.35,12.63
2014,Oeste,Secundaria,16,94.02,4.05,15.2
2013,Este,Secundaria,14,92.63,3.75,16.17
2018,Oeste,Primaria,7,98.89,4.89,10.26
2016,Oeste,Secundaria,16,95.89,4.43,13.23
2022,Norte,Primaria,8,100.0,6.07,4.87
2017,Centro,Secundaria,15,99.26,4.84,11.16
2021,Oeste,Primaria,10,100.0,5.7,6.02
2016,Oeste,Primaria,9,97.25,4.43,13.09
2014,Costa,Primaria,9,95.37,4.06,12.97
2014,Oeste,Primaria,8,92.85,3.94,13.62
2016,Costa,Primaria,7,97.6,4.65,10.47
2019,Sur,Primaria,9,99.96,5.13,9.48
2016,Norte,Secundaria,12,94.31,4.35,14.33
2022,Oeste,Primaria,6,100.0,5.9,6.65
2022,Costa,Primaria,9,100.0,6.04,5.74
2013,Costa,Primaria,11,91.81,3.77,15.09
2015,Oeste,Secundaria,16,93.65,4.28,14.93
2022,Oeste,Primaria,8,100.0,6.04,5.33
2016,Costa,Secundaria,14,97.47,4.64,11.98
2010,Este,Secundaria,12,87.57,2.98,18.68
2015,Costa,Secundaria,16,94.5,4.34,13.86
2019,Costa,Secundaria,14,100.0,5.27,9.43
2012,Centro,Secundaria,13,92.56,3.59,16.39
2014,Norte,Primaria,9,94.67,4.21,13.35
2017,Sur,Primaria,6,100.0,4.82,11.34
2017,Norte,Primaria,7,99.44,4.7,12.06
2016,Este,Primaria,11,97.73,4.6,11.08
2014,Centro,Primaria,10,95.79,4.17,12.88
2012,Costa,Secundaria,16,88.96,3.4,16.81
2011,Costa,Secundaria,15,88.37,3.19,18.31
2016,Norte,Secundaria,12,99.23,4.56,12.49
2012,Norte,Primaria,11,90.53,3.56,16.11
2023,Oeste,Primaria,7,100.0,6.31,5.31
2023,Norte,Secundaria,12,100.0,6.42,4.16
2010,Centro,Secundaria,12,86.58,3.0,19.19
2015,Norte,Primaria,11,95.27,4.11,13.27
2014,Oeste,Secundaria,13,92.06,3.91,15.44
2023,Oeste,Secundaria,12,100.0,6.26,5.72
2010,Este,Secundaria,13,87.42,3.05,18.35
2017,Norte,Secundaria,17,100.0,4.94,11.42
2022,Centro,Primaria,7,100.0,6.21,5.92
2022,Oeste,Secundaria,17,100.0,6.07,6.17
2015,Centro,Primaria,11,96.95,4.27,13.23
2016,Oeste,Primaria,9,96.7,4.59,12.48
2016,Oeste,Primaria,9,96.23,4.41,12.0
2023,Norte,Secundaria,15,100.0,6.46,5.5
2018,Este,Primaria,6,100.0,5.11,10.04
2016,Costa,Primaria,11,97.38,4.55,10.89
2011,Sur,Secundaria,12,89.99,3.27,16.94
2013,Sur,Secundaria,15,90.55,3.75,15.39
2010,Costa,Primaria,7,87.12,2.99,17.64
2012,Oeste,Secundaria,17,90.18,3.37,18.27
2018,Oeste,Primaria,6,99.26,5.05,9.03
2011,Este,Primaria,10,88.99,3.33,17.61
2021,Sur,Primaria,9,100.0,5.75,6.3
2011,Este,Primaria,8,90.08,3.26,15.96
2020,Costa,Primaria,10,100.0,5.58,7.29
2019,Este,Primaria,11,100.0,5.23,8.4
2012,Oeste,Secundaria,13,89.35,3.37,17.13
2015,Norte,Primaria,10,96.06,4.42,12.47
2016,Costa,Primaria,9,97.63,4.49,11.19
2022,Este,Secundaria,13,100.0,5.98,6.59
2011,Centro,Primaria,9,90.54,3.32,17.42
2012,Sur,Secundaria,15,89.96,3.58,15.98
2015,Oeste,Secundaria,12,95.38,4.26,15.14
2023,Este,Primaria,7,100.0,6.24,4.91
2019,Sur,Primaria,6,99.89,5.12,8.82
2012,Norte,Primaria,7,92.51,3.51,17.2
2019,Centro,Primaria,9,100.0,5.34,7.91
2013,Este,Primaria,9,91.39,3.66,15.86
2015,Norte,Primaria,6,97.11,4.3,13.58
2014,Centro,Primaria,8,94.64,4.08,14.57
2018,Centro,Secundaria,17,98.64,5.01,10.63
2013,Costa,Secundaria,16,90.11,3.72,14.9
2023,Costa,Secundaria,15,100.0,6.18,6.66
2015,Sur,Primaria,7,94.72,4.21,13.16
2012,Norte,Primaria,9,91.97,3.7,14.16
2021,Costa,Primaria,6,100.0,5.9,6.59
2023,Costa,Secundaria,17,100.0,6.17,5.48
2010,Oeste,Secundaria,15,85.05,2.97,19.12
2019,Oeste,Primaria,6,100.0,5.27,8.75
2013,Norte,Primaria,6,91.58,3.8,15.38
2022,Oeste,Primaria,10,100.0,5.86,6.82
2010,Norte,Secundaria,16,88.13,3.02,18.09
2012,Centro,Secundaria,14,89.67,3.53,17.37
2020,Costa,Primaria,9,100.0,5.41,8.98
2016,Norte,Primaria,6,98.34,4.59,13.27
2011,Sur,Primaria,7,89.14,3.2,17.63
2018,Costa,Secundaria,15,100.0,4.93,11.2
2017,Norte,Primaria,6,100.0,4.95,10.58
2019,Centro,Primaria,6,100.0,5.33,8.57
2022,Oeste,Primaria,9,100.0,6.11,6.03
2011,Oeste,Primaria,11,89.74,3.2,17.11
2014,Centro,Primaria,8,96.55,4.12,14.47
2014,Sur,Secundaria,13,91.8,3.92,15.0
2011,Costa,Primaria,8,89.58,3.23,16.32
2021,Este,Primaria,10,100.0,5.69,6.83
2013,Oeste,Primaria,9,91.51,3.62,16.93
2021,Centro,Secundaria,16,100.0,5.77,8.56
2023,Sur,Primaria,6,100.0,6.26,4.21
2015,Norte,Secundaria,13,95.82,4.39,13.26
2011,Sur,Primaria,8,88.78,3.27,16.85
2019,Oeste,Primaria,11,99.99,5.12,11.17
2022,Sur,Primaria,11,100.0,6.07,5.94
2021,Centro,Secundaria,16,100.0,5.88,7.37
2011,Oeste,Secundaria,15,87.37,3.15,18.48
2018,Centro,Secundaria,17,99.63,5.08,9.37
2012,Costa,Secundaria,17,88.96,3.49,16.76
2018,Sur,Primaria,6,98.88,4.97,9.91
2020,Norte,Primaria,8,100.0,5.41,8.14
2016,Este,Secundaria,14,95.89,4.4,12.19
2018,Este,Primaria,7,98.66,5.07,10.15
2010,Norte,Secundaria,16,88.49,3.12,18.8
2014,Este,Secundaria,13,93.31,3.95,14.85
2018,Costa,Secundaria,12,99.49,4.99,11.24
2019,Norte,Secundaria,17,100.0,5.4,9.85
2022,Costa,Primaria,9,100.0,6.0,6.53
2012,Oeste,Primaria,7,92.45,3.45,16.14
2015,Costa,Primaria,11,94.08,4.11,12.19
2022,Costa,Primaria,7,100.0,5.91,4.99
2011,Oeste,Primaria,6,88.71,3.26,16.95
2018,Sur,Secundaria,13,97.88,4.95,10.31
2014,Centro,Primaria,9,96.99,4.13,13.83
2023,Centro,Secundaria,14,100.0,6.26,4.92
2021,Oeste,Primaria,9,100.0,5.53,7.92
2018,Costa,Secundaria,14,99.09,4.95,11.83
2015,Costa,Primaria,8,93.86,4.21,13.14
2018,Sur,Secundaria,17,97.51,4.92,9.88
2019,Norte,Primaria,9,100.0,5.43,7.63
2022,Costa,Secundaria,13,100.0,6.1,6.96
2010,Norte,Primaria,9,89.65,3.1,17.51
2018,Centro,Secundaria,13,99.34,5.1,8.93
2013,Centro,Primaria,6,93.91,3.87,14.81
2011,Oeste,Primaria,9,90.13,3.21,16.5
2021,Este,Primaria,6,100.0,5.86,7.37
2018,Sur,Secundaria,16,96.9,4.82,12.09
2012,Oeste,Secundaria,12,89.65,3.54,17.56
2014,Sur,Primaria,8,93.75,3.98,14.17
2015,Costa,Secundaria,15,93.23,4.23,13.8
2018,Norte,Primaria,6,100.0,4.95,9.34
2017,Este,Primaria,9,99.37,4.8,9.97
2023,Costa,Secundaria,15,100.0,6.16,6.48
2022,Oeste,Secundaria,17,100.0,5.88,7.08
2018,Centro,Secundaria,13,100.0,5.09,10.44
2020,Norte,Secundaria,15,100.0,5.55,8.89
2021,Norte,Primaria,11,100.0,5.82,5.31
2011,Este,Primaria,8,90.25,3.21,16.92
2014,Oeste,Secundaria,16,92.7,3.97,15.6
2020,Centro,Secundaria,16,100.0,5.73,8.75
2010,Sur,Primaria,8,86.88,2.95,18.84
2019,Oeste,Secundaria,12,99.14,5.15,12.09
2010,Centro,Secundaria,17,88.05,3.03,18.47
2017,Este,Secundaria,14,96.38,4.72,11.78
2010,Oeste,Primaria,9,88.87,3.09,17.41
2022,Costa,Secundaria,13,100.0,6.04,6.56
2013,Costa,Primaria,6,93.56,3.86,14.33
2022,Costa,Primaria,10,100.0,6.03,5.26
2013,Centro,Secundaria,13,93.63,3.98,14.28
2017,Oeste,Secundaria,14,95.27,4.58,12.48
2014,Norte,Primaria,9,95.88,3.94,13.69
2017,Este,Secundaria,14,98.78,4.79,11.59
2019,Este,Secundaria,12,100.0,5.31,9.74
2016,Centro,Primaria,10,96.98,4.5,11.93
2020,Oeste,Primaria,8,100.0,5.44,8.26
2016,Sur,Primaria,7,96.44,4.41,12.99
2020,Costa,Primaria,8,100.0,5.55,6.73
2016,Norte,Primaria,6,97.07,4.5,11.77
2020,Este,Secundaria,17,100.0,5.43,8.72
2012,Oeste,Primaria,7,91.4,3.42,17.54
2021,Sur,Secundaria,16,100.0,5.63,8.71
2015,Norte,Primaria,6,96.48,4.33,13.18
2020,Sur,Primaria,10,100.0,5.44,8.35
2016,Sur,Secundaria,16,96.14,4.51,12.59
2016,Sur,Primaria,9,96.89,4.4,12.72
2010,Sur,Secundaria,14,86.15,2.91,17.84
2015,Norte,Primaria,9,96.41,4.25,13.81
2017,Este,Primaria,11,100.0,4.94,9.11
2011,Este,Primaria,7,88.84,3.21,16.71
2012,Este,Primaria,6,91.58,3.57,16.42
2010,Sur,Primaria,6,86.55,2.99,17.38
2021,Centro,Secundaria,13,100.0,5.77,8.05
2021,Oeste,Primaria,9,100.0,5.78,7.17
2020,Oeste,Primaria,9,100.0,5.51,7.24
2012,Costa,Primaria,11,90.09,3.44,16.99
2021,Centro,Primaria,7,100.0,5.72,5.82
2022,Costa,Secundaria,15,100.0,5.96,7.0
2010,Norte,Secundaria,14,87.56,3.03,18.12
2015,Norte,Primaria,8,95.32,4.24,12.85
2021,Centro,Secundaria,15,100.0,5.77,7.88
2010,Oeste,Primaria,7,87.64,3.01,17.64
2020,Costa,Secundaria,13,100.0,5.43,10.68
2021,Centro,Secundaria,14,100.0,5.76,8.65
2011,Costa,Primaria,8,88.62,3.26,18.33
2020,Norte,Secundaria,15,100.0,5.68,8.76
2019,Norte,Secundaria,17,100.0,5.24,9.86
2023,Oeste,Secundaria,15,100.0,6.13,6.17
2011,Oeste,Primaria,6,91.64,3.33,17.3
2017,Sur,Secundaria,12,96.48,4.53,11.68
2016,Costa,Secundaria,13,96.06,4.47,12.18
2023,Este,Secundaria,16,100.0,6.37,4.37
2016,Este,Primaria,7,97.41,4.51,12.48
2017,Sur,Primaria,7,97.44,4.65,10.78
2010,Oeste,Secundaria,17,86.98,2.97,19.17
2013,Centro,Secundaria,13,93.29,3.9,15.17
2020,Este,Secundaria,12,100.0,5.46,8.54
2015,Sur,Secundaria,12,93.76,4.19,13.91
2021,Centro,Secundaria,16,100.0,5.81,7.78
2019,Oeste,Secundaria,16,100.0,5.26,10.31
2015,Sur,Primaria,6,95.46,4.22,13.57
2022,Oeste,Primaria,10,100.0,5.92,5.16
2019,Sur,Primaria,11,99.74,5.19,9.07
2021,Sur,Primaria,9,100.0,5.71,8.22
2010,Norte,Primaria,9,88.75,3.17,18.76
2023,Costa,Secundaria,14,100.0,6.24,6.32
2016,Centro,Primaria,9,98.77,4.53,12.67
2017,Sur,Secundaria,16,95.48,4.7,12.62
2019,Oeste,Secundaria,17,100.0,5.38,8.39
2016,Sur,Primaria,8,95.5,4.55,11.13
2013,Costa,Secundaria,15,91.78,3.86,15.29
2017,Centro,Secundaria,15,98.79,4.74,11.53
2023,Norte,Secundaria,12,100.0,6.48,5.14
2023,Este,Primaria,7,100.0,6.31,4.38
2013,Este,Secundaria,15,92.13,3.8,14.25
2015,Centro,Secundaria,16,95.74,4.35,12.66
2016,Costa,Secundaria,15,96.24,4.54,11.75
2010,Norte,Secundaria,16,86.99,2.91,20.89
2012,Norte,Primaria,8,92.78,3.65,16.11
2015,Norte,Primaria,10,94.83,4.21,13.06
2017,Costa,Primaria,8,99.2,4.88,10.0
2019,Centro,Secundaria,12,100.0,5.37,10.06
2017,Este,Secundaria,14,97.61,4.72,11.69
2021,Este,Secundaria,14,100.0,5.69,6.59
2016,Oeste,Primaria,6,96.58,4.45,11.36
2023,Costa,Primaria,6,100.0,6.37,4.39
2010,Norte,Secundaria,13,89.66,3.07,18.25
2019,Sur,Primaria,9,100.0,5.21,8.78
2023,Oeste,Primaria,11,100.0,6.16,4.38
2021,Sur,Secundaria,15,100.0,5.82,7.13
2016,Costa,Primaria,7,96.46,4.48,12.59
2021,Costa,Secundaria,16,100.0,5.69,8.14
2021,Centro,Primaria,8,100.0,5.88,7.07
2021,Este,Primaria,11,100.0,5.72,6.33
2023,Norte,Primaria,6,100.0,6.3,4.58
2018,Norte,Secundaria,17,100.0,4.94,10.63
2013,Oeste,Primaria,6,90.57,3.59,15.78
2023,Sur,Secundaria,13,100.0,6.24,6.71
2012,Centro,Secundaria,12,92.2,3.53,16.31
2022,Centro,Secundaria,16,100.0,6.14,6.29
2012,Sur,Secundaria,13,87.63,3.48,15.71
2010,Sur,Secundaria,16,87.24,3.0,19.15
2020,Costa,Primaria,8,100.0,5.55,7.74
2011,Oeste,Secundaria,16,89.11,3.31,17.9
2011,Norte,Primaria,6,89.07,3.31,16.9
2023,Costa,Primaria,9,100.0,6.22,5.67
2023,Centro,Secundaria,14,100.0,6.43,5.5
2019,Oeste,Secundaria,15,100.0,5.13,9.49
2020,Sur,Secundaria,15,99.88,5.37,9.36
2011,Centro,Secundaria,16,88.31,3.25,18.01
2018,Este,Primaria,9,100.0,4.96,11.03
2022,Costa,Secundaria,17,100.0,6.1,5.69
2016,Costa,Secundaria,13,98.34,4.61,12.4
2011,Sur,Secundaria,14,88.78,3.16,18.25
2019,Costa,Primaria,11,100.0,5.13,9.35
2017,Costa,Secundaria,13,96.73,4.69,11.38
2019,Sur,Secundaria,16,99.55,5.21,9.12
2015,Oeste,Secundaria,13,95.27,4.35,14.09
2016,Centro,Secundaria,12,97.59,4.58,12.15
2014,Sur,Primaria,10,93.39,4.02,13.01
2017,Costa,Secundaria,14,97.93,4.81,11.18
2013,Norte,Primaria,11,93.04,3.71,14.04
2014,Centro,Secundaria,15,95.79,4.19,13.52
2011,Sur,Secundaria,14,87.87,3.3,17.26
2011,Costa,Secundaria,14,88.74,3.29,17.27
2015,Norte,Secundaria,13,96.23,4.32,12.8
2016,Este,Primaria,9,98.4,4.62,11.49
2011,Centro,Secundaria,12,87.99,3.39,16.82
2017,Este,Primaria,8,99.51,4.79,10.65
2018,Oeste,Secundaria,15,98.46,5.01,10.42
2015,Sur,Secundaria,13,95.39,4.32,13.08
2014,Norte,Secundaria,15,93.28,4.0,15.03
2013,Norte,Primaria,8,92.61,3.81,15.04
2020,Costa,Secundaria,13,100.0,5.46,8.95
2018,Centro,Secundaria,17,99.74,5.12,9.48
2023,Oeste,Secundaria,16,100.0,6.24,6.34
2020,Centro,Primaria,9,100.0,5.57,6.38
2022,Este,Secundaria,13,100.0,6.05,7.58
2014,Oeste,Secundaria,17,93.02,3.96,15.17
2020,Norte,Secundaria,14,100.0,5.68,8.89
2021,Norte,Primaria,6,100.0,5.91,7.26
2020,Este,Primaria,8,100.0,5.52,6.17
2022,Costa,Primaria,9,100.0,6.01,5.49
2011,Costa,Secundaria,12,88.59,3.22,18.5
2010,Oeste,Primaria,8,86.01,2.91,19.2
2023,Oeste,Primaria,8,100.0,6.26,3.88
2017,Centro,Secundaria,13,99.39,4.93,10.57
2018,Este,Primaria,10,99.84,4.87,11.19
2011,Este,Secundaria,14,87.53,3.19,17.67
2017,Oeste,Primaria,6,97.98,4.81,10.84
2013,Oeste,Secundaria,15,90.07,3.84,15.44
2019,Oeste,Secundaria,12,99.02,5.15,10.84
2011,Norte,Secundaria,14,88.09,3.23,18.29
2012,Oeste,Primaria,8,89.63,3.36,17.0
2021,Este,Secundaria,15,100.0,5.86,7.57
2016,Sur,Secundaria,14,95.6,4.46,12.8
2011,Centro,Primaria,6,90.86,3.34,17.77
2011,Norte,Primaria,7,90.8,3.26,16.49
2014,Sur,Secundaria,15,93.42,4.01,13.7
2022,Norte,Secundaria,17,100.0,6.04,5.71
2016,Centro,Secundaria,17,98.82,4.71,12.84
2016,Centro,Primaria,7,98.82,4.58,10.73
2016,Este,Primaria,9,96.48,4.59,12.21
2011,Norte,Secundaria,15,90.95,3.37,16.26
2012,Este,Secundaria,17,89.64,3.53,16.8
2023,Sur,Secundaria,12,100.0,6.17,6.13
2011,Sur,Secundaria,17,89.76,3.34,17.0
2018,Oeste,Primaria,10,99.87,5.08,9.72
2014,Centro,Primaria,7,95.75,4.02,15.2
2020,Este,Secundaria,17,100.0,5.66,8.82
2012,Este,Primaria,7,90.28,3.42,17.52
2021,Costa,Primaria,9,100.0,5.79,7.47
2010,Oeste,Primaria,7,87.76,3.03,18.76
2019,Sur,Secundaria,17,100.0,5.2,10.66
2017,Centro,Primaria,6,100.0,4.77,10.64
2016,Norte,Secundaria,13,97.17,4.5,13.19
2017,Costa,Primaria,11,99.43,4.82,11.78
2013,Norte,Primaria,8,92.7,3.76,15.07
2018,Oeste,Secundaria,17,98.15,4.98,11.12
2010,Este,Primaria,6,88.6,3.04,18.17
2018,Costa,Primaria,11,100.0,4.95,11.24
2018,Sur,Primaria,7,97.65,4.86,9.72
2021,Norte,Primaria,9,100.0,5.72,8.29
2011,Este,Secundaria,14,88.7,3.24,17.3
2018,Sur,Primaria,6,100.0,5.03,9.72
2015,Centro,Primaria,7,96.75,4.34,13.19
2016,Norte,Primaria,7,97.1,4.55,11.24
2022,Sur,Secundaria,15,100.0,6.09,7.2
2021,Costa,Secundaria,14,100.0,5.86,7.61
2022,Oeste,Secundaria,13,100.0,6.04,7.16
2023,Norte,Secundaria,17,100.0,6.36,5.01
2021,Norte,Primaria,8,100.0,5.87,5.94
2017,Oeste,Primaria,7,100.0,4.8,10.89
2012,Oeste,Secundaria,15,88.73,3.5,16.32
2016,Sur,Primaria,6,98.74,4.53,11.99
2023,Costa,Secundaria,16,100.0,6.27,7.33
2013,Norte,Primaria,8,93.68,3.91,14.92
2011,Costa,Secundaria,17,87.35,3.14,18.24
2020,Norte,Secundaria,16,100.0,5.49,8.99
2022,Oeste,Secundaria,15,100.0,6.09,7.28
2010,Costa,Secundaria,15,88.44,3.1,17.65
2020,Costa,Primaria,11,100.0,5.43,6.49
2021,Costa,Primaria,6,100.0,5.66,7.04
2023,Sur,Secundaria,17,100.0,6.28,5.72
2022,Centro,Primaria,7,100.0,6.08,5.83
2023,Sur,Primaria,10,100.0,6.21,5.1
2012,Sur,Primaria,9,92.75,3.56,14.92
2017,Este,Secundaria,17,99.43,4.82,11.54
2021,Este,Secundaria,13,100.0,5.78,9.16
2014,Oeste,Primaria,8,96.31,4.08,13.46
2021,Norte,Primaria,10,100.0,5.69,7.63
2022,Centro,Secundaria,13,100.0,6.05,5.83
2022,Este,Primaria,6,100.0,6.27,4.62
2014,Este,Secundaria,16,92.47,4.09,14.34
2021,Centro,Primaria,6,100.0,5.98,6.62
2014,Norte,Secundaria,12,93.89,4.01,14.91
2022,Oeste,Secundaria,15,100.0,6.13,6.12
2017,Centro,Secundaria,12,98.48,4.75,12.09
2021,Costa,Secundaria,12,100.0,5.8,7.19
2011,Sur,Primaria,9,88.43,3.23,18.3
2012,Norte,Secundaria,13,89.65,3.5,16.92
2016,Costa,Primaria,8,97.43,4.55,11.85
2018,Oeste,Primaria,10,98.07,4.73,10.67
2011,Sur,Primaria,9,88.49,3.26,17.31
2014,Costa,Secundaria,14,91.69,4.0,14.95
2016,Sur,Secundaria,13,96.34,4.4,12.72
2019,Sur,Primaria,7,100.0,5.08,9.43
2022,Norte,Primaria,7,100.0,5.97,4.04
2020,Centro,Primaria,11,100.0,5.51,7.82
2022,Sur,Secundaria,16,100.0,5.86,7.25
2022,Centro,Secundaria,17,100.0,6.1,5.15
2023,Oeste,Secundaria,13,100.0,6.1,5.93
2021,Oeste,Secundaria,13,100.0,5.66,9.04
2020,Sur,Primaria,9,100.0,5.3,8.35
2017,Este,Secundaria,12,99.53,4.94,11.92
2020,Norte,Secundaria,16,100.0,5.61,7.02
2022,Este,Secundaria,12,100.0,5.81,7.73
2015,Oeste,Primaria,9,96.13,4.28,12.21
2014,Costa,Secundaria,17,94.56,4.21,13.2
2022,Centro,Primaria,8,100.0,6.12,5.8
2019,Norte,Secundaria,17,100.0,5.36,9.71
2011,Norte,Secundaria,12,88.27,3.37,16.13
2013,Costa,Secundaria,14,91.58,3.9,14.13
2012,Este,Primaria,6,92.67,3.7,15.61
2023,Este,Primaria,7,100.0,6.3,4.52
2011,Norte,Primaria,11,90.56,3.16,17.94
2010,Norte,Secundaria,14,88.7,3.07,18.66
2015,Norte,Secundaria,12,93.71,4.19,14.87
2016,Este,Secundaria,12,96.35,4.41,13.96
2010,Este,Secundaria,13,87.56,3.1,17.65
2016,Este,Secundaria,16,97.55,4.51,13.23
2019,Sur,Secundaria,13,99.08,5.17,10.19
2021,Este,Secundaria,12,100.0,5.81,7.6
2012,Costa,Secundaria,13,89.32,3.56,16.83
2020,Centro,Primaria,11,100.0,5.53,8.33
2019,Norte,Secundaria,16,100.0,5.44,7.37
2022,Norte,Secundaria,13,100.0,6.0,7.1
2017,Oeste,Secundaria,17,96.48,4.78,11.43
2011,Este,Primaria,6,90.88,3.25,17.83
2019,Centro,Primaria,6,100.0,5.34,10.06
2021,Norte,Secundaria,15,100.0,5.8,7.59
2019,Este,Primaria,9,100.0,5.36,8.45
2017,Costa,Secundaria,17,97.31,4.82,11.78
2021,Oeste,Secundaria,13,100.0,5.73,7.51
2022,Centro,Primaria,10,100.0,6.19,6.1
2016,Sur,Secundaria,17,94.26,4.34,13.86
2015,Norte,Secundaria,15,96.6,4.36,13.2
2017,Sur,Secundaria,16,96.87,4.59,11.6
2019,Centro,Secundaria,13,100.0,5.13,11.1
2013,Norte,Secundaria,17,90.19,3.69,16.26
2011,Sur,Primaria,6,88.75,3.27,17.83
2017,Costa,Secundaria,16,97.68,4.74,10.6
2019,Oeste,Primaria,11,100.0,5.23,9.57
2011,Norte,Secundaria,13,88.48,3.25,17.62
2012,Oeste,Primaria,6,88.7,3.41,15.97
2023,Norte,Primaria,10,100.0,6.23,5.43
2017,Costa,Primaria,9,98.42,4.74,12.25
2023,Centro,Primaria,8,100.0,6.36,4.27
2020,Costa,Primaria,7,100.0,5.5,7.97
2011,Este,Primaria,8,90.19,3.27,16.0
2011,Norte,Secundaria,16,89.12,3.31,17.82
2010,Oeste,Secundaria,12,85.42,2.98,18.35
2021,Oeste,Secundaria,12,100.0,5.78,7.89
2015,Sur,Primaria,6,94.67,4.13,14.17
2013,Sur,Secundaria,15,91.02,3.74,16.4
2017,Norte,Primaria,7,100.0,4.91,10.87
2019,Costa,Secundaria,14,99.28,5.14,12.02
2016,Centro,Primaria,11,98.57,4.54,11.43
2010,Sur,Primaria,6,87.67,2.92,17.65
2014,Norte,Primaria,10,94.44,3.99,14.68
2015,Costa,Secundaria,15,94.17,4.21,14.09
2018,Sur,Secundaria,14,97.43,4.9,10.14
2019,Sur,Primaria,6,100.0,5.33,9.11
2015,Centro,Secundaria,15,95.34,4.37,14.64
2014,Norte,Secundaria,14,95.74,4.2,12.88
2015,Sur,Secundaria,17,93.82,4.19,14.19
2011,Sur,Primaria,11,87.75,3.2,16.5
2010,Costa,Secundaria,12,86.74,2.99,19.81
2012,Centro,Secundaria,16,92.37,3.58,17.09
2018,Sur,Primaria,6,100.0,5.16,9.55
2018,Este,Secundaria,12,100.0,5.12,10.98
2011,Oeste,Primaria,8,88.16,3.24,16.33
2020,Sur,Secundaria,17,100.0,5.28,9.81
2022,Oeste,Secundaria,14,100.0,5.94,6.76
2013,Costa,Secundaria,13,93.47,3.83,14.69
2016,Oeste,Primaria,7,98.44,4.5,13.29
2015,Norte,Secundaria,14,94.35,4.3,13.17
2014,Centro,Secundaria,14,95.01,4.17,13.72
2023,Este,Primaria,7,100.0,6.3,4.24
2019,Norte,Secundaria,16,100.0,5.26,10.24
2019,Sur,Primaria,7,100.0,5.22,8.82
2022,Oeste,Secundaria,17,100.0,6.03,7.11
2016,Este,Primaria,11,98.51,4.59,11.51
2012,Centro,Primaria,7,92.43,3.59,15.09
2019,Oeste,Secundaria,14,100.0,5.18,9.1
2015,Norte,Primaria,11,96.91,4.32,11.83
2023,Centro,Secundaria,15,100.0,6.4,3.17
2023,Oeste,Secundaria,17,100.0,6.25,5.32
2015,Oeste,Secundaria,13,95.56,4.32,13.96
2022,Este,Secundaria,12,100.0,6.0,7.33
2020,Este,Primaria,10,100.0,5.52,8.55
2015,Este,Primaria,11,97.52,4.26,12.3
2019,Este,Secundaria,16,100.0,5.31,8.45
2015,Oeste,Secundaria,13,95.03,4.14,14.37
2021,Sur,Secundaria,12,100.0,5.8,7.33
2021,Oeste,Secundaria,17,100.0,5.7,8.36
2023,Centro,Primaria,6,100.0,6.46,4.09
2011,Centro,Secundaria,16,90.56,3.47,17.15
2019,Centro,Secundaria,12,99.9,5.24,9.2
2011,Costa,Secundaria,16,88.81,3.27,18.01
2021,Este,Secundaria,12,100.0,5.82,6.75
2017,Oeste,Primaria,10,98.4,4.72,12.4
2016,Costa,Primaria,9,96.87,4.55,11.63
2017,Costa,Primaria,6,97.24,4.68,11.09
2022,Este,Secundaria,15,100.0,6.1,5.7
2017,Oeste,Secundaria,15,96.81,4.75,11.16
2023,Centro,Secundaria,14,100.0,6.33,5.65
2020,Sur,Secundaria,17,100.0,5.25,10.81
2023,Oeste,Secundaria,15,100.0,6.29,5.73
2022,Norte,Secundaria,15,100.0,5.96,6.82
2010,Oeste,Primaria,10,89.46,3.09,17.09
2015,Norte,Secundaria,14,96.8,4.41,12.96
2015,Sur,Secundaria,13,92.77,4.09,15.69
2014,Sur,Primaria,6,91.91,3.83,14.1
2017,Centro,Secundaria,17,98.0,4.88,11.33
2021,Norte,Secundaria,15,100.0,5.93,6.99
2012,Oeste,Primaria,8,89.67,3.49,16.36
2013,Centro,Primaria,8,93.54,3.87,14.08
2014,Sur,Secundaria,16,92.5,3.96,13.78
2022,Centro,Primaria,11,100.0,6.24,4.61
2011,Oeste,Primaria,9,88.33,3.27,16.39
2019,Oeste,Secundaria,16,100.0,5.13,9.93
2012,Norte,Primaria,6,91.91,3.69,14.01
2021,Este,Primaria,9,100.0,5.86,6.72
2022,Sur,Secundaria,13,100.0,5.95,5.89
2018,Este,Secundaria,17,100.0,5.01,11.82
2019,Costa,Secundaria,16,100.0,5.37,10.03
2011,Sur,Secundaria,16,87.35,3.25,18.3
2021,Este,Secundaria,13,100.0,5.76,8.02
2020,Costa,Secundaria,15,100.0,5.6,8.25
2010,Este,Primaria,8,86.88,3.0,19.06
2016,Norte,Secundaria,14,97.49,4.56,12.73
2016,Centro,Secundaria,14,97.11,4.46,13.14
2012,Sur,Secundaria,14,88.4,3.42,16.92
2023,Oeste,Secundaria,17,100.0,6.44,4.45
2011,Oeste,Primaria,11,88.45,3.1,17.6
2019,Este,Secundaria,16,100.0,5.17,8.95
2013,Sur,Primaria,9,92.78,3.78,13.44
2021,Costa,Primaria,7,100.0,5.69,7.02
2011,Costa,Primaria,9,89.88,3.33,15.81
2014,Este,Primaria,6,94.3,4.16,13.13
2011,Este,Primaria,11,90.09,3.25,16.35
2013,Oeste,Secundaria,17,90.19,3.68,17.17
2021,Este,Primaria,7,100.0,5.86,5.74
2021,Oeste,Primaria,10,100.0,5.77,7.05
2023,Norte,Secundaria,17,100.0,6.45,5.61
2013,Costa,Primaria,10,92.32,3.74,13.46
2023,Sur,Secundaria,16,100.0,6.24,6.58
2021,Este,Primaria,10,100.0,5.73,7.0
2017,Oeste,Primaria,7,98.01,4.64,11.91
2017,Sur,Primaria,11,97.49,4.62,12.22
2017,Sur,Primaria,7,99.2,4.62,10.83
2020,Este,Secundaria,17,100.0,5.66,7.68
2010,Norte,Secundaria,14,88.68,3.15,19.08
2022,Sur,Secundaria,15,100.0,5.96,7.03
2011,Oeste,Primaria,8,89.43,3.22,16.61
2011,Norte,Secundaria,16,88.55,3.31,18.45
2020,Sur,Secundaria,14,100.0,5.55,8.22
2016,Costa,Primaria,6,96.15,4.5,12.92
2017,Costa,Secundaria,17,95.43,4.61,13.35
2015,Sur,Secundaria,16,94.52,4.19,14.36
2017,Centro,Secundaria,14,99.05,4.7,13.06
2020,Oeste,Secundaria,14,100.0,5.44,9.22
2020,Centro,Primaria,7,100.0,5.53,7.55
2020,Sur,Primaria,8,99.61,5.31,8.52
2021,Costa,Secundaria,13,100.0,5.61,8.34
2020,Oeste,Primaria,11,100.0,5.47,8.25
2019,Centro,Primaria,7,100.0,5.39,8.43
2020,Centro,Secundaria,14,100.0,5.64,9.61
2010,Sur,Primaria,8,87.57,2.88,18.11
2022,Norte,Secundaria,14,100.0,6.0,6.57
2017,Oeste,Primaria,9,98.5,4.74,11.66
2016,Este,Primaria,6,97.42,4.6,11.26
2021,Sur,Secundaria,17,100.0,5.78,8.36
2014,Norte,Secundaria,15,93.31,4.08,15.28
2021,Sur,Primaria,7,100.0,5.62,6.89
2014,Centro,Primaria,8,94.14,4.15,12.85
2023,Sur,Primaria,9,100.0,6.22,5.04
2023,Centro,Secundaria,12,100.0,6.3,5.78
2017,Norte,Secundaria,12,97.66,4.74,11.45
2022,Costa,Secundaria,16,100.0,5.96,6.38
2017,Sur,Primaria,10,97.2,4.79,9.6
2016,Centro,Primaria,11,99.83,4.7,11.01
2010,Sur,Secundaria,14,85.71,2.92,19.63
2015,Sur,Secundaria,16,94.58,4.21,14.21
2017,Centro,Primaria,7,100.0,4.98,9.84
2011,Norte,Secundaria,16,89.73,3.21,19.11
2017,Sur,Primaria,8,97.23,4.66,10.94
2015,Oeste,Primaria,9,95.29,4.21,13.65
2022,Norte,Secundaria,14,100.0,6.1,6.66
2012,Sur,Secundaria,13,88.58,3.31,17.35
2022,Este,Primaria,10,100.0,6.06,6.76
2021,Oeste,Primaria,8,100.0,5.6,7.84
2010,Sur,Secundaria,16,89.08,3.02,18.85
2020,Oeste,Primaria,7,100.0,5.47,8.18
2011,Centro,Secundaria,14,88.78,3.31,18.29
2015,Este,Secundaria,17,95.21,4.34,14.05
2015,Sur,Secundaria,13,93.66,4.2,14.5
2011,Sur,Secundaria,17,86.13,3.12,18.52
2020,Oeste,Primaria,10,100.0,5.55,9.03
2020,Norte,Primaria,10,100.0,5.55,8.31
2012,Sur,Secundaria,12,88.26,3.47,16.41
2015,Norte,Secundaria,17,97.96,4.43,12.82
2020,Este,Secundaria,15,100.0,5.41,9.86
2020,Centro,Primaria,8,100.0,5.66,7.29
2018,Costa,Secundaria,12,100.0,5.07,11.09
2017,Oeste,Secundaria,15,98.57,4.9,11.66
2022,Sur,Secundaria,12,100.0,5.8,6.76
2018,Norte,Secundaria,15,98.75,5.14,11.05
2014,Oeste,Secundaria,13,93.34,4.15,14.88
2016,Sur,Secundaria,15,94.23,4.48,12.89
2015,Este,Secundaria,13,94.24,4.28,14.22
2012,Oeste,Secundaria,12,89.59,3.45,16.93
2010,Norte,Secundaria,15,86.42,2.94,19.94
2022,Norte,Secundaria,14,100.0,6.18,5.3
2017,Norte,Secundaria,15,97.03,4.72,12.03
2023,Costa,Secundaria,12,100.0,6.1,6.07
2020,Costa,Secundaria,17,100.0,5.56,8.3
2020,Sur,Primaria,8,100.0,5.53,9.08
2017,Este,Primaria,11,98.22,4.84,11.5
2016,Oeste,Secundaria,16,95.5,4.54,12.63
2017,Centro,Primaria,7,100.0,4.77,10.59
2020,Este,Secundaria,17,100.0,5.52,9.35
2022,Este,Primaria,10,100.0,5.99,5.39
2014,Centro,Secundaria,17,92.04,4.03,14.18
2020,Costa,Primaria,7,100.0,5.53,7.28
2021,Norte,Secundaria,12,100.0,5.74,8.05
2014,Sur,Secundaria,17,91.8,3.93,15.13
2017,Centro,Primaria,9,100.0,4.96,9.3
2023,Este,Secundaria,14,100.0,6.26,5.32
2017,Sur,Secundaria,17,96.97,4.68,12.15
2020,Oeste,Secundaria,12,100.0,5.54,8.76
2010,Norte,Secundaria,16,87.52,2.97,19.49
2014,Centro,Secundaria,12,93.3,4.12,14.3
2011,Este,Primaria,11,89.95,3.37,16.68
2012,Norte,Secundaria,16,90.95,3.62,16.04
2012,Costa,Primaria,11,89.28,3.44,16.16
2019,Este,Secundaria,16,100.0,5.34,10.42
2011,Centro,Secundaria,15,89.8,3.31,17.89
2017,Este,Primaria,10,98.21,4.84,11.15
2010,Norte,Primaria,7,88.37,2.99,17.67
2018,Oeste,Primaria,10,99.33,4.88,9.28
2018,Norte,Secundaria,14,100.0,5.2,9.43
2011,Norte,Secundaria,16,89.77,3.31,17.41
2012,Costa,Secundaria,12,90.32,3.48,17.64
2020,Oeste,Secundaria,15,99.95,5.37,9.5
2021,Sur,Secundaria,15,100.0,5.66,7.96
2022,Centro,Secundaria,13,100.0,6.21,6.05
2018,Oeste,Secundaria,16,98.14,5.01,11.06
2015,Centro,Primaria,9,97.31,4.34,12.91
2020,Oeste,Primaria,11,100.0,5.32,9.43
2014,Sur,Secundaria,12,90.63,4.01,15.0
2017,Este,Primaria,10,98.91,4.81,10.25
2023,Este,Secundaria,16,100.0,6.37,4.41
2013,Sur,Secundaria,17,91.16,3.66,15.52
2023,Sur,Secundaria,14,100.0,6.24,6.49
2020,Oeste,Primaria,8,100.0,5.42,9.37
2011,Este,Secundaria,14,87.47,3.15,17.83
2021,Este,Secundaria,16,100.0,5.62,9.56
2017,Este,Primaria,8,99.62,4.83,10.91
2022,Sur,Secundaria,12,100.0,5.92,7.17
2016,Costa,Primaria,6,96.06,4.49,12.22
2014,Centro,Primaria,7,94.91,3.96,14.52
2013,Norte,Primaria,10,94.36,3.96,13.84
2020,Centro,Primaria,7,100.0,5.55,7.88
2017,Costa,Primaria,9,97.04,4.6,11.55
2013,Centro,Primaria,9,93.86,3.74,13.34
2019,Norte,Primaria,10,100.0,5.27,8.74
2011,Sur,Primaria,7,87.68,3.27,17.97
2015,Norte,Primaria,11,97.11,4.35,13.12
2015,Norte,Primaria,9,97.31,4.36,12.21
2014,Sur,Secundaria,17,91.37,3.89,15.37
2017,Costa,Primaria,8,98.61,4.81,11.21
2022,Sur,Secundaria,15,100.0,5.94,6.75
2012,Oeste,Secundaria,13,89.17,3.55,17.04
2019,Costa,Secundaria,13,100.0,5.18,9.95
2012,Costa,Secundaria,16,90.65,3.44,16.18
2014,Costa,Primaria,11,94.03,3.92,14.25
2023,Norte,Secundaria,15,100.0,6.27,4.4
2012,Costa,Secundaria,15,89.06,3.43,16.86
2010,Oeste,Primaria,6,89.62,3.01,17.11
2015,Este,Secundaria,13,92.99,4.23,14.62
2019,Centro,Secundaria,16,100.0,5.22,8.72
2023,Norte,Secundaria,15,100.0,6.28,5.78
2019,Oeste,Secundaria,15,98.88,5.16,10.68
2021,Oeste,Primaria,9,100.0,5.58,8.11
2016,Norte,Secundaria,13,96.69,4.58,11.63
2012,Costa,Secundaria,14,91.07,3.5,15.72
2017,Norte,Primaria,11,100.0,4.82,11.42
2018,Norte,Primaria,8,100.0,5.19,9.01
2013,Este,Secundaria,15,91.44,3.64,15.92
2010,Centro,Secundaria,14,88.17,3.14,18.38
2018,Este,Secundaria,15,98.89,5.04,10.45
2022,Norte,Primaria,7,100.0,5.99,5.93
2019,Oeste,Secundaria,16,100.0,5.32,9.18
2023,Centro,Primaria,6,100.0,6.25,4.8
2022,Este,Primaria,11,100.0,6.03,4.2
2013,Este,Secundaria,17,90.77,3.82,15.11
2019,Costa,Primaria,8,100.0,5.22,9.35
2014,Costa,Secundaria,16,93.33,3.94,14.52
2019,Oeste,Primaria,8,100.0,5.29,8.54
2014,Costa,Secundaria,12,93.32,4.09,15.04
2010,Sur,Primaria,8,86.91,2.9,17.84
2012,Norte,Primaria,10,92.34,3.67,15.81
2010,Oeste,Primaria,8,86.3,3.0,18.6
2019,Este,Secundaria,17,99.66,5.17,10.66
2021,Sur,Secundaria,16,100.0,5.76,8.21
2015,Sur,Secundaria,15,93.82,4.19,13.44
2015,Este,Secundaria,17,94.89,4.23,13.11
2010,Este,Primaria,7,88.26,3.05,18.45
2021,Centro,Secundaria,14,100.0,5.87,7.42
2013,Norte,Primaria,11,91.68,3.76,16.42
2011,Sur,Secundaria,14,87.48,3.15,19.04
2019,Este,Primaria,11,100.0,5.32,9.14
2010,Centro,Primaria,8,91.12,3.16,17.54
2019,Este,Secundaria,13,100.0,5.41,9.1
2014,Este,Secundaria,13,94.15,4.02,14.86
2010,Norte,Primaria,8,88.87,3.08,17.49
2023,Costa,Secundaria,15,100.0,6.18,6.05
2017,Este,Primaria,11,99.92,4.93,10.68
2014,Centro,Primaria,11,96.1,4.12,13.83
2018,Costa,Primaria,8,98.81,5.03,10.07
2016,Norte,Primaria,6,96.89,4.68,10.36
2018,Norte,Secundaria,15,100.0,5.13,9.33
2021,Norte,Primaria,6,100.0,5.76,6.36
2019,Costa,Secundaria,12,100.0,5.22,8.63
2019,Este,Secundaria,15,100.0,5.37,8.57
2020,Este,Primaria,6,100.0,5.55,7.34
2021,Norte,Primaria,10,100.0,5.78,5.88
2014,Sur,Primaria,7,91.23,3.93,13.9
2017,Sur,Primaria,10,96.17,4.78,10.41
2021,Costa,Secundaria,12,100.0,5.65,7.11
2017,Centro,Primaria,9,99.83,4.84,10.59
2016,Este,Secundaria,17,97.17,4.61,11.49
2018,Oeste,Primaria,10,99.6,5.06,9.81
2010,Este,Primaria,8,86.89,2.94,17.33
2023,Norte,Primaria,6,100.0,6.31,4.32
2019,Este,Secundaria,12,100.0,5.3,10.04
2010,Centro,Secundaria,13,88.22,3.12,17.65
2014,Costa,Primaria,7,93.74,3.98,14.47
2017,Centro,Secundaria,14,99.82,4.8,12.75
2018,Norte,Primaria,8,100.0,5.05,10.47
2023,Centro,Secundaria,14,100.0,6.36,4.47
2015,Sur,Secundaria,15,93.92,4.2,14.83
2016,Norte,Secundaria,13,96.2,4.71,13.12
2016,Sur,Secundaria,15,96.05,4.48,13.13
2019,Este,Primaria,10,100.0,5.33,9.82
2017,Norte,Secundaria,17,99.21,4.87,12.42
2018,Oeste,Secundaria,16,98.25,4.95,9.91
2019,Costa,Primaria,9,100.0,5.32,9.14
2021,Costa,Secundaria,15,100.0,5.7,8.34
2014,Este,Secundaria,14,93.55,4.11,14.21
2020,Sur,Primaria,10,100.0,5.5,7.81
2019,Oeste,Primaria,7,100.0,5.18,9.71
2018,Sur,Primaria,8,99.6,5.02,11.75
2013,Costa,Primaria,6,91.67,3.71,15.05
2019,Este,Primaria,6,100.0,5.34,9.43
2021,Este,Primaria,11,100.0,5.69,6.74
2014,Oeste,Secundaria,16,91.16,3.99,15.31
2013,Sur,Secundaria,14,92.46,3.81,16.17
2015,Costa,Primaria,8,95.17,4.2,12.36
2011,Oeste,Primaria,9,88.07,3.07,16.94
2021,Norte,Secundaria,16,100.0,5.76,8.5
2010,Oeste,Primaria,10,87.48,3.01,18.43
2013,Este,Primaria,11,91.97,3.77,15.55
2018,Sur,Primaria,6,98.16,4.82,11.94
2012,Norte,Secundaria,16,90.09,3.53,16.65
2014,Sur,Primaria,11,93.56,3.91,15.27
2011,Oeste,Primaria,6,86.63,3.06,17.95
2018,Este,Primaria,8,99.38,4.99,9.7
2012,Oeste,Primaria,6,89.88,3.46,16.01
2014,Centro,Secundaria,15,95.46,4.06,15.09
2011,Este,Secundaria,12,88.94,3.23,17.48
2016,Norte,Secundaria,12,97.79,4.68,11.92
2018,Oeste,Primaria,8,99.9,4.86,11.85
2022,Costa,Primaria,7,100.0,5.95,6.08
2019,Centro,Primaria,10,100.0,5.44,8.79
2022,Sur,Secundaria,14,100.0,5.96,7.69
2013,Centro,Secundaria,17,91.88,3.73,15.8
2010,Sur,Secundaria,13,87.19,2.98,18.88
2015,Norte,Secundaria,12,96.09,4.12,13.92
2023,Norte,Secundaria,15,100.0,6.28,5.01
2017,Centro,Secundaria,17,99.9,4.89,11.83
2017,Este,Primaria,9,98.02,4.66,12.1
2015,Costa,Primaria,8,95.57,4.3,12.5
2020,Este,Secundaria,12,100.0,5.53,9.74
2014,Norte,Secundaria,17,95.26,4.07,14.7
2023,Centro,Primaria,11,100.0,6.55,2.92
2022,Oeste,Primaria,7,100.0,6.03,5.35
2012,Costa,Primaria,11,90.87,3.51,16.51
2013,Costa,Secundaria,15,90.08,3.61,15.03
2015,Sur,Primaria,6,93.53,4.07,14.16
2019,Sur,Secundaria,15,99.79,5.16,10.57
2022,Centro,Primaria,6,100.0,6.1,6.48
2019,Este,Primaria,6,100.0,5.32,7.77
2017,Sur,Secundaria,14,96.44,4.62,13.11
2015,Norte,Primaria,8,96.07,4.28,13.69
2022,Este,Primaria,8,100.0,6.06,5.19
2011,Sur,Primaria,8,87.41,3.07,18.12
2021,Norte,Primaria,7,100.0,5.81,6.89
2010,Sur,Secundaria,14,87.51,3.02,17.83
2023,Costa,Primaria,7,100.0,6.22,5.53
2012,Norte,Secundaria,13,91.7,3.59,16.43
2019,Este,Primaria,7,100.0,5.28,7.94
2010,Este,Primaria,11,88.68,3.06,18.05
2010,Centro,Primaria,11,89.09,3.13,17.45
2022,Este,Secundaria,15,100.0,6.01,7.23
2022,Norte,Secundaria,13,100.0,6.04,6.97
2013,Oeste,Secundaria,14,91.78,3.7,15.73
2012,Centro,Secundaria,12,91.99,3.64,15.53
2013,Oeste,Secundaria,15,90.62,3.65,17.02
2012,Sur,Secundaria,16,90.42,3.55,17.53
2010,Costa,Secundaria,14,86.05,2.79,19.11
2015,Este,Secundaria,12,94.27,4.32,14.08
2013,Oeste,Primaria,11,94.03,3.86,14.83
2012,Centro,Secundaria,13,91.37,3.61,16.43
2014,Sur,Secundaria,15,92.41,4.0,15.34
2011,Sur,Secundaria,16,88.26,3.23,17.87
2012,Norte,Secundaria,14,93.77,3.8,17.41
2018,Oeste,Secundaria,16,98.63,5.05,10.24
2020,Este,Primaria,10,100.0,5.64,7.69
2022,Costa,Secundaria,12,100.0,5.95,5.81
2014,Centro,Secundaria,16,93.64,4.11,14.67
2013,Norte,Secundaria,12,90.81,3.79,15.1
2015,Oeste,Primaria,10,95.51,4.2,11.39
2015,Este,Primaria,10,94.98,4.22,12.97
2012,Norte,Primaria,10,92.44,3.58,16.07
2018,Sur,Primaria,7,100.0,4.88,10.06
2013,Centro,Secundaria,13,93.4,3.91,15.23
2014,Norte,Primaria,6,95.11,4.08,13.41
2018,Este,Primaria,7,100.0,5.08,9.78
2016,Este,Primaria,8,97.09,4.47,10.65
2013,Centro,Secundaria,16,92.09,3.88,15.57
2022,Este,Primaria,10,100.0,6.22,4.33
2011,Oeste,Secundaria,17,87.85,3.3,17.6
2011,Oeste,Primaria,10,89.44,3.28,16.87
2015,Este,Secundaria,12,94.89,4.35,13.25
2017,Costa,Secundaria,17,97.9,4.85,11.9
2019,Oeste,Secundaria,14,100.0,5.34,8.81
2012,Centro,Secundaria,13,90.38,3.56,16.28
2019,Costa,Secundaria,12,100.0,5.22,11.5
2020,Este,Secundaria,15,100.0,5.55,9.57
2010,Centro,Secundaria,17,89.97,3.22,18.32
2012,Este,Secundaria,14,91.39,3.6,16.69
2021,Este,Primaria,11,100.0,5.74,7.79
2021,Centro,Secundaria,13,100.0,5.9,6.91
2022,Norte,Primaria,6,100.0,6.12,4.72
2015,Costa,Primaria,6,96.03,4.22,13.01
2013,Costa,Secundaria,15,89.89,3.7,15.44
2023,Centro,Primaria,8,100.0,6.21,5.49
2018,Este,Secundaria,17,98.71,4.91,10.31
2015,Oeste,Secundaria,14,93.16,4.15,14.19
2017,Sur,Secundaria,15,97.04,4.84,11.43
2016,Norte,Primaria,8,98.88,4.59,12.4
2013,Costa,Primaria,8,93.09,3.84,14.97
2011,Costa,Secundaria,14,88.22,3.27,17.63
2023,Oeste,Primaria,6,100.0,6.21,4.6
2013,Sur,Secundaria,12,90.95,3.83,16.79
2023,Costa,Secundaria,17,100.0,6.24,5.89
2015,Este,Secundaria,12,95.19,4.34,13.68
2016,Oeste,Secundaria,16,96.72,4.5,12.81
2022,Costa,Secundaria,16,100.0,5.95,7.14
2018,Norte,Secundaria,14,100.0,5.04,10.32
2018,Sur,Primaria,6,99.53,5.0,10.91
2011,Centro,Secundaria,14,89.66,3.32,18.57
2021,Costa,Primaria,6,100.0,5.85,6.56
2014,Costa,Primaria,10,92.92,3.97,14.88
2021,Sur,Secundaria,14,100.0,5.75,7.8
2021,Centro,Secundaria,12,100.0,5.86,6.9
2011,Norte,Primaria,10,90.97,3.32,16.96
2018,Oeste,Primaria,7,99.88,5.01,11.14
2014,Oeste,Secundaria,13,92.45,3.95,15.5
2018,Costa,Secundaria,14,97.25,4.95,10.24
2021,Centro,Primaria,6,100.0,5.8,7.61
2021,Norte,Secundaria,16,100.0,5.84,7.98
2020,Este,Primaria,11,100.0,5.54,8.08
2012,Norte,Secundaria,12,90.12,3.67,16.8
2017,Costa,Primaria,7,98.97,4.78,10.46
2016,Norte,Secundaria,15,98.2,4.64,12.47
2015,Este,Secundaria,14,95.73,4.35,13.89
2018,Oeste,Secundaria,15,98.79,4.96,10.67
2016,Centro,Secundaria,13,98.09,4.69,11.53
2020,Costa,Secundaria,17,100.0,5.46,9.43
2010,Norte,Primaria,6,86.79,2.93,19.83
2022,Sur,Primaria,9,100.0,5.71,5.96
2011,Sur,Primaria,9,88.76,3.19,17.09
2016,Sur,Primaria,6,96.22,4.54,10.72
2014,Norte,Secundaria,12,94.3,4.04,14.49
2014,Centro,Primaria,9,93.7,3.74,14.13
2011,Centro,Secundaria,14,89.21,3.46,16.91
2017,Este,Secundaria,16,98.9,4.88,10.52
2013,Este,Secundaria,17,92.84,3.71,15.6
2018,Centro,Secundaria,13,99.85,5.13,9.53
2021,Oeste,Secundaria,16,100.0,5.84,8.41
2010,Norte,Secundaria,14,88.43,3.02,18.67
2020,Sur,Secundaria,17,99.93,5.39,9.32
2022,Oeste,Primaria,7,100.0,6.0,5.76
2020,Centro,Primaria,8,100.0,5.67,7.38
2021,Costa,Secundaria,13,100.0,5.75,7.41
2017,Costa,Primaria,6,99.03,4.78,10.91
2014,Oeste,Secundaria,15,93.03,4.0,13.89
2022,Norte,Secundaria,13,100.0,6.11,7.1
2018,Oeste,Primaria,10,99.12,5.01,9.84
2013,Sur,Primaria,11,91.79,3.63,15.22
2019,Sur,Primaria,10,100.0,5.05,10.19
2018,Costa,Secundaria,17,97.45,4.96,11.19
2021,Costa,Primaria,6,100.0,5.69,8.0
2015,Costa,Secundaria,17,94.98,4.08,13.86
2013,Norte,Primaria,6,94.66,3.93,13.83
2023,Costa,Primaria,6,100.0,6.19,4.48
2022,Costa,Secundaria,15,100.0,6.07,5.02
2014,Sur,Secundaria,13,91.27,3.89,14.91
2012,Oeste,Primaria,9,89.52,3.5,15.03
2013,Oeste,Primaria,6,91.5,3.75,15.14
2013,Este,Secundaria,17,91.94,3.8,14.03
2020,Norte,Primaria,7,100.0,5.56,8.0
2018,Norte,Primaria,8,100.0,5.05,10.23
2021,Este,Secundaria,16,100.0,5.77,6.77
2010,Sur,Secundaria,16,88.49,3.17,18.6
2020,Oeste,Secundaria,16,100.0,5.58,8.26
2015,Oeste,Primaria,8,94.56,4.16,13.55
2020,Sur,Primaria,9,100.0,5.44,7.95
2018,Este,Primaria,6,99.62,4.93,8.26
2012,Este,Secundaria,14,91.21,3.66,15.34
2020,Costa,Primaria,6,100.0,5.56,8.74
2018,Este,Secundaria,17,98.74,5.01,11.02
2022,Oeste,Primaria,9,100.0,5.88,6.1
2017,Norte,Primaria,11,99.73,4.74,10.92
2022,Este,Primaria,9,100.0,5.99,6.02
2022,Norte,Primaria,9,100.0,6.04,6.14
2021,Norte,Primaria,8,100.0,5.8,6.97
2015,Centro,Secundaria,16,95.86,4.33,13.21
2022,Norte,Primaria,9,100.0,5.98,6.79
2013,Norte,Secundaria,16,90.98,3.84,15.91
2023,Costa,Primaria,9,100.0,6.24,4.54
2014,Costa,Primaria,8,94.47,4.05,13.67
2014,Sur,Primaria,11,93.94,3.84,13.97
2017,Costa,Primaria,7,99.39,4.81,10.79
2012,Centro,Primaria,9,92.66,3.68,14.17
2023,Costa,Primaria,8,100.0,6.28,5.13
2016,Este,Secundaria,13,95.39,4.46,14.8
2019,Centro,Primaria,9,100.0,5.28,9.22
2022,Norte,Secundaria,16,100.0,6.07,6.36
2020,Norte,Primaria,8,100.0,5.6,6.86
2011,Norte,Secundaria,15,88.28,3.36,16.02
2016,Norte,Primaria,8,97.34,4.58,10.34
2019,Costa,Primaria,6,100.0,5.12,8.84
2015,Sur,Primaria,6,95.97,4.17,12.68
2020,Este,Primaria,11,100.0,5.52,8.34
2023,Sur,Primaria,6,100.0,6.15,4.54
2016,Oeste,Primaria,10,96.67,4.5,11.48
2016,Norte,Primaria,8,100.0,4.66,10.83
2019,Sur,Primaria,7,100.0,5.1,10.03
2011,Costa,Primaria,11,90.59,3.29,16.69
2018,Costa,Primaria,9,98.87,4.93,10.45
2020,Costa,Primaria,7,100.0,5.42,8.71
2012,Este,Primaria,7,90.69,3.5,16.92
2012,Centro,Primaria,7,92.81,3.75,15.08
2016,Norte,Primaria,6,99.78,4.62,11.24
2015,Sur,Secundaria,16,93.25,4.18,14.17
2018,Sur,Primaria,10,100.0,5.04,10.47
2018,Costa,Secundaria,15,98.25,5.0,10.67
2020,Centro,Primaria,7,100.0,5.63,8.56
2021,Centro,Primaria,11,100.0,5.76,7.55
2019,Este,Secundaria,17,100.0,5.19,9.7
2010,Sur,Primaria,10,86.53,2.83,18.86
2021,Costa,Primaria,9,100.0,5.82,6.36
2019,Norte,Secundaria,14,100.0,5.21,10.15
2018,Este,Primaria,10,100.0,5.13,9.96
2011,Norte,Primaria,6,89.08,3.21,17.03
2010,Oeste,Primaria,9,88.22,2.97,18.73
2018,Este,Secundaria,14,98.39,5.04,8.83
2012,Centro,Primaria,7,90.69,3.5,15.9
2018,Centro,Primaria,10,100.0,4.93,10.22
2023,Sur,Secundaria,12,100.0,6.15,4.8
2017,Norte,Secundaria,14,100.0,4.95,10.76
2022,Norte,Secundaria,12,100.0,6.18,5.27
2015,Este,Primaria,6,94.65,4.17,12.89
2011,Centro,Primaria,7,91.41,3.35,16.36
2017,Este,Secundaria,16,96.03,4.75,12.91
2018,Centro,Secundaria,13,100.0,5.19,9.43
2023,Costa,Primaria,11,100.0,6.28,4.02
2017,Costa,Primaria,10,98.63,4.68,11.92
2014,Norte,Primaria,10,96.35,4.25,13.67
2012,Oeste,Secundaria,17,90.05,3.54,17.24
2016,Oeste,Primaria,9,96.56,4.41,11.2
2016,Oeste,Primaria,6,97.34,4.57,11.81
2012,Sur,Secundaria,17,88.35,3.52,16.8
2012,Este,Primaria,9,93.88,3.62,16.29
2015,Oeste,Secundaria,14,93.63,4.13,13.88
2019,Este,Primaria,6,100.0,5.29,9.16
2010,Centro,Secundaria,16,87.49,3.04,16.43
2019,Sur,Secundaria,17,98.99,5.18,9.38
2022,Centro,Secundaria,16,100.0,6.08,6.3
2017,Oeste,Secundaria,13,97.64,4.76,11.14
2014,Costa,Secundaria,13,91.52,3.92,15.53
2013,Norte,Primaria,9,93.98,3.91,13.78
2023,Sur,Primaria,6,100.0,6.16,5.14
2011,Costa,Primaria,9,91.29,3.28,17.21
2011,Sur,Secundaria,13,88.79,3.19,17.94
2014,Este,Secundaria,15,93.03,4.05,12.83
2019,Norte,Primaria,10,100.0,5.38,8.23
2022,Costa,Primaria,6,100.0,5.97,6.05
2018,Sur,Secundaria,17,97.83,5.02,10.69
2015,Costa,Primaria,8,96.41,4.21,14.97
2019,Norte,Primaria,6,100.0,5.36,8.45
2012,Costa,Primaria,9,90.02,3.49,16.65
2021,Centro,Secundaria,17,100.0,5.79,7.71
2018,Norte,Secundaria,16,98.82,4.89,11.13
2011,Norte,Secundaria,17,88.51,3.26,19.19
2018,Oeste,Secundaria,17,97.45,4.92,10.74
2020,Sur,Secundaria,17,100.0,5.41,9.77
2015,Costa,Primaria,7,94.89,4.35,12.13
2010,Centro,Primaria,7,89.87,3.02,18.05
2021,Oeste,Primaria,6,100.0,5.77,6.73
2014,Centro,Primaria,10,95.14,4.31,13.34
2011,Norte,Primaria,9,89.37,3.25,16.99
2021,Costa,Secundaria,15,100.0,5.78,8.64
2022,Costa,Secundaria,16,100.0,6.06,6.64
2017,Este,Primaria,6,99.68,4.78,10.59
2018,Centro,Primaria,6,100.0,5.11,9.56
2023,Norte,Primaria,11,100.0,6.38,5.41
2022,Sur,Secundaria,14,100.0,6.14,6.77
2022,Centro,Secundaria,15,100.0,6.04,5.8
2011,Norte,Primaria,11,90.56,3.37,17.34
2015,Sur,Secundaria,15,95.72,4.21,12.19
2017,Oeste,Primaria,8,99.63,4.89,10.77
2013,Centro,Primaria,10,94.66,3.97,14.54
2019,Centro,Primaria,6,100.0,5.51,8.03
2012,Norte,Primaria,8,92.73,3.62,15.72
2014,Este,Primaria,6,95.19,4.06,13.74
2010,Norte,Primaria,11,89.24,3.08,17.33
2012,Este,Primaria,9,89.74,3.5,15.07
2020,Oeste,Secundaria,12,100.0,5.41,8.62
2015,Sur,Primaria,7,93.87,4.23,12.76
2021,Centro,Primaria,7,100.0,5.91,6.15
2012,Sur,Primaria,8,91.28,3.48,14.78
2010,Oeste,Secundaria,16,86.23,2.85,20.36
2013,Oeste,Primaria,11,92.53,3.77,15.76
2016,Oeste,Primaria,8,97.53,4.7,12.61
2019,Norte,Secundaria,17,100.0,5.32,9.66
2021,Oeste,Primaria,7,100.0,5.64,8.32
2019,Este,Primaria,11,100.0,5.38,8.16
2018,Norte,Secundaria,16,100.0,5.0,11.11
2011,Oeste,Secundaria,12,87.77,3.24,17.95
2015,Norte,Secundaria,14,96.3,4.35,12.66
2020,Sur,Secundaria,12,100.0,5.41,9.0
2023,Este,Secundaria,16,100.0,6.2,5.96
2012,Sur,Secundaria,12,88.1,3.47,16.2
2015,Oeste,Primaria,10,95.02,4.13,13.77
2010,Centro,Primaria,10,89.56,3.13,17.64
2014,Sur,Primaria,11,95.08,3.99,13.51
2020,Costa,Secundaria,15,100.0,5.41,8.31
2016,Sur,Primaria,10,96.23,4.51,12.71
2023,Costa,Primaria,11,100.0,6.15,5.95
2014,Este,Primaria,6,94.5,4.04,13.64
2019,Centro,Primaria,7,100.0,5.29,9.25
2015,Este,Primaria,6,94.95,4.18,13.55
2023,Costa,Primaria,11,100.0,6.21,4.44
2016,Sur,Primaria,8,96.67,4.46,12.26
2019,Norte,Secundaria,12,100.0,5.38,9.1
2011,Costa,Secundaria,13,88.63,3.3,17.93
2010,Oeste,Secundaria,16,85.53,2.91,18.66
2018,Costa,Primaria,11,99.23,4.99,9.15
2023,Sur,Primaria,7,100.0,5.99,5.37
2018,Norte,Primaria,6,100.0,5.14,8.62
2016,Este,Primaria,10,97.57,4.52,12.08
2019,Este,Primaria,11,100.0,5.26,7.89
2021,Oeste,Secundaria,17,100.0,5.7,8.46
2013,Sur,Primaria,9,90.47,3.55,15.8
2013,Costa,Secundaria,14,91.75,3.77,16.61
2010,Este,Secundaria,16,88.51,3.04,19.39
2017,Este,Secundaria,15,97.86,4.77,11.28
2019,Norte,Primaria,7,100.0,5.41,8.98
2019,Este,Primaria,6,100.0,5.26,9.82
2015,Norte,Secundaria,13,93.83,4.28,14.19
2020,Oeste,Primaria,7,100.0,5.57,8.13
2018,Norte,Primaria,11,99.29,5.06,9.58
2013,Sur,Secundaria,15,91.6,3.63,16.37
2013,Norte,Primaria,9,92.88,3.65,16.77
2013,Norte,Primaria,10,93.79,3.79,14.24
2014,Oeste,Secundaria,12,92.87,3.94,15.62
2015,Costa,Secundaria,17,93.47,4.16,14.07
2013,Norte,Secundaria,12,93.12,3.86,14.44
2018,Este,Secundaria,13,99.48,4.89,11.77
2016,Costa,Primaria,7,97.2,4.49,13.39
2018,Costa,Primaria,9,99.51,5.0,10.9
2019,Centro,Secundaria,17,100.0,5.43,10.74
2011,Norte,Secundaria,14,90.28,3.32,18.42
2013,Sur,Secundaria,17,90.45,3.68,17.23
2013,Norte,Primaria,10,95.31,3.91,14.47
2014,Centro,Secundaria,17,95.88,4.21,13.91
2021,Este,Primaria,8,100.0,5.79,6.92
2016,Costa,Secundaria,13,94.47,4.43,13.2
2015,Sur,Primaria,10,95.89,4.24,12.99
2019,Norte,Secundaria,13,100.0,5.23,9.83
2015,Este,Primaria,10,96.66,4.38,12.63
2015,Oeste,Secundaria,14,93.04,4.24,13.76
2021,Este,Secundaria,12,100.0,5.7,7.19
2010,Este,Secundaria,16,88.57,3.17,17.2
2010,Este,Secundaria,13,84.61,2.91,19.05
2017,Sur,Secundaria,17,97.78,4.78,13.14
2013,Norte,Secundaria,16,93.99,3.8,16.52
2016,Sur,Primaria,6,96.39,4.41,12.41
2012,Este,Secundaria,16,89.34,3.4,17.27
2023,Norte,Secundaria,17,100.0,6.17,6.84
2017,Este,Secundaria,16,97.36,4.79,10.32
2018,Oeste,Secundaria,17,98.95,4.9,12.45
2016,Norte,Primaria,9,98.68,4.66,9.92
2010,Sur,Secundaria,14,86.11,2.95,19.3
2012,Costa,Primaria,10,92.26,3.53,15.11
2019,Este,Secundaria,12,100.0,5.43,10.43
2022,Sur,Secundaria,16,100.0,5.82,7.94
2011,Costa,Primaria,11,88.54,3.26,17.87
2012,Sur,Primaria,7,90.77,3.41,15.05
2015,Este,Primaria,9,95.15,4.33,12.52
2013,Costa,Primaria,9,92.51,3.74,15.95
2010,Sur,Secundaria,17,85.87,2.91,18.17
2023,Norte,Primaria,7,100.0,6.26,6.08
2018,Costa,Primaria,10,100.0,4.98,10.32
2014,Costa,Primaria,11,94.78,3.88,14.45
2012,Oeste,Primaria,11,90.96,3.52,17.45
2016,Sur,Secundaria,16,93.2,4.23,13.38
2023,Oeste,Primaria,9,100.0,6.26,5.15
2020,Sur,Primaria,9,100.0,5.49,7.89
2012,Sur,Secundaria,13,90.03,3.45,16.37
2015,Centro,Secundaria,14,95.52,4.32,14.92
2023,Oeste,Primaria,9,100.0,6.3,3.42
2023,Este,Secundaria,17,100.0,6.33,5.55
2022,Este,Secundaria,15,100.0,6.09,7.07
2016,Oeste,Secundaria,15,94.89,4.44,11.91
2017,Oeste,Primaria,9,97.39,4.76,11.0
2013,Norte,Secundaria,17,92.31,3.82,15.4
2016,Este,Primaria,7,97.09,4.48,11.82
2020,Oeste,Primaria,9,100.0,5.56,7.14
2015,Norte,Secundaria,15,94.69,4.22,15.62
2022,Centro,Secundaria,12,100.0,6.08,6.64
2020,Costa,Primaria,7,100.0,5.4,8.74
2012,Centro,Primaria,8,91.52,3.45,14.13
2012,Centro,Secundaria,12,90.95,3.7,15.25
2017,Costa,Primaria,6,98.84,4.8,9.95
2014,Costa,Primaria,11,94.85,4.02,13.44
2022,Sur,Secundaria,16,100.0,5.85,7.15
2010,Sur,Primaria,8,87.06,2.95,19.29
2020,Este,Primaria,8,100.0,5.58,7.41
2015,Sur,Secundaria,17,93.56,4.04,14.78
2021,Centro,Primaria,6,100.0,5.9,6.81
2012,Norte,Primaria,6,91.8,3.61,18.18
2014,Norte,Secundaria,13,95.19,4.22,13.58
2022,Sur,Secundaria,17,100.0,5.87,7.11
2011,Centro,Secundaria,16,89.51,3.5,18.38
2016,Sur,Secundaria,15,96.09,4.46,13.51
2023,Oeste,Secundaria,14,100.0,6.25,5.4
2013,Sur,Primaria,9,92.42,3.77,15.19
2019,Este,Secundaria,12,100.0,5.46,8.61
2013,Sur,Primaria,11,92.87,3.78,15.5
2019,Sur,Secundaria,12,99.4,5.35,8.49
2012,Sur,Secundaria,15,90.09,3.45,16.56
2015,Sur,Secundaria,15,95.32,4.26,12.43
2011,Costa,Primaria,7,89.89,3.32,17.59
2013,Oeste,Primaria,9,90.55,3.62,16.59
2010,Este,Primaria,11,89.58,3.04,19.01
2011,Centro,Primaria,8,90.71,3.37,16.12
2020,Centro,Primaria,8,100.0,5.65,6.82
2011,Norte,Primaria,7,93.18,3.45,16.31
2011,Norte,Secundaria,14,89.13,3.38,17.14
2018,Norte,Primaria,7,100.0,5.1,10.58
2021,Sur,Primaria,10,100.0,5.71,8.12
2016,Sur,Primaria,9,96.39,4.46,10.49
2023,Costa,Secundaria,17,100.0,6.14,6.38
2023,Norte,Primaria,6,100.0,6.31,4.6
2022,Norte,Secundaria,14,100.0,6.0,6.08
2011,Sur,Primaria,9,87.6,3.09,17.36
2012,Norte,Primaria,11,92.71,3.66,15.48
2021,Centro,Secundaria,15,100.0,5.78,7.8
2021,Oeste,Secundaria,17,100.0,5.64,7.7
2021,Oeste,Secundaria,12,100.0,5.59,6.54
2018,Sur,Secundaria,14,98.66,5.04,10.13
2023,Costa,Secundaria,15,100.0,6.36,4.41
2023,Sur,Secundaria,13,100.0,6.23,6.8
2011,Centro,Secundaria,13,88.76,3.32,18.74
2014,Oeste,Primaria,7,93.51,4.02,13.73
2017,Costa,Primaria,8,99.59,4.79,10.35
2018,Oeste,Primaria,10,99.93,4.98,10.2
2012,Oeste,Primaria,11,91.68,3.5,17.04
2018,Sur,Primaria,6,99.44,4.82,10.66
2023,Sur,Secundaria,17,100.0,6.21,5.12
2012,Oeste,Secundaria,16,89.43,3.44,17.61
2022,Sur,Secundaria,14,100.0,5.93,5.64
2018,Este,Primaria,8,99.51,5.02,8.73
2014,Este,Secundaria,17,94.44,3.91,15.06
2020,Costa,Primaria,8,100.0,5.52,7.69
2014,Costa,Primaria,6,92.65,4.05,13.59
2021,Norte,Secundaria,15,100.0,5.65,8.71
2018,Centro,Secundaria,13,99.0,4.98,12.32
2021,Sur,Secundaria,13,100.0,5.81,8.32
2016,Sur,Secundaria,12,94.27,4.33,13.96
2010,Oeste,Secundaria,13,86.43,3.03,19.48
2014,Este,Secundaria,15,93.22,4.09,14.82
2020,Norte,Secundaria,12,100.0,5.72,9.21
2010,Sur,Primaria,10,88.78,2.92,18.35
2014,Costa,Primaria,6,94.24,3.94,14.95
2017,Centro,Secundaria,14,99.82,4.79,12.62
2020,Costa,Secundaria,13,100.0,5.44,9.33
2018,Oeste,Secundaria,17,97.52,4.84,12.05
2012,Sur,Primaria,9,89.87,3.36,16.49
2010,Centro,Primaria,10,86.66,3.06,18.0
2015,Centro,Secundaria,13,94.38,4.31,12.41
2014,Este,Secundaria,13,92.26,4.08,14.45
2015,Sur,Secundaria,14,93.67,4.26,13.75
2019,Sur,Primaria,11,100.0,5.2,9.0
2019,Costa,Primaria,8,100.0,5.1,8.42
2015,Costa,Primaria,6,96.41,4.29,11.84
2018,Sur,Secundaria,13,99.01,4.92,10.54
2014,Sur,Primaria,9,92.46,3.8,14.86
2021,Norte,Secundaria,15,100.0,5.78,6.9
2013,Centro,Primaria,11,91.81,3.78,14.3
2010,Norte,Secundaria,14,87.51,3.07,19.08
2012,Norte,Primaria,6,91.63,3.6,16.3
2013,Este,Secundaria,15,92.32,3.9,15.29
2013,Sur,Primaria,11,92.0,3.64,14.28
2020,Norte,Secundaria,15,100.0,5.58,7.69
2014,Norte,Primaria,9,95.08,3.99,13.69
2013,Costa,Primaria,8,92.57,3.7,14.54
2019,Norte,Primaria,9,100.0,5.22,9.3
2021,Oeste,Secundaria,13,100.0,5.72,8.53
2015,Este,Primaria,6,97.92,4.31,12.84
2014,Oeste,Secundaria,16,92.56,3.95,15.73
2019,Costa,Secundaria,16,100.0,5.36,9.51
2019,Oeste,Secundaria,16,100.0,5.22,9.7
2017,Este,Secundaria,13,99.32,4.84,10.95
2010,Este,Primaria,10,88.64,3.0,18.7
2023,Norte,Secundaria,17,100.0,6.32,5.58
2022,Costa,Secundaria,15,100.0,6.13,6.7
2022,Centro,Primaria,10,100.0,6.02,6.1
2011,Centro,Secundaria,12,90.95,3.4,16.63
2015,Este,Primaria,10,94.73,4.14,15.73
2015,Este,Primaria,6,96.74,4.25,13.7
2022,Centro,Primaria,7,100.0,6.17,5.77
2015,Sur,Secundaria,14,95.27,4.37,12.93
2019,Costa,Secundaria,13,100.0,5.31,8.31
2014,Norte,Primaria,7,95.02,4.09,14.07
2021,Sur,Secundaria,15,100.0,5.68,9.12
2017,Sur,Primaria,8,98.09,4.67,11.58
2014,Oeste,Primaria,11,93.09,3.98,14.5
2017,Este,Secundaria,13,97.29,4.78,11.82
2017,Este,Secundaria,13,98.53,4.87,10.39
2021,Norte,Secundaria,14,100.0,5.76,8.56
2012,Norte,Primaria,8,93.12,3.5,16.03
2023,Costa,Secundaria,16,100.0,6.33,6.05
2011,Este,Secundaria,14,89.38,3.33,18.77
2021,Sur,Primaria,10,100.0,5.66,8.47
2010,Sur,Secundaria,15,86.36,2.93,18.94
2020,Oeste,Primaria,10,100.0,5.52,8.49
2017,Oeste,Secundaria,13,96.75,4.7,11.47
2012,Norte,Secundaria,12,90.16,3.52,16.08
2017,Oeste,Secundaria,13,96.93,4.73,10.85
2012,Oeste,Secundaria,17,89.78,3.53,16.72
2023,Oeste,Secundaria,16,100.0,6.15,7.14
2010,Oeste,Secundaria,13,84.2,2.94,19.63
2010,Sur,Primaria,11,86.65,2.99,17.23
2011,Norte,Primaria,6,89.6,3.18,17.96
2019,Norte,Primaria,8,100.0,5.3,9.08
2020,Costa,Secundaria,17,100.0,5.57,8.72
2016,Norte,Primaria,10,97.65,4.5,13.62
2010,Norte,Secundaria,17,87.98,3.12,18.77
2022,Norte,Primaria,11,100.0,6.26,5.42
2013,Sur,Primaria,8,93.49,3.75,15.66
2013,Oeste,Primaria,7,90.35,3.65,15.78
2015,Centro,Secundaria,16,96.76,4.53,12.29
2012,Oeste,Primaria,11,90.75,3.54,14.6
2012,Este,Primaria,8,91.79,3.61,15.37
2017,Oeste,Secundaria,12,98.23,4.75,11.72
2014,Costa,Secundaria,12,92.89,3.94,13.65
2017,Norte,Primaria,8,100.0,4.81,10.1
2013,Sur,Secundaria,14,91.41,3.68,16.38
2023,Este,Primaria,9,100.0,6.42,3.94
2015,Sur,Secundaria,13,93.35,4.3,13.02
2012,Centro,Secundaria,16,91.06,3.58,16.39
2012,Centro,Secundaria,13,91.42,3.62,15.88
2014,Costa,Primaria,11,93.89,4.05,13.72
2010,Costa,Secundaria,15,87.24,3.1,18.88
2021,Norte,Secundaria,13,100.0,5.9,7.54
2022,Costa,Secundaria,13,100.0,5.91,7.4
2020,Centro,Secundaria,12,100.0,5.69,8.57
2020,Sur,Secundaria,14,100.0,5.36,10.0
2012,Este,Primaria,7,91.33,3.49,15.73
2020,Oeste,Primaria,8,100.0,5.35,9.03
2020,Este,Secundaria,13,100.0,5.49,9.41
2013,Este,Primaria,8,93.2,3.83,15.12
2019,Centro,Secundaria,12,100.0,5.35,10.61
2023,Centro,Secundaria,15,100.0,6.43,5.54
2017,Centro,Primaria,6,100.0,4.93,10.17
2021,Sur,Secundaria,16,100.0,5.68,8.73
2023,Norte,Secundaria,15,100.0,6.28,6.36
2015,Costa,Primaria,8,94.91,4.35,12.41
2013,Oeste,Secundaria,12,91.96,3.78,14.6
2014,Centro,Secundaria,16,95.7,4.18,13.87
2017,Sur,Primaria,11,97.66,4.8,11.28
2021,Sur,Secundaria,12,100.0,5.68,7.61
2020,Este,Secundaria,17,100.0,5.47,8.68
2010,Sur,Secundaria,14,86.51,2.97,19.24
2019,Norte,Secundaria,14,100.0,5.28,8.87
2018,Este,Secundaria,13,99.49,4.97,11.93
2010,Oeste,Primaria,6,86.33,2.9,18.28
2022,Costa,Secundaria,14,100.0,5.99,7.58
2014,Costa,Primaria,8,92.87,3.97,14.78
2022,Este,Primaria,9,100.0,6.06,5.57
2018,Costa,Primaria,9,100.0,5.05,9.72
2022,Oeste,Primaria,7,100.0,6.07,6.8
2022,Centro,Primaria,6,100.0,6.12,6.11
2016,Costa,Secundaria,15,96.56,4.52,12.28
2018,Costa,Primaria,10,99.52,5.04,9.67
2010,Este,Primaria,9,87.88,3.04,17.88
2020,Sur,Primaria,11,100.0,5.48,7.62
2014,Costa,Secundaria,14,92.62,3.95,16.09
2015,Costa,Primaria,7,96.69,4.26,13.62
2013,Sur,Secundaria,13,91.75,3.6,17.54
2020,Este,Primaria,6,100.0,5.61,8.19
2018,Norte,Secundaria,13,99.58,5.09,10.8
2016,Centro,Secundaria,15,97.1,4.64,13.07
2020,Norte,Secundaria,15,100.0,5.46,11.09
2016,Centro,Secundaria,16,96.87,4.52,13.13
2023,Centro,Primaria,10,100.0,6.3,4.7
2019,Este,Primaria,8,100.0,5.11,9.11
2014,Este,Primaria,6,93.94,4.1,12.96
2020,Costa,Secundaria,17,100.0,5.55,8.33
2015,Costa,Secundaria,17,92.7,4.25,13.81
2021,Costa,Primaria,8,100.0,5.83,5.84
2011,Oeste,Primaria,9,87.79,3.08,16.67
2015,Centro,Secundaria,17,94.23,4.27,13.3
2021,Centro,Secundaria,12,100.0,5.93,6.65
2014,Costa,Primaria,10,93.67,4.06,14.07
2016,Este,Primaria,6,97.28,4.51,12.47
2019,Oeste,Secundaria,16,100.0,5.26,10.42
2013,Oeste,Secundaria,16,91.53,3.73,14.93
2012,Norte,Primaria,9,91.27,3.54,15.77
2017,Centro,Secundaria,12,97.21,4.81,11.98
2023,Norte,Primaria,10,100.0,6.25,4.21
2016,Este,Secundaria,17,96.23,4.52,12.83
2016,Este,Secundaria,17,95.79,4.51,12.02
2021,Este,Secundaria,15,100.0,5.84,7.24
2019,Centro,Secundaria,17,99.69,5.22,11.84
2013,Costa,Primaria,7,92.67,3.74,15.29
2012,Norte,Primaria,9,90.32,3.54,14.78
2017,Costa,Secundaria,16,97.45,4.69,11.68
2022,Este,Primaria,9,100.0,6.0,6.21
2016,Este,Secundaria,14,96.17,4.64,12.59
2012,Oeste,Primaria,6,90.64,3.61,15.06
2011,Norte,Primaria,7,89.46,3.15,17.67
2013,Costa,Secundaria,16,92.08,3.83,16.0
2011,Costa,Primaria,7,88.92,3.12,17.6
2023,Norte,Secundaria,15,100.0,6.23,4.7
2013,Este,Secundaria,12,91.23,3.7,14.94
2014,Norte,Secundaria,12,93.51,3.97,14.64
2016,Costa,Primaria,8,98.07,4.59,11.97
2012,Costa,Primaria,11,93.47,3.62,15.27
2017,Centro,Secundaria,12,97.92,4.71,12.95
2018,Oeste,Secundaria,15,99.48,5.02,12.15
2020,Este,Primaria,9,100.0,5.55,7.31
2011,Sur,Primaria,11,88.2,3.16,17.12
2022,Costa,Secundaria,14,100.0,5.96,6.28
2017,Sur,Primaria,10,97.49,4.68,11.38
2011,Oeste,Primaria,11,90.37,3.19,17.01
2023,Costa,Primaria,6,100.0,6.17,5.77
2023,Centro,Secundaria,14,100.0,6.33,5.7
2015,Este,Secundaria,17,94.0,4.28,13.36
2015,Costa,Primaria,9,94.38,4.26,13.68
2019,Norte,Primaria,10,100.0,5.23,9.07
2020,Oeste,Primaria,10,100.0,5.53,7.34
2019,Centro,Primaria,6,100.0,5.24,7.67
2014,Costa,Primaria,9,93.57,3.94,13.7
2012,Costa,Secundaria,17,89.43,3.4,17.9
2020,Este,Primaria,10,100.0,5.37,8.32
2016,Sur,Secundaria,12,96.52,4.46,13.72
2019,Este,Secundaria,16,100.0,5.2,9.19
2014,Sur,Secundaria,16,93.6,4.04,14.18
2010,Oeste,Primaria,10,88.98,2.95,17.08
2022,Centro,Secundaria,15,100.0,6.16,6.04
2022,Este,Secundaria,13,100.0,5.95,5.61
2012,Norte,Primaria,7,92.28,3.52,15.42
2010,Centro,Primaria,6,89.33,3.13,18.08
2015,Este,Secundaria,15,94.73,4.23,14.93
2016,Oeste,Secundaria,12,95.31,4.4,14.42
2020,Costa,Secundaria,12,100.0,5.5,8.13
2013,Centro,Secundaria,13,92.55,3.94,15.43
2020,Oeste,Primaria,9,100.0,5.5,7.82
2018,Centro,Primaria,11,100.0,5.14,9.31
2015,Costa,Primaria,10,95.99,4.44,12.83
2012,Oeste,Secundaria,15,90.36,3.53,16.13
2015,Sur,Primaria,9,94.03,4.16,11.67
2018,Costa,Secundaria,17,98.76,5.01,11.65
2011,Este,Secundaria,16,89.16,3.18,19.07
2020,Centro,Secundaria,17,100.0,5.57,7.54
2011,Centro,Primaria,9,91.13,3.46,16.2
2018,Costa,Secundaria,16,99.39,5.04,11.08
2013,Centro,Secundaria,14,92.51,3.75,16.68
2021,Norte,Primaria,6,100.0,5.76,7.1
2016,Centro,Secundaria,16,96.46,4.48,12.75
2015,Norte,Primaria,11,96.28,4.5,12.31
2022,Centro,Secundaria,15,100.0,6.06,7.06
2019,Oeste,Secundaria,12,98.81,5.12,10.47
2013,Costa,Secundaria,13,92.64,3.87,15.84
2016,Sur,Primaria,10,95.3,4.45,12.96
2022,Sur,Secundaria,15,100.0,5.87,7.92
2022,Costa,Primaria,6,100.0,5.92,7.79
2017,Norte,Secundaria,17,97.25,4.73,12.53
2011,Este,Primaria,7,88.96,3.25,15.61
2022,Centro,Secundaria,12,100.0,6.08,6.6
2022,Centro,Primaria,11,100.0,6.13,5.89
2011,Norte,Secundaria,16,87.91,3.25,17.93
2010,Sur,Secundaria,13,86.81,2.9,19.08
2013,Oeste,Primaria,7,92.93,3.75,14.71
2021,Oeste,Primaria,10,100.0,5.82,6.27
2011,Costa,Secundaria,13,89.71,3.41,17.33
2011,Costa,Secundaria,12,89.16,3.34,17.3
2022,Norte,Secundaria,13,100.0,5.97,6.79
2019,Costa,Primaria,10,100.0,5.22,8.69
2014,Oeste,Secundaria,16,93.17,4.02,14.61
2011,Este,Primaria,7,89.44,3.2,17.25
2022,Sur,Primaria,8,100.0,5.84,6.95
2020,Este,Secundaria,17,100.0,5.39,8.95
2022,Este,Primaria,11,100.0,6.02,4.95
2013,Oeste,Secundaria,16,91.39,3.66,16.31
2021,Este,Primaria,11,100.0,5.74,6.88
2010,Este,Primaria,10,86.53,2.92,18.44
2016,Oeste,Secundaria,12,96.61,4.5,11.92
2022,Este,Primaria,10,100.0,5.96,5.12
2015,Sur,Primaria,10,94.13,4.1,12.35
2018,Costa,Secundaria,16,99.4,4.91,10.53
2017,Norte,Secundaria,14,97.91,4.72,11.62
2021,Costa,Secundaria,16,100.0,5.79,6.08
2017,Oeste,Primaria,8,97.72,4.78,10.06
2021,Sur,Primaria,10,100.0,5.64,7.29
2017,Costa,Primaria,9,97.11,4.68,10.69
2011,Centro,Primaria,9,92.1,3.51,15.22
2016,Norte,Primaria,10,97.99,4.63,12.58
2011,Costa,Secundaria,15,88.61,3.36,17.81
2021,Este,Secundaria,14,100.0,5.81,7.23
2020,Este,Secundaria,16,100.0,5.53,8.76
2018,Este,Primaria,11,100.0,5.04,10.25
2021,Costa,Secundaria,14,100.0,5.87,6.76
2021,Sur,Primaria,9,100.0,5.87,5.11
2012,Centro,Primaria,10,93.62,3.63,16.35
2015,Centro,Secundaria,13,95.91,4.36,13.23
2022,Costa,Primaria,10,100.0,6.08,5.38
2017,Centro,Primaria,11,100.0,4.91,11.71
2010,Norte,Secundaria,13,87.52,3.06,18.94
2020,Norte,Primaria,11,100.0,5.52,7.56
2020,Costa,Secundaria,14,100.0,5.44,9.31
2011,Este,Secundaria,13,89.32,3.4,17.07
2018,Costa,Secundaria,15,99.3,4.97,9.97
2019,Sur,Secundaria,17,100.0,5.17,12.07
2015,Sur,Secundaria,12,91.39,4.17,13.31
2011,Este,Primaria,11,88.35,3.18,16.91
2015,Oeste,Secundaria,16,93.82,4.27,13.72
2017,Sur,Primaria,8,97.88,4.7,12.62
2014,Norte,Primaria,6,94.51,4.11,14.75
2016,Oeste,Primaria,8,97.59,4.59,11.8
2016,Oeste,Primaria,11,96.62,4.46,12.43
2015,Este,Secundaria,12,94.53,4.28,15.6
2017,Centro,Secundaria,14,98.57,4.79,13.02
2017,Norte,Primaria,7,98.81,4.9,10.08
2012,Centro,Secundaria,12,90.67,3.64,16.34
2017,Norte,Secundaria,12,99.37,4.91,10.83
2010,Costa,Primaria,8,87.69,3.13,17.13
2014,Costa,Primaria,7,93.45,3.9,14.61
2017,Sur,Secundaria,17,97.76,4.83,12.65
2010,Este,Secundaria,12,85.96,2.93,18.56
2012,Norte,Secundaria,17,89.37,3.49,15.13
2011,Centro,Secundaria,17,89.64,3.19,16.78
2011,Centro,Primaria,7,92.63,3.47,14.74
2013,Sur,Primaria,11,93.16,3.66,14.99
2013,Norte,Secundaria,13,93.18,3.87,15.32
2017,Este,Primaria,6,99.18,4.72,9.64
2012,Sur,Secundaria,15,89.07,3.58,14.67
2011,Centro,Primaria,7,89.74,3.25,17.18
2022,Sur,Secundaria,16,100.0,5.95,7.11
2015,Costa,Secundaria,16,93.33,4.16,13.47
2014,Centro,Secundaria,12,94.34,4.08,14.29
2019,Oeste,Primaria,10,100.0,5.34,8.41
2019,Este,Primaria,8,100.0,5.3,9.28
2018,Norte,Primaria,8,100.0,5.1,10.28
2010,Costa,Primaria,10,88.04,3.06,15.93
2018,Oeste,Primaria,9,99.72,4.93,9.47
2019,Centro,Secundaria,15,100.0,5.25,10.38
2011,Norte,Secundaria,12,89.28,3.23,18.18
2023,Costa,Secundaria,13,100.0,6.21,5.46
2022,Norte,Secundaria,15,100.0,6.17,5.91
2020,Centro,Primaria,10,100.0,5.6,7.31
2012,Sur,Primaria,7,91.81,3.41,15.75
2020,Costa,Primaria,8,100.0,5.51,7.36
2016,Este,Primaria,9,98.91,4.47,11.24
2015,Sur,Secundaria,12,93.68,4.27,12.67
2017,Oeste,Secundaria,14,97.84,4.79,11.38
2016,Este,Secundaria,16,94.47,4.46,12.49
2019,Este,Secundaria,17,100.0,5.41,9.58
2022,Oeste,Primaria,8,100.0,5.88,5.94
2023,Sur,Primaria,8,100.0,6.23,3.47
2013,Oeste,Primaria,10,91.08,3.7,15.36
2021,Oeste,Primaria,9,100.0,5.79,6.08
2017,Centro,Secundaria,15,99.57,4.92,11.14
2012,Centro,Secundaria,17,91.15,3.61,16.21
2020,Centro,Primaria,6,100.0,5.62,6.61
2014,Este,Primaria,8,92.94,3.91,13.31
2014,Sur,Primaria,10,92.68,3.83,15.14
2016,Costa,Primaria,10,97.0,4.5,10.98
2016,Norte,Primaria,7,98.05,4.6,11.78
2018,Centro,Primaria,8,99.9,5.06,10.24
2010,Centro,Primaria,9,90.62,3.15,16.81
2016,Costa,Secundaria,15,95.54,4.59,11.86
2019,Centro,Secundaria,16,100.0,5.21,9.68
2019,Oeste,Secundaria,12,100.0,5.25,9.49
2012,Sur,Primaria,7,90.94,3.6,15.49
2015,Oeste,Secundaria,12,93.72,4.22,12.95
2013,Norte,Secundaria,15,93.31,3.82,15.12
2010,Este,Secundaria,16,86.37,3.03,18.29
2013,Norte,Primaria,8,94.69,3.86,14.76
2011,Este,Secundaria,13,86.26,3.08,18.6
2020,Sur,Secundaria,13,100.0,5.49,7.81
2023,Costa,Secundaria,17,100.0,6.22,5.98
2015,Sur,Primaria,11,96.27,4.25,12.07
2014,Centro,Primaria,9,97.41,4.05,12.89
2023,Sur,Secundaria,16,100.0,6.19,6.04
2018,Sur,Primaria,6,98.69,4.98,8.04
2021,Norte,Secundaria,17,100.0,5.9,6.74
2013,Centro,Primaria,9,94.66,3.84,14.6
2022,Sur,Primaria,10,100.0,5.98,6.11
2012,Centro,Secundaria,16,92.5,3.52,17.26
2019,Este,Secundaria,15,100.0,5.27,9.89
2019,Norte,Primaria,7,100.0,5.35,8.41
2013,Norte,Primaria,8,93.31,3.98,14.19
2021,Oeste,Secundaria,15,100.0,5.66,7.94
2014,Sur,Primaria,10,93.76,3.96,13.78
2018,Norte,Primaria,11,100.0,5.03,9.85
2015,Este,Primaria,11,93.71,4.32,13.04
2011,Este,Secundaria,15,88.33,3.21,19.14
2012,Costa,Primaria,11,91.31,3.57,16.13
2013,Costa,Primaria,9,91.64,3.66,15.67
2016,Costa,Primaria,11,97.68,4.63,11.23
2015,Este,Primaria,9,94.41,4.28,12.38
2021,Este,Primaria,11,100.0,5.76,6.17
2016,Norte,Secundaria,12,95.3,4.58,12.19
2017,Norte,Primaria,6,98.94,4.85,11.16
2021,Este,Primaria,11,100.0,5.8,7.39
2012,Sur,Primaria,6,90.01,3.53,15.82
2019,Centro,Primaria,6,100.0,5.35,7.75
2020,Centro,Primaria,6,100.0,5.55,7.97
2019,Centro,Secundaria,16,100.0,5.24,10.01
2023,Este,Secundaria,12,100.0,6.23,5.76
2011,Norte,Secundaria,17,88.49,3.25,18.44
2016,Oeste,Secundaria,17,96.44,4.55,13.45
2021,Costa,Secundaria,12,100.0,5.66,9.1
2011,Centro,Secundaria,15,90.0,3.31,17.95
2021,Oeste,Secundaria,15,100.0,5.75,9.29
2020,Oeste,Primaria,6,100.0,5.59,7.6
2011,Costa,Secundaria,13,88.75,3.13,18.23
2017,Costa,Primaria,9,98.74,4.74,11.03
2019,Norte,Primaria,10,100.0,5.4,7.58
2021,Norte,Primaria,10,100.0,5.7,7.41
2012,Este,Secundaria,16,90.83,3.58,16.91
2018,Sur,Secundaria,16,97.17,4.78,11.39
2020,Costa,Primaria,11,100.0,5.49,7.67
2022,Norte,Primaria,7,100.0,6.0,4.38
2018,Centro,Secundaria,16,99.26,5.07,11.75
2010,Oeste,Secundaria,13,86.94,3.0,18.29
2013,Norte,Secundaria,15,93.41,3.95,15.13
2019,Oeste,Primaria,8,100.0,5.16,10.09
2020,Este,Secundaria,16,100.0,5.65,8.01
2018,Sur,Primaria,7,100.0,5.08,10.2
2022,Norte,Secundaria,17,100.0,5.96,7.43
2020,Norte,Secundaria,16,100.0,5.58,8.21
2010,Costa,Primaria,10,88.43,3.05,18.44
2013,Este,Secundaria,16,93.47,3.9,16.12
2012,Centro,Primaria,8,90.89,3.66,15.5
2018,Sur,Secundaria,15,97.07,4.92,11.69
2010,Costa,Secundaria,15,86.55,2.96,19.27
2013,Sur,Secundaria,14,91.73,3.76,16.51
2011,Centro,Primaria,7,90.71,3.29,16.93
2020,Este,Primaria,7,100.0,5.55,7.54
2021,Sur,Primaria,9,100.0,5.7,6.49
2011,Costa,Primaria,10,88.46,3.19,17.07
2019,Sur,Secundaria,17,100.0,5.38,10.1
2012,Este,Primaria,7,90.24,3.54,16.53
2022,Sur,Secundaria,14,100.0,6.12,5.93
2023,Centro,Secundaria,12,100.0,6.44,5.13
2017,Costa,Secundaria,16,98.01,4.83,10.7
2020,Este,Primaria,7,100.0,5.48,7.66
2020,Sur,Secundaria,17,100.0,5.41,8.48
2013,Este,Secundaria,16,91.54,3.78,14.39
2015,Oeste,Primaria,6,94.02,4.22,12.23
2014,Norte,Secundaria,16,93.49,3.98,14.1
2023,Sur,Secundaria,14,100.0,6.38,4.63
2016,Sur,Primaria,11,98.02,4.64,11.89
2013,Centro,Secundaria,13,92.46,3.9,15.01
2013,Centro,Secundaria,16,92.41,3.86,14.74
2010,Norte,Primaria,10,89.23,3.05,18.2
2011,Este,Primaria,11,88.73,3.19,17.2
2015,Centro,Primaria,6,96.47,4.38,11.31
2023,Sur,Primaria,11,100.0,6.2,5.74
2017,Norte,Secundaria,16,98.43,4.87,11.12
2012,Costa,Primaria,11,92.16,3.58,15.63
2010,Sur,Primaria,11,87.21,3.12,17.33
2020,Costa,Secundaria,12,100.0,5.5,8.38
2019,Este,Primaria,10,100.0,5.29,8.97
2020,Sur,Secundaria,13,100.0,5.43,8.99
2011,Sur,Secundaria,16,87.76,3.23,16.78
2020,Este,Secundaria,13,100.0,5.44,9.52
2013,Oeste,Primaria,9,94.18,3.85,14.84
2014,Oeste,Primaria,7,93.62,4.02,12.81
2022,Centro,Secundaria,17,100.0,6.0,6.8
2013,Norte,Primaria,7,92.74,3.83,13.9
2018,Centro,Primaria,10,100.0,5.2,9.69
2018,Este,Primaria,10,100.0,5.08,8.64
2011,Costa,Secundaria,17,88.99,3.2,18.76
2023,Sur,Secundaria,13,100.0,6.25,5.01
2015,Oeste,Secundaria,13,94.19,4.25,14.16
2015,Centro,Primaria,6,96.84,4.3,13.44
2012,Norte,Secundaria,12,91.03,3.6,17.74
2013,Norte,Primaria,9,93.22,3.73,15.25
2017,Costa,Secundaria,15,95.92,4.72,12.03
2017,Costa,Primaria,11,97.92,4.65,11.74
2014,Este,Primaria,7,95.22,4.1,14.46
2012,Sur,Secundaria,13,89.55,3.53,16.85
2023,Centro,Primaria,6,100.0,6.31,5.18
2014,Sur,Secundaria,15,92.7,3.96,16.76
2015,Este,Secundaria,14,94.61,4.39,14.06
2020,Norte,Secundaria,12,100.0,5.45,9.07
2023,Norte,Secundaria,12,100.0,6.32,6.46
2013,Costa,Primaria,10,90.33,3.79,15.19
2014,Norte,Secundaria,14,94.77,4.12,14.58
2016,Centro,Primaria,7,99.13,4.56,12.0
2010,Centro,Primaria,6,88.67,2.94,17.23
2019,Norte,Secundaria,16,100.0,5.27,9.87
2022,Costa,Primaria,8,100.0,6.08,5.77
2012,Oeste,Primaria,10,91.0,3.43,17.19
2015,Este,Secundaria,16,95.87,4.29,14.61
2012,Este,Secundaria,14,90.18,3.51,15.72
2013,Sur,Primaria,10,90.73,3.77,14.58
2023,Oeste,Primaria,8,100.0,6.17,4.96
2018,Costa,Secundaria,17,100.0,5.03,10.88
2022,Este,Secundaria,12,100.0,6.04,6.42
2015,Sur,Secundaria,14,92.43,4.12,14.91
2022,Costa,Secundaria,15,100.0,6.02,5.27
2016,Sur,Secundaria,15,97.11,4.53,13.06
2018,Sur,Primaria,11,99.11,4.98,10.38
2010,Norte,Primaria,6,87.95,3.02,18.18
2017,Centro,Primaria,9,99.04,4.8,11.63
2011,Oeste,Primaria,7,88.7,3.12,16.65
2011,Sur,Secundaria,17,86.9,3.11,17.58
2016,Norte,Primaria,7,97.44,4.41,12.15
2013,Oeste,Secundaria,17,90.97,3.75,16.23
2010,Sur,Primaria,7,87.08,2.95,18.71
2011,Este,Primaria,8,90.0,3.27,16.38
2010,Norte,Primaria,8,91.49,3.27,16.89
2017,Oeste,Primaria,10,97.48,4.73,10.97
2020,Oeste,Secundaria,13,100.0,5.53,7.62
2016,Oeste,Primaria,6,97.27,4.37,13.44
2012,Centro,Secundaria,17,92.3,3.57,17.14
2012,Oeste,Secundaria,12,89.03,3.42,17.75
2017,Centro,Primaria,9,100.0,4.86,9.68
2011,Norte,Primaria,10,90.11,3.24,16.95
2012,Centro,Secundaria,13,91.59,3.54,16.31
2018,Norte,Primaria,10,99.5,5.02,10.36
2010,Costa,Primaria,7,88.27,3.02,16.74
2011,Costa,Primaria,9,90.36,3.15,17.82
2020,Centro,Primaria,6,100.0,5.61,7.56
2010,Sur,Primaria,8,86.74,2.99,18.84
2014,Norte,Primaria,10,95.3,4.08,13.29
2013,Este,Secundaria,12,91.72,3.87,15.52
2017,Sur,Primaria,9,98.77,4.7,10.82
2021,Sur,Primaria,7,100.0,5.71,5.84
2019,Este,Secundaria,15,99.02,5.29,9.23
2019,Oeste,Secundaria,17,100.0,5.3,10.06
2013,Este,Primaria,7,93.47,3.81,15.4
2017,Costa,Primaria,8,99.53,4.75,10.68
2016,Costa,Primaria,10,96.69,4.55,11.49
2013,Este,Primaria,6,91.92,3.71,14.98
2013,Costa,Secundaria,14,91.59,3.81,15.6
2016,Sur,Primaria,11,96.94,4.35,12.49
2013,Oeste,Secundaria,14,91.2,3.83,15.14
2010,Este,Secundaria,14,87.09,2.98,19.11
2019,Oeste,Secundaria,14,100.0,5.21,11.64
2014,Norte,Secundaria,14,93.58,4.05,14.76
2021,Este,Secundaria,16,100.0,5.81,8.31
2016,Norte,Primaria,6,97.96,4.42,10.99
2012,Sur,Primaria,9,88.49,3.41,16.59
2011,Norte,Primaria,10,92.25,3.38,15.96
2019,Oeste,Secundaria,17,100.0,5.25,10.96
2018,Sur,Primaria,8,98.96,4.86,11.12
2022,Este,Secundaria,12,100.0,6.12,7.14
2016,Costa,Primaria,7,97.7,4.65,11.35
2016,Centro,Secundaria,13,97.93,4.53,12.97
2010,Norte,Primaria,9,89.85,3.04,16.57
2015,Sur,Primaria,11,93.77,4.1,13.58
2012,Oeste,Secundaria,15,90.4,3.42,16.23
2011,Norte,Primaria,9,91.51,3.31,17.27
2016,Sur,Secundaria,13,96.03,4.62,12.14
2015,Centro,Primaria,10,96.77,4.24,11.48
2022,Norte,Primaria,9,100.0,6.22,3.25
2017,Centro,Secundaria,12,97.2,4.85,10.58
2010,Costa,Primaria,10,87.05,2.97,18.42
2023,Este,Secundaria,17,100.0,6.23,6.13
2017,Norte,Secundaria,13,98.18,4.87,10.14
2010,Este,Secundaria,16,87.79,2.99,18.24
2013,Norte,Primaria,9,92.55,3.81,15.62
2010,Sur,Primaria,11,87.05,2.93,18.35
2015,Centro,Primaria,11,96.23,4.35,12.9
2020,Costa,Secundaria,17,100.0,5.52,9.06
2022,Sur,Secundaria,14,100.0,5.93,7.82
2012,Costa,Secundaria,14,89.49,3.43,17.71
2018,Sur,Secundaria,16,98.93,5.0,12.66
2012,Costa,Primaria,10,92.13,3.51,15.38
2013,Costa,Secundaria,16,91.43,3.75,15.59
2019,Norte,Primaria,7,100.0,5.17,9.4
2016,Sur,Primaria,9,97.2,4.44,11.81
2013,Oeste,Secundaria,17,90.03,3.66,16.39
2023,Centro,Secundaria,12,100.0,6.26,5.34
2011,Este,Primaria,11,88.43,3.23,18.51
2022,Sur,Secundaria,14,100.0,5.87,7.6
2011,Centro,Secundaria,14,88.95,3.19,17.94
2015,Oeste,Secundaria,14,94.96,4.12,14.72
2015,Oeste,Secundaria,16,94.28,4.29,12.64
2017,Sur,Secundaria,14,97.27,4.68,12.43
2014,Costa,Primaria,6,93.65,3.93,14.79
2016,Este,Secundaria,15,95.53,4.52,12.65
2014,Este,Secundaria,15,92.15,3.86,13.84
2012,Costa,Secundaria,14,91.86,3.61,16.44
2016,Este,Primaria,9,96.26,4.61,11.34
2023,Costa,Secundaria,17,100.0,6.24,5.76
2013,Este,Secundaria,17,91.74,3.8,16.24
2013,Sur,Primaria,11,91.46,3.64,15.31
2022,Costa,Primaria,9,100.0,5.96,8.09
2013,Centro,Secundaria,13,93.11,3.82,15.96
2013,Este,Primaria,9,92.76,3.73,15.62
2011,Norte,Secundaria,14,89.8,3.36,17.74
2014,Sur,Primaria,10,92.5,3.85,16.03
2023,Sur,Secundaria,13,100.0,6.24,5.63
2021,Este,Primaria,10,100.0,5.69,6.49
2022,Norte,Secundaria,15,100.0,6.08,6.77
2011,Este,Secundaria,12,89.82,3.37,17.58
2018,Oeste,Primaria,11,100.0,5.11,8.66
2022,Norte,Primaria,9,100.0,5.96,7.33
2017,Centro,Secundaria,15,99.65,4.9,12.85
2012,Costa,Secundaria,14,91.09,3.61,16.7
2018,Centro,Primaria,6,100.0,5.1,10.23
2010,Este,Secundaria,12,89.15,3.13,17.62
2015,Centro,Primaria,11,97.53,4.28,11.94
2017,Centro,Primaria,8,100.0,4.85,10.35
2022,Este,Primaria,10,100.0,6.2,5.8
2011,Oeste,Primaria,6,90.87,3.28,16.1
2017,Sur,Secundaria,16,97.99,4.77,11.36
2013,Centro,Primaria,8,95.05,3.84,15.4
2021,Norte,Primaria,7,100.0,5.81,6.58
2021,Centro,Primaria,7,100.0,5.92,6.55
2019,Este,Primaria,9,100.0,5.28,8.15
2023,Norte,Secundaria,16,100.0,6.46,5.76
2019,Costa,Primaria,10,100.0,5.19,9.77
2021,Costa,Secundaria,16,100.0,5.68,7.86
2019,Este,Primaria,6,100.0,5.31,8.0
2010,Norte,Primaria,8,88.81,2.96,18.35
2020,Oeste,Primaria,10,100.0,5.52,7.8
2021,Oeste,Secundaria,15,100.0,5.84,7.49
2021,Costa,Primaria,9,100.0,5.89,7.01
2015,Este,Secundaria,12,94.57,4.18,14.39
2019,Costa,Primaria,10,100.0,5.22,8.94
2020,Norte,Primaria,6,100.0,5.64,7.0
2014,Centro,Primaria,10,94.5,4.06,14.45
2021,Sur,Primaria,8,100.0,5.73,8.2
2013,Oeste,Secundaria,13,90.82,3.59,15.83
2021,Costa,Primaria,8,100.0,5.74,7.77
2012,Sur,Secundaria,13,88.29,3.5,18.0
2015,Costa,Primaria,10,95.37,4.2,12.68
2021,Centro,Primaria,9,100.0,5.89,5.72
2012,Norte,Primaria,6,92.03,3.58,15.41
2016,Este,Secundaria,12,95.0,4.5,13.6
2022,Norte,Primaria,7,100.0,6.0,5.12
2010,Centro,Primaria,8,89.15,3.08,17.99
2018,Oeste,Secundaria,17,99.25,5.0,10.42
2018,Sur,Secundaria,12,97.78,4.93,11.84
2013,Oeste,Primaria,11,91.43,3.78,14.11
2022,Costa,Primaria,11,100.0,6.04,7.13
2019,Norte,Secundaria,16,100.0,5.23,10.17
2022,Norte,Secundaria,14,100.0,6.08,6.72
2015,Costa,Secundaria,17,95.12,4.33,13.61
2023,Centro,Primaria,9,100.0,6.4,5.89
2015,Este,Primaria,11,95.04,4.25,11.99
2022,Costa,Secundaria,17,100.0,5.89,7.98
2020,Costa,Primaria,7,100.0,5.51,9.0
2012,Norte,Secundaria,15,91.06,3.59,15.7
2022,Centro,Secundaria,17,100.0,6.19,5.83
2017,Costa,Secundaria,15,97.05,4.74,11.57
2012,Centro,Primaria,7,92.02,3.6,15.35
2019,Oeste,Primaria,8,100.0,5.25,9.11
2014,Norte,Primaria,8,94.83,4.18,15.02
2019,Oeste,Primaria,11,100.0,5.3,8.52
2010,Oeste,Primaria,10,87.82,3.13,16.85
2015,Sur,Secundaria,17,93.37,4.16,15.54
2014,Oeste,Primaria,8,94.19,4.06,13.77
2010,Sur,Secundaria,15,87.24,2.97,18.18
2023,Oeste,Primaria,8,100.0,6.34,5.48
2022,Sur,Primaria,7,100.0,5.91,6.85
2016,Norte,Secundaria,17,98.14,4.63,12.24
2020,Este,Primaria,7,100.0,5.58,7.58
2011,Centro,Primaria,9,89.95,3.28,17.06
2022,Oeste,Secundaria,17,100.0,5.98,7.14
2010,Oeste,Primaria,6,87.18,2.96,18.11
2015,Centro,Secundaria,14,95.83,4.31,14.87
2017,Norte,Secundaria,15,98.44,4.77,11.04
2013,Centro,Primaria,11,91.8,3.74,14.78
2017,Sur,Secundaria,14,96.98,4.73,11.42
2021,Este,Secundaria,14,100.0,5.78,7.81
2023,Norte,Secundaria,14,100.0,6.34,4.98
2019,Este,Secundaria,13,100.0,5.27,11.07
2013,Este,Primaria,8,91.86,3.8,15.6
2019,Centro,Primaria,6,100.0,5.3,9.68
2015,Sur,Secundaria,15,94.48,4.13,13.95
2010,Costa,Secundaria,15,88.63,3.03,19.01
2023,Sur,Primaria,6,100.0,6.23,4.89
2011,Sur,Secundaria,15,88.14,3.24,18.75
2020,Costa,Secundaria,13,100.0,5.53,8.36
2020,Este,Primaria,11,100.0,5.43,7.57
2014,Este,Primaria,9,94.54,3.93,13.45
2022,Sur,Primaria,11,100.0,5.89,6.5
2013,Oeste,Secundaria,13,92.73,3.87,15.69
2014,Costa,Primaria,7,93.7,4.05,13.51
2020,Costa,Primaria,8,100.0,5.41,7.75
2022,Norte,Secundaria,14,100.0,6.15,7.72
2012,Oeste,Secundaria,13,90.77,3.53,16.53
2012,Costa,Secundaria,13,89.22,3.46,17.65
2012,Norte,Primaria,7,91.54,3.63,14.96
2018,Centro,Secundaria,13,99.78,5.11,9.6
2013,Este,Secundaria,17,92.24,3.78,16.43
2014,Sur,Primaria,6,91.83,3.97,14.0
2018,Sur,Primaria,6,98.16,5.04,9.45
2017,Centro,Secundaria,15,98.77,4.9,10.59
2016,Norte,Primaria,6,97.4,4.44,12.12
2012,Este,Primaria,8,91.46,3.48,15.79
2017,Sur,Primaria,8,98.14,4.81,11.69
2015,Oeste,Secundaria,15,94.48,4.4,13.39
2017,Sur,Secundaria,15,96.9,4.61,12.78
2016,Este,Secundaria,12,96.88,4.62,12.2
2023,Este,Primaria,8,100.0,6.16,3.78
2018,Costa,Secundaria,14,99.6,5.1,10.72
2021,Este,Primaria,6,100.0,5.76,7.61
2012,Este,Primaria,7,90.85,3.62,15.09
2019,Costa,Primaria,9,100.0,5.3,9.2
2018,Centro,Primaria,10,100.0,5.04,9.15
2022,Oeste,Secundaria,15,100.0,5.9,8.31
2012,Oeste,Primaria,7,89.78,3.38,16.78
2010,Costa,Primaria,9,87.34,2.86,20.52
2023,Este,Secundaria,17,100.0,6.02,7.47
2023,Centro,Primaria,9,100.0,6.27,4.47
2013,Costa,Primaria,11,92.74,3.76,14.41
2017,Centro,Secundaria,13,98.49,4.82,10.88
2011,Sur,Secundaria,13,89.32,3.24,18.73
2014,Costa,Primaria,10,94.62,3.96,13.31
2013,Costa,Primaria,6,93.52,3.8,14.84
2019,Oeste,Secundaria,16,99.96,5.26,9.56
2017,Costa,Secundaria,12,98.7,4.72,11.39
2011,Sur,Secundaria,16,87.44,3.1,18.44
2016,Costa,Secundaria,12,94.38,4.35,13.26
2021,Sur,Primaria,7,100.0,5.75,7.98
2019,Oeste,Secundaria,12,100.0,5.22,10.25
2012,Sur,Primaria,8,89.01,3.3,18.07
2011,Oeste,Secundaria,13,88.33,3.16,18.85
2020,Centro,Primaria,11,100.0,5.57,7.39
2015,Costa,Secundaria,15,95.93,4.37,13.21
2011,Norte,Primaria,10,92.36,3.41,15.38
2017,Este,Secundaria,17,97.17,4.76,11.58
2011,Costa,Secundaria,13,88.43,3.3,16.31
2023,Centro,Primaria,6,100.0,6.23,4.54
2017,Este,Primaria,10,97.81,4.74,11.14
2022,Centro,Secundaria,17,100.0,6.07,6.7
2014,Sur,Secundaria,13,90.42,3.84,15.76
2018,Costa,Secundaria,13,100.0,5.1,10.21
2014,Oeste,Primaria,8,92.72,3.94,14.0
2014,Este,Primaria,8,95.28,4.13,13.81
2023,Oeste,Secundaria,15,100.0,6.1,7.11
2011,Oeste,Primaria,9,88.77,3.3,16.99
2015,Sur,Secundaria,14,95.13,4.26,15.01
2018,Norte,Primaria,8,100.0,4.99,9.67
2020,Sur,Primaria,7,100.0,5.47,8.97
2017,Norte,Secundaria,16,99.14,4.85,11.74
2013,Centro,Secundaria,15,92.91,3.9,15.81
2016,Norte,Primaria,10,98.6,4.54,13.12
2018,Sur,Secundaria,12,97.29,4.88,11.42
2020,Centro,Secundaria,13,100.0,5.52,8.53
2021,Oeste,Primaria,6,100.0,5.74,7.1
2016,Este,Primaria,10,97.51,4.48,11.78
2014,Este,Primaria,7,93.98,4.02,12.6
2020,Costa,Secundaria,17,100.0,5.31,8.57
2011,Este,Secundaria,12,88.56,3.25,17.89
2014,Norte,Secundaria,13,93.93,3.93,14.34
2022,Centro,Secundaria,16,100.0,6.11,6.83
2014,Sur,Secundaria,13,93.34,4.06,14.56
2017,Costa,Secundaria,13,97.11,4.78,11.76
2022,Costa,Primaria,7,100.0,5.98,7.52
2017,Oeste,Primaria,9,98.57,4.8,10.58
2018,Este,Secundaria,14,97.68,4.86,12.14
2015,Centro,Secundaria,12,96.12,4.31,14.09
2023,Sur,Primaria,11,100.0,6.28,5.42
2023,Norte,Primaria,11,100.0,6.28,4.13
2010,Centro,Primaria,8,89.03,2.95,17.71
2023,Sur,Secundaria,16,100.0,6.12,6.01
2022,Sur,Primaria,8,100.0,5.99,5.29
2020,Centro,Secundaria,12,100.0,5.64,7.44
2010,Costa,Primaria,10,88.39,3.01,17.98
2015,Centro,Primaria,7,97.41,4.43,12.73
2020,Sur,Secundaria,15,100.0,5.46,9.4
2019,Centro,Primaria,9,100.0,5.37,9.84
2018,Costa,Secundaria,16,100.0,5.08,10.06
2014,Centro,Secundaria,16,94.42,3.96,14.92
2011,Este,Primaria,10,91.76,3.49,15.2
2018,Centro,Primaria,6,100.0,5.13,9.87
2014,Costa,Primaria,11,95.11,4.18,13.48
2022,Norte,Primaria,11,100.0,6.09,5.88
2016,Sur,Primaria,11,98.68,4.56,12.52
2010,Centro,Primaria,9,90.73,3.15,16.84
2017,Costa,Secundaria,12,97.84,4.79,10.43
2021,Este,Secundaria,12,100.0,5.79,9.3
2016,Sur,Primaria,6,96.11,4.44,11.52
2018,Costa,Secundaria,16,100.0,5.12,9.92
2010,Este,Primaria,9,88.08,3.1,16.71
2010,Norte,Secundaria,15,87.79,3.21,17.52
2023,Oeste,Secundaria,12,100.0,6.11,5.17
2010,Norte,Secundaria,12,87.13,2.93,19.11
2014,Oeste,Secundaria,12,94.5,4.02,14.54
2014,Este,Secundaria,12,94.3,4.16,13.44
2020,Centro,Primaria,9,100.0,5.51,7.35
2022,Sur,Secundaria,15,100.0,5.87,7.89
2023,Centro,Secundaria,14,100.0,6.28,5.61
2018,Norte,Secundaria,16,100.0,5.07,11.46
2023,Sur,Primaria,11,100.0,6.29,5.86
2022,Costa,Secundaria,17,100.0,6.0,7.36
2012,Norte,Secundaria,17,91.08,3.6,17.41
2017,Costa,Primaria,6,96.89,4.62,10.88
2022,Centro,Secundaria,15,100.0,5.95,6.29
2011,Este,Primaria,7,90.18,3.3,16.8
2017,Oeste,Primaria,7,99.35,4.75,11.09
2022,Este,Primaria,7,100.0,5.97,4.77
2019,Oeste,Primaria,11,100.0,5.25,8.38
2015,Sur,Secundaria,12,94.72,4.21,13.67
2013,Este,Primaria,7,92.72,3.83,14.39
2018,Este,Secundaria,13,98.96,4.98,12.3
2012,Costa,Secundaria,12,91.13,3.5,17.76
2021,Costa,Primaria,6,100.0,5.89,5.93
2018,Sur,Secundaria,17,98.18,4.89,10.87
2020,Oeste,Primaria,10,100.0,5.44,8.14
2022,Costa,Secundaria,13,100.0,5.96,6.96
2022,Este,Primaria,6,100.0,6.09,4.2
2015,Sur,Primaria,7,95.23,4.13,12.9
2019,Costa,Primaria,8,100.0,5.15,8.9
2023,Centro,Primaria,7,100.0,6.29,3.38
2018,Sur,Secundaria,12,96.53,4.84,12.47
2019,Costa,Secundaria,13,100.0,5.27,9.93
2015,Costa,Primaria,6,95.43,4.4,12.54
2010,Norte,Secundaria,13,89.09,3.13,19.64
2011,Este,Secundaria,14,89.73,3.32,19.12
2023,Centro,Primaria,7,100.0,6.39,3.78
2013,Sur,Primaria,10,92.35,3.67,15.99
2011,Sur,Primaria,11,86.48,3.08,17.59
2012,Oeste,Secundaria,17,89.68,3.39,17.09
2013,Norte,Secundaria,15,93.92,3.9,14.14
2020,Este,Secundaria,14,98.69,5.41,8.11
2017,Este,Primaria,9,99.95,4.91,11.64
2015,Norte,Primaria,6,96.66,4.24,12.66
2023,Centro,Secundaria,16,100.0,6.32,5.23
2018,Oeste,Secundaria,13,97.78,4.91,11.62
2011,Sur,Secundaria,13,86.71,3.1,18.68
2010,Este,Secundaria,14,87.42,2.99,19.2
2014,Costa,Secundaria,15,92.65,3.98,14.93
2016,Sur,Primaria,11,94.64,4.43,13.06
2010,Norte,Secundaria,12,88.17,3.11,18.4
2022,Norte,Primaria,8,100.0,6.09,6.3
2011,Sur,Primaria,8,90.13,3.31,16.35
2011,Norte,Primaria,9,90.38,3.29,17.81
2016,Este,Secundaria,12,96.08,4.45,13.28
2022,Este,Secundaria,16,100.0,5.97,6.51
2018,Este,Primaria,10,100.0,5.02,9.59
2017,Oeste,Secundaria,14,98.34,4.82,11.62
2017,Sur,Secundaria,13,96.74,4.71,13.02
2014,Sur,Primaria,8,93.61,3.92,13.49
2010,Norte,Primaria,8,88.98,3.09,18.01
2015,Centro,Secundaria,12,94.52,4.25,13.23
2016,Sur,Primaria,6,96.81,4.42,12.4
2011,Sur,Primaria,11,89.05,3.15,18.09
2016,Sur,Primaria,8,95.0,4.37,11.02
2020,Costa,Secundaria,17,100.0,5.55,7.57
2023,Centro,Primaria,6,100.0,6.28,5.25
2020,Oeste,Primaria,7,100.0,5.42,7.68
2014,Este,Primaria,10,93.84,3.94,14.14
2012,Costa,Secundaria,16,88.53,3.52,16.86
2018,Centro,Primaria,7,100.0,5.01,12.04
2011,Costa,Primaria,11,89.04,3.42,16.04
2016,Este,Primaria,9,96.17,4.44,11.91
2015,Sur,Secundaria,16,94.08,4.27,13.23
2020,Este,Primaria,8,100.0,5.57,8.43
2016,Centro,Secundaria,17,96.47,4.67,11.71
2018,Norte,Primaria,6,100.0,5.09,9.39
2011,Oeste,Primaria,10,88.86,3.15,17.33
2023,Sur,Primaria,11,100.0,6.37,4.33
2021,Costa,Secundaria,16,100.0,5.77,7.85
2018,Costa,Secundaria,14,98.69,4.91,11.75
2018,Centro,Primaria,10,100.0,5.2,9.96
2014,Este,Secundaria,16,92.36,4.02,13.98
2017,Oeste,Primaria,6,97.06,4.67,11.32
2015,Sur,Primaria,11,94.05,4.25,12.93
2018,Oeste,Secundaria,16,99.38,4.98,10.45
2021,Sur,Primaria,8,100.0,5.75,5.83
2014,Este,Secundaria,12,93.03,4.02,13.8
2015,Costa,Secundaria,15,94.65,4.33,14.98
2022,Norte,Secundaria,13,100.0,6.11,6.74
2022,Centro,Primaria,6,100.0,6.07,5.57
2019,Sur,Secundaria,12,99.52,5.2,9.76
2016,Centro,Primaria,7,99.58,4.69,9.74
2010,Centro,Primaria,7,89.91,3.1,17.59
2023,Centro,Primaria,8,100.0,6.3,4.75
2015,Oeste,Secundaria,13,94.86,4.24,13.63
2012,Sur,Secundaria,15,88.48,3.5,16.09
2011,Oeste,Secundaria,13,89.52,3.26,18.16
2020,Centro,Secundaria,14,100.0,5.5,7.7
2010,Este,Secundaria,17,86.17,2.94,18.17
2016,Norte,Secundaria,13,95.53,4.55,12.87
2013,Costa,Primaria,6,93.46,3.82,14.32
2013,Oeste,Secundaria,16,90.85,3.74,16.78
2016,Sur,Primaria,11,98.88,4.57,11.94
2018,Sur,Secundaria,17,99.96,5.08,10.34
2015,Costa,Primaria,11,94.83,4.32,14.05
2010,Oeste,Primaria,7,87.7,2.99,18.69
2011,Centro,Secundaria,16,89.31,3.34,18.41
2012,Sur,Primaria,7,90.28,3.38,16.38
2020,Sur,Secundaria,15,100.0,5.47,8.27
2021,Este,Secundaria,14,100.0,5.69,7.27
2017,Centro,Secundaria,12,99.42,4.92,10.83
2017,Centro,Secundaria,15,99.57,4.72,12.55
2022,Sur,Secundaria,16,100.0,6.05,7.33
2014,Costa,Secundaria,17,93.98,3.99,14.41
2019,Norte,Secundaria,12,100.0,5.27,10.55
2012,Este,Secundaria,17,90.59,3.54,16.49
2014,Oeste,Primaria,9,93.2,3.99,14.94
2012,Sur,Secundaria,15,89.26,3.46,16.56
2016,Este,Secundaria,16,95.34,4.42,13.07
2013,Norte,Secundaria,15,91.31,3.6,15.48
2022,Centro,Secundaria,17,100.0,6.18,7.88
2016,Centro,Secundaria,15,97.53,4.6,11.83
2011,Norte,Secundaria,13,90.74,3.38,17.43
2010,Costa,Primaria,7,85.97,2.81,18.4
2023,Costa,Primaria,9,100.0,6.22,5.16
2012,Norte,Secundaria,15,90.96,3.5,16.74
2018,Oeste,Primaria,9,99.68,4.99,10.53
2015,Este,Secundaria,16,95.87,4.35,12.99
2014,Este,Primaria,7,94.03,3.93,14.97
2022,Sur,Secundaria,14,100.0,5.99,7.68
2018,Sur,Secundaria,17,98.89,4.99,10.33
2022,Costa,Primaria,11,100.0,5.84,7.27
2012,Sur,Secundaria,16,89.45,3.44,17.28
2023,Norte,Secundaria,14,100.0,6.33,4.3
2010,Centro,Secundaria,15,88.6,3.08,19.07
2013,Norte,Secundaria,17,92.71,3.86,15.15
2017,Costa,Primaria,6,98.83,4.85,11.03
2011,Centro,Secundaria,14,88.54,3.41,17.05
2010,Norte,Secundaria,17,89.66,3.17,18.27
2021,Costa,Secundaria,15,100.0,5.82,8.08
2012,Oeste,Primaria,6,91.07,3.47,16.66
2019,Centro,Secundaria,13,100.0,5.3,9.25
2020,Oeste,Primaria,9,100.0,5.38,7.42
2013,Norte,Secundaria,16,91.86,3.67,15.97
2022,Oeste,Secundaria,14,100.0,5.93,7.29
2016,Este,Secundaria,14,97.44,4.55,12.58
2012,Centro,Primaria,10,91.2,3.59,15.05
2022,Oeste,Primaria,9,100.0,5.97,6.39
2020,Oeste,Primaria,6,100.0,5.54,9.27
2021,Costa,Secundaria,15,100.0,5.82,5.99
2012,Este,Secundaria,17,90.99,3.51,16.1
2023,Centro,Primaria,9,100.0,6.34,4.59
2023,Sur,Primaria,10,100.0,6.08,6.27
2016,Norte,Secundaria,14,96.98,4.66,12.76
2023,Oeste,Secundaria,17,100.0,6.21,6.62
2012,Este,Primaria,10,89.49,3.32,17.71
2015,Oeste,Secundaria,13,94.54,4.23,15.0
2017,Centro,Primaria,8,99.11,4.83,10.73
2020,Oeste,Primaria,11,100.0,5.53,7.69
2011,Oeste,Primaria,7,89.47,3.23,15.82
2010,Costa,Secundaria,17,87.33,3.04,19.22
2011,Centro,Primaria,8,91.24,3.31,17.65
2011,Costa,Primaria,7,89.82,3.32,16.72
2011,Costa,Secundaria,15,88.89,3.16,18.84
2020,Costa,Primaria,8,100.0,5.49,7.83
2013,Costa,Secundaria,17,92.19,3.77,15.9
2014,Norte,Primaria,10,94.78,4.05,13.23
2012,Costa,Secundaria,17,88.65,3.57,17.96
2023,Costa,Primaria,6,100.0,6.28,6.05
2013,Oeste,Secundaria,12,90.35,3.74,14.8
2019,Sur,Secundaria,15,100.0,5.22,10.16
2019,Sur,Primaria,11,100.0,5.24,9.1
2015,Centro,Primaria,11,96.75,4.4,12.53
2019,Norte,Secundaria,12,100.0,5.25,10.52
2018,Este,Primaria,11,100.0,5.02,9.77
2010,Sur,Secundaria,17,84.82,2.93,19.56
2019,Costa,Secundaria,16,99.52,5.22,9.71
2022,Oeste,Secundaria,12,100.0,5.98,8.55
2018,Norte,Secundaria,14,99.7,5.08,10.18
2021,Centro,Primaria,11,100.0,5.75,6.27
2021,Sur,Secundaria,17,100.0,5.68,8.39
2023,Costa,Primaria,7,100.0,6.33,3.92
2020,Oeste,Primaria,8,100.0,5.53,7.45
2013,Costa,Secundaria,12,89.31,3.6,16.2
2022,Norte,Primaria,8,100.0,6.03,5.88
2020,Sur,Primaria,8,100.0,5.48,8.23
2015,Sur,Secundaria,13,93.14,4.1,14.53
2017,Este,Secundaria,13,97.89,4.79,11.63
2018,Costa,Secundaria,17,98.05,5.12,10.98
2019,Sur,Primaria,11,100.0,5.24,9.04
2015,Costa,Secundaria,15,93.21,4.18,14.66
2022,Oeste,Primaria,9,100.0,6.0,6.31
2010,Norte,Secundaria,12,88.01,2.94,19.44
2011,Costa,Primaria,9,88.59,3.24,16.12
2023,Este,Primaria,6,100.0,6.12,5.17
2021,Centro,Primaria,6,100.0,5.81,7.32
2013,Este,Primaria,10,90.75,3.62,15.51
2022,Este,Primaria,10,100.0,5.97,5.39
2015,Norte,Secundaria,15,95.37,4.29,14.23
2019,Norte,Secundaria,12,100.0,5.4,9.65
2015,Oeste,Secundaria,17,93.93,4.25,14.02
2015,Costa,Secundaria,13,95.7,4.39,12.96
2018,Este,Primaria,11,99.93,5.13,10.05
2017,Costa,Primaria,7,98.95,4.76,10.9
2014,Costa,Primaria,10,94.1,4.05,13.55
2011,Centro,Secundaria,12,90.25,3.27,18.08
2012,Centro,Primaria,9,93.58,3.6,15.21
2020,Sur,Secundaria,12,100.0,5.41,9.67
2013,Sur,Primaria,9,91.89,3.62,15.42
2017,Este,Secundaria,14,98.47,4.85,11.78
2023,Costa,Secundaria,12,100.0,6.2,5.08
2018,Oeste,Secundaria,14,99.61,5.0,10.48
2013,Centro,Secundaria,16,91.79,3.82,14.94
2019,Costa,Secundaria,16,100.0,5.32,8.57
2012,Centro,Secundaria,14,91.37,3.63,17.2
2011,Sur,Secundaria,17,85.12,3.08,18.21
2021,Costa,Secundaria,15,100.0,5.78,8.05
2010,Este,Primaria,8,89.67,3.24,16.28
2018,Centro,Primaria,6,100.0,5.16,9.04
2011,Norte,Secundaria,16,89.22,3.41,18.45
2021,Sur,Primaria,11,100.0,5.75,8.32
2011,Norte,Primaria,9,91.75,3.45,16.36
2017,Costa,Secundaria,15,97.71,4.71,12.38
2021,Sur,Secundaria,13,100.0,5.65,7.12
2011,Centro,Primaria,8,91.51,3.32,17.27
2011,Centro,Secundaria,12,88.46,3.24,18.39
2012,Sur,Secundaria,16,88.43,3.37,17.94
2015,Centro,Primaria,9,97.23,4.44,12.45
2011,Este,Secundaria,12,88.79,3.22,17.54
2019,Este,Primaria,11,100.0,5.22,8.41
2010,Sur,Secundaria,15,87.61,3.05,18.0
2013,Este,Secundaria,15,92.29,3.82,14.93
2010,Sur,Secundaria,16,86.09,2.91,19.74
2022,Sur,Primaria,9,100.0,5.9,7.4
2013,Este,Secundaria,17,91.74,3.76,14.73
2022,Centro,Primaria,7,100.0,6.11,5.18
2022,Centro,Primaria,8,100.0,6.18,4.94
2015,Este,Secundaria,17,94.54,4.31,13.15
2010,Este,Primaria,8,88.17,2.95,18.64
2018,Norte,Primaria,11,100.0,5.06,10.41
2012,Sur,Secundaria,17,87.78,3.34,17.65
2020,Oeste,Secundaria,17,100.0,5.43,8.61
2023,Costa,Secundaria,14,100.0,6.38,5.37
2023,Costa,Secundaria,15,100.0,6.15,5.49
2015,Centro,Secundaria,14,95.66,4.31,12.74
2019,Norte,Primaria,9,100.0,5.39,8.5
2022,Centro,Primaria,8,100.0,6.12,5.85
2016,Costa,Secundaria,16,96.4,4.48,12.5
2014,Norte,Primaria,11,94.22,4.02,14.06
2010,Norte,Secundaria,13,88.06,3.01,19.16
2011,Costa,Primaria,8,89.61,3.31,17.55
2018,Sur,Secundaria,17,97.8,4.94,10.85
2013,Costa,Primaria,6,93.66,3.78,14.5
2019,Costa,Primaria,9,100.0,5.3,8.74
2012,Este,Secundaria,16,89.48,3.41,17.43
2019,Costa,Primaria,10,100.0,5.11,8.98
2013,Oeste,Secundaria,15,91.86,3.76,15.68
2014,Sur,Primaria,9,93.39,4.03,13.97
2011,Oeste,Secundaria,16,88.03,3.23,17.01
2022,Centro,Secundaria,15,100.0,6.16,6.38
2012,Oeste,Secundaria,17,88.97,3.35,16.58
2018,Oeste,Secundaria,15,98.5,4.95,11.35
2023,Este,Secundaria,17,100.0,6.23,4.96
2015,Este,Secundaria,15,94.59,4.23,13.04
2010,Norte,Primaria,6,88.37,3.11,18.36
2013,Centro,Secundaria,17,92.37,3.64,15.61
2018,Costa,Primaria,7,99.39,4.96,9.42
2010,Oeste,Primaria,7,87.92,3.06,18.25
2013,Este,Primaria,7,91.8,3.75,14.19
2019,Sur,Primaria,10,99.79,5.11,9.64
2023,Costa,Secundaria,15,100.0,6.27,6.33
2014,Este,Primaria,10,93.66,3.92,13.92
2019,Costa,Secundaria,16,100.0,5.32,9.33
2021,Centro,Primaria,11,100.0,5.79,6.88
2014,Sur,Secundaria,12,91.27,4.06,15.34
2014,Oeste,Secundaria,15,93.51,4.0,14.4
2021,Norte,Secundaria,16,100.0,5.73,7.22
2014,Oeste,Secundaria,17,91.78,3.96,14.86
2023,Sur,Secundaria,13,100.0,6.19,6.13
2020,Centro,Secundaria,13,100.0,5.64,8.91
2022,Oeste,Primaria,9,100.0,5.86,6.03
2015,Norte,Primaria,7,94.81,4.39,12.38
2020,Este,Secundaria,14,100.0,5.45,8.2
2023,Norte,Secundaria,14,100.0,6.18,6.47
2013,Costa,Secundaria,12,91.98,3.73,15.38
2017,Norte,Primaria,10,100.0,4.76,11.47
2011,Este,Secundaria,16,89.02,3.28,18.16
2023,Oeste,Primaria,6,100.0,6.35,4.51
2012,Sur,Secundaria,13,88.56,3.44,15.9
2011,Este,Primaria,6,89.38,3.41,16.59
2020,Sur,Secundaria,13,100.0,5.61,8.95
2010,Costa,Primaria,10,88.51,3.16,16.38
2022,Centro,Secundaria,12,100.0,6.12,6.08
2010,Costa,Primaria,7,88.96,3.11,16.98
2018,Costa,Secundaria,12,99.52,5.1,9.13
2022,Norte,Secundaria,13,100.0,6.18,5.12
2023,Costa,Primaria,11,100.0,6.25,5.36
2016,Este,Secundaria,12,95.65,4.63,10.65
2019,Este,Secundaria,13,100.0,5.35,9.56
2020,Este,Primaria,9,100.0,5.55,6.91
